Lon,Lat,V_E,V_N,S_E,S_N
9.23691719947781,46.396359653212,0.0881396462538224,0.666438803945153,0.431679946829368,0.235248140068958
28.3564650325335,50.2498813243264,-0.941074675268294,0.0470660596411829,0.0468235362711537,0.0791502950622598
36.1565840218228,38.7454843345598,-17.3655744299122,7.17043940405078,0.19896036547107,0.0587570879165236
8.22591755308384,50.3635646542824,-0.0696818245824702,-0.0656008927861562,0.00535967173917737,0.0627686976426726
103.401742479085,36.9755659105617,8.11459079849943,1.30159044364404,0.0770877458735655,0.322494564136851
-8.50298459594356,37.1245747026394,-1.42026235114469,0.998812983199166,0.0190760839991826,0.0107301801832378
3.7239275545389,46.1012402711121,0.310845915053097,0.105861054782964,0.148183978931069,0.100361825336147
17.1858801657943,48.5557373863029,-0.00666781952521643,0.153107400083957,0.0101450325731246,0.0129603804477016
-8.59792321197772,37.2861748814116,-1.26703937836146,0.958405460806674,0.0146133783909435,0.024608086724649
-1.80779588938219,38.0447494415438,-0.736565585952693,0.0767439559843489,0.112761493664531,0.186653528391151
-4.1652453369987,40.3873315524192,-0.45112825694389,0.150439872079273,0.0296986028536499,0.0315466349751376
10.6066439514489,48.5372995344389,0.00206513013927918,0.208751946162448,0.0282195385572652,0.0570835195886304
-1.96178352145704,36.9639839117159,-1.23596530429682,1.50814409434645,0.0506054674597434,0.123053209879533
7.10066285664041,49.8370002072403,-0.14368985318668,-0.169681654441675,0.0850756437983428,0.0721023367901667
0.91928930006066,48.3735196592142,0.427218118210122,-0.305225224827041,0.298015715626065,0.366254647357448
7.26356408236571,53.8034790347109,-0.314929044396694,0.0154648535355388,0.0213176821972127,0.0710464974379272
14.5781999668731,49.0334262695209,-0.060363878913729,0.0452048293290388,0.00701546622359554,0.025375802202395
13.5027676350842,43.4437455936595,1.59242456736019,3.52283381071284,0.0601485873194923,0.158509962255498
28.9645847076726,38.0351504266644,-22.9498472091981,-11.5836788632227,0.026515873313705,0.12644145216851
28.8116210621032,39.8575120276447,-22.2490592805795,-4.72261516912738,0.485053044008169,0.145591860827918
36.4956220089773,39.4323901087955,-18.980832262113,7.33847850565882,0.427448365301807,0.263326934338122
29.5309095638436,39.9036875371151,-23.0093251991002,-3.2636528640838,0.360258264123704,0.0432215990316627
48.3052686267416,38.8998448062745,4.48831588695233,12.6509751709246,1.15348844124628,0.799048875857404
32.8270853762614,40.9772051484287,-7.81586863085308,-0.631369614007238,1.25425433636749,0.166687232057819
29.9534919365648,40.7869773265954,-6.67473696821354,-0.806017302366181,0.0577707792379371,0.4116284905619
35.7076037791864,39.7911844779077,-20.7010472288655,6.30996937182414,0.0691199613021221,0.0188965134051002
73.1246671634294,41.0623611622088,-2.37425954777656,5.92030405429752,0.361566223775982,0.323965615174008
11.9818175388412,57.7378964533301,-0.701493999492712,-0.683828118361081,0.03601669129246,0.00553902387196204
110.914057739191,38.5278734878854,3.31846669743793,-1.61417116240268,0.0467863732544584,0.0167318493838316
96.7212030059103,47.4841690827642,1.91513917574793,0.986056258957137,0.177222043715937,0.0393312769752036
105.193287555575,39.6509963280907,4.0597963708639,-0.15207494653741,0.109638603238274,0.106405677654132
113.856431980696,41.0559720193157,2.09560985292378,-1.21184210256606,0.0509137872716714,0.0492464100354477
122.085663587551,42.7410056620731,0.572803326111851,-0.296975024091652,0.0870402113277816,0.0209076752190722
49.8411674696973,35.0334555018537,-2.10912643638261,12.3597587837977,0.248467085910295,0.181620961834318
111.19775966743,35.9211944700969,4.7592659323582,-1.84342874626652,0.0744007960676975,0.0625895511642543
119.982692133316,33.4855760630499,3.56824843585051,-2.39750036807309,0.13723373424285,0.00825390710088443
48.4329242928003,32.584935526462,-3.82366854763005,16.9415887913602,0.0534228138705067,0.407546486041557
80.0130370676224,41.4809567087431,1.6260245378926,12.56158332355,0.0582388313116573,0.128154397539137
104.779362804718,28.6383272366669,6.51615508298423,-2.72643318737439,0.0378514870549831,0.0173987236613766
104.481524642666,21.6439555684713,5.93950820780088,-3.42230063459943,0.356934011183892,0.066313761339653
112.576964700348,34.7181297179635,4.64651887738205,-2.20425980328115,0.00375821470124854,0.0166233983407302
97.6046523153805,24.5579941948982,-4.66637124864527,-1.44213575040103,0.130834108424764,0.689075780592032
-16.416385134596,28.179793718063,-4.17297630603246,0.788179432757071,0.246730778819953,0.0934931406904325
-4.80027611364216,32.790650510168,-3.63506495948813,1.93668597903362,0.034225253071128,0.164001200090542
41.9592157687102,12.3575777637827,11.7928060889916,13.6208126481949,1.80793430376189,1.64916657023695
25.4563574876918,37.2369328927971,-16.8648409762601,-27.0525028771797,0.364600702334011,0.42501935818378
22.8920072913799,38.2946323844645,-15.5547457776831,-22.5272295600161,0.480852471543291,0.268392504350487
27.7712907058087,40.0855993532716,-20.5527889221989,-6.57500621846084,0.357655058975789,0.243041840984148
30.5772158648847,36.9009438767658,-14.4543652505724,-6.35231190329084,0.0650650235405052,0.30618835038962
33.652281172932,37.2547365008685,-14.5673434404401,3.77355139940292,0.046244863882447,0.577374153428893
20.4513471719009,46.2665006808214,0.225504134275942,0.241336688682417,0.0324262312253919,0.0502605544013932
20.701740448043,40.8989762081303,0.389821839874523,-2.5097943834744,0.129715258593985,0.0763124650749927
21.6938310241858,38.8528966044482,-8.96944499512128,-8.35442751726971,0.147674403320458,1.51673813186747
8.38781543711447,34.1471782105303,-3.44609412006596,1.52413941068396,0.0617236181648551,0.494882706575019
19.7916976819265,41.3332235755041,-0.735927521799956,0.205630704499788,0.461766067973948,0.0921400108804194
15.2677792909215,40.3927343046651,-0.823886359487724,2.25471745529263,0.362481110104118,0.227485497205937
12.6871324179127,41.7400510686187,-0.902236332653179,1.30361841536392,0.0575501854282376,0.155571100309717
-5.65297130640665,39.8775442568146,-0.765690645995151,0.415382900040147,0.0237493241993253,0.0571927352332168
-8.78006584325592,37.7246918919568,-1.24175787858431,0.808603528154029,0.016515230878241,0.00189313198650323
-1.35102106667985,49.2665194727291,0.0598027887918871,0.106633571173966,0.0581320817026077,0.0116836031358539
2.71634537684935,43.2863848039911,0.0376037674816457,-0.134519569926644,0.05852597722813,0.119199040567607
-8.76803984988191,42.0237325846375,-0.188736747777262,0.567273763375907,0.117754481624517,0.0275644780182954
-7.06577104761297,40.3786934066385,-0.393481446477845,0.632861791472248,0.0172384268339661,0.06300928294733
-3.91522599167678,40.9194066819477,-0.286641004367718,0.217387057066756,0.0188195535402879,0.0407260359613234
4.92885356387061,44.439357582631,-0.106146002984067,0.05116919180878,0.0233900093823917,0.00980213395447597
0.989557973436386,43.2898896180226,-0.122798845699722,0.280203238684187,0.0810865962051537,0.108485414929062
4.93659567659321,43.3624003505529,-0.248423667335904,0.152100328776839,0.0361717067686014,0.0762799164594133
11.8510652959495,54.685114510068,-0.36699954798928,-0.280706417827704,0.0200003693761648,0.0340959949631462
-5.52808397317522,58.1274577516964,0.0553612054792462,0.143318090496108,0.106885447220138,0.0230373343487856
-7.28732092820526,56.9790792776704,-0.0388171267540311,0.140190187994086,0.0315217011497345,0.156942530540211
-8.32946777680104,52.8362732658087,0.263806067636249,0.0169200890375789,0.0700844349894279,0.11305333794364
5.48105540925941,52.1942135731846,-0.164797929067727,0.104426905151217,0.0316275462959756,0.0484327888484327
1.95424437659474,49.1581171542363,-0.0346786805182435,-0.042957324531536,0.0331374470267348,0.0269144467248689
3.05803049506337,46.7561660333688,0.0161752197274564,0.0548792563247366,0.0133319108284914,0.0523889540622585
21.7654350598774,50.6466878530626,-0.672666702931332,0.288488311573615,0.0990900380695388,0.0748126716664862
14.772334195347,48.0540480596542,0.168035823642282,0.366075872564408,0.0223810410183078,0.0649793495115153
8.89272288293491,53.7861988648416,0.156417219300748,0.266937488878381,0.303020631143514,0.279434347940654
23.3132581480981,52.8447184391738,-0.484283446081201,-0.105623690191843,0.0608050528882395,0.116254566636179
17.6072123848705,46.382858191839,0.298442962466164,0.396968732254985,0.0651057965831711,0.122792298930539
24.2102408143998,50.5614924203158,-0.749920960055115,0.360977348522243,0.129484199616186,0.0430835952353105
7.81930174424537,46.107287769995,-0.384880355365485,0.0256764404652264,0.0171811304237359,0.0427531317622595
14.2849224131549,48.7288237664977,-0.0741259029175094,0.205942068111642,0.0219122391224741,0.0242437292696656
14.32116015387,45.3016690371357,0.054222173855898,2.43816011172539,0.0956022809822198,0.0551184094292691
10.5584440177014,44.3428880734992,0.946537184831579,2.55009309674972,0.0389528763961866,0.237131803590834
9.58683895073612,43.0236220865231,-0.329459491266607,0.429188945991625,0.104518554729822,0.117638697490829
8.34395128672379,44.1436587536317,0.196678267299005,0.00505735030652898,0.04191982389707,0.0237203259673753
8.92958727244654,41.9006686962917,-0.119090898824126,0.281560835737451,0.0171125084313358,0.0131846280184553
11.4572785518609,43.6424853528766,0.288365907904949,1.75832153002629,0.167714101406402,0.134072297000329
11.8860951392431,45.5953734089683,-0.176552959989388,1.59486189486732,0.0352132974631864,0.0208074643022123
12.1017486034601,44.3984565607497,1.05940715230248,2.92590238214597,0.374421360206476,0.0921655450719196
22.1026506552031,38.5541833755541,-11.9384281158876,-13.2190419192836,0.152434378319602,1.68348274950077
27.1657420776409,42.2238587103794,0.00164968084216654,-1.04032879977916,0.126320828111636,0.0144751780766455
37.61342157692,39.91235418415,-18.9869741915693,9.16132179576728,1.18425203656235,0.560292474750243
30.8391263295222,39.9912645184607,-23.6714425475254,-2.55866581726835,0.21518137647974,0.0202464311813901
75.938520250357,39.6106651730608,0.84104263841017,17.2286256981704,0.525587929257761,0.0799992991599975
75.8972483454025,41.6159992645622,-1.07132482716952,8.59737214040545,0.273168653035023,0.383179178173704
76.6669604997656,41.1799617100908,-0.397267245641955,11.7047083116012,0.183211668024131,0.170725967403966
34.5252705834319,40.2354686493712,-20.2598613319268,3.69477430107345,0.150923538818799,0.312251635352164
44.5496311848328,41.5388780411082,0.691372111015578,4.9702598615881,0.215922046201544,0.112378562866495
25.5462347456257,57.7686015165672,-0.266268934504279,-0.443373454034475,0.0735712348318324,0.0840734257207841
78.3284539359912,43.073051732957,0.912729777044254,4.45329694976204,0.35618649325408,0.285094597465977
79.0117520307091,50.6690035612504,-1.18386557252386,0.143231622127705,0.073760460398329,0.0368645199261366
77.5664648977473,41.9251898705356,0.541425783630769,9.79410701463277,0.099733492430858,0.118055171532166
86.2736153926841,44.373771510573,2.8945644422554,6.18700291932106,0.143074041591956,0.197248284590314
113.970438023828,39.8858296275762,3.23184908332703,-1.41571016494731,0.0767129728910839,0.0773776156006604
113.643114896326,37.8851496076804,3.54547613166445,-2.30303125384699,0.00989929058702574,0.0470714428516333
112.712390135455,39.3544330574466,2.86929198082744,-1.80921233162165,0.0464586595357196,0.0199696797879026
114.047276356049,40.3137292382757,2.68172324870832,-1.53822670991137,0.0685786475641255,0.0613395627781204
114.367451530047,40.4783421518259,2.49312189997569,-1.79567977838236,0.0981080327745501,0.0379054996678002
114.425121719371,40.3904670933895,2.64288332978799,-1.8701235845249,0.0881487610292979,0.0520187295488427
91.6195583810443,41.262694820371,2.09543455810831,6.1068205716583,0.113346810101396,0.201893522073302
100.692833230219,35.1750482323477,10.5964511209521,3.74770130208949,0.135178022482588,0.166672943792359
104.598955621146,39.9860146638976,3.65675568811088,-0.243602378454063,0.204222910716702,0.124306542350078
112.704103968166,38.4672826350209,3.49811638495221,-2.05615546693401,0.064604222592696,0.0404506652345399
113.64642482532,38.8514711909323,3.21495495494493,-2.04784297274744,0.165524047162771,0.0469727909844997
112.966675345706,39.1366359125273,3.26307612320538,-1.55778451295328,0.152742725697145,0.0740823637516937
118.863583289701,36.4285500698242,2.57503713851403,-2.06898988747814,0.157443095727045,0.149594876323524
114.64998558088,36.2494882867725,4.79856249807591,-2.22997088851777,0.617216609713288,0.0940935488116465
116.958280266235,34.8455471322902,4.73296680938191,-0.212702298448473,0.315285161764965,0.519050907290573
106.733163484399,32.4361805169356,5.71026245800495,-2.44405847201404,0.0570945727179195,0.0396414126950568
105.122673719176,33.5364296506955,6.27433124664719,-1.62843621630835,0.120301578748413,0.0144860599343501
120.863764389613,31.6245578160519,4.40683627115602,-2.19089882471275,0.0281863129171257,0.114773791426917
116.465037390801,23.9877766611007,5.55387565881555,-1.85540486744127,0.0640064782065793,0.108314471700408
103.083912250799,25.1800969397053,4.27580279109422,-7.89519373827058,0.373672751973164,0.0646695044930834
93.5830030935715,38.0021566395936,6.54657587374262,7.6105701727225,0.280667781247762,0.541414096779332
100.893165156912,38.3828215395939,3.53460070075895,1.60181749345037,0.303794873424152,0.0961698886719494
105.305066894109,37.1999506811917,4.83839538740936,0.840671772590346,0.423042697415872,0.0939755509322317
54.6639170773886,36.992680173689,-2.85148122166504,6.33799475560384,0.139340089527692,0.313795235330965
36.1695129872596,31.5010177654477,-2.66724866379132,11.7563959663321,0.023520415765711,0.0813830650641525
36.7810055432917,37.0372082558717,-8.99492580866082,11.0012695873415,0.337444575455821,0.376195174834496
34.9548090174133,31.9623445315891,-3.654664982072,7.83956308926467,0.00914139257329622,0.0155346692792247
35.3795495564084,30.2334001956209,-2.0368707289607,10.4641277860053,0.012132676740823,0.267906799210712
56.5755802265146,33.4678557651233,-0.506683096681265,10.1438273680193,0.0493084997958329,0.0688889096118546
100.500758493979,26.8307791569546,5.03167598114222,-12.8043355499756,0.207099213421616,0.256168729945777
95.7512350853684,22.442322542667,-1.81511829555927,14.2120187101497,0.127361251045199,2.04650503269907
88.9725768076816,33.4753868714245,15.0615072499733,16.7200673122107,0.51692994795899,0.646599699536788
-4.78817894230052,11.116375292627,-2.38557926088377,1.24029473865318,0.192868650887153,0.493673268462786
-4.435511056321,31.6181937451269,-3.79649762668381,2.28598048723755,0.0713585167355743,0.150945326600751
0.552984949500464,33.4370705927356,-3.80725712641471,2.6455709035142,0.0174650165004573,0.054071877091602
4.24325758409171,35.836150582537,-2.57823557575701,2.90304486094581,0.0846058246327461,0.234248294787908
12.920812219395,11.8380855584506,-2.21731116455894,5.38767743147437,0.125703529106126,0.279139374591395
34.8457713445156,29.6750355983569,-1.85706472791866,8.84825792019371,0.0770346873555725,0.0374798030586342
32.0118247603356,27.3890210394571,-3.37618413977688,6.21949852775217,0.135472251834676,0.212708185359539
34.9126983918374,29.1665404741036,-0.192396603007402,10.8803403852309,0.391319116703367,0.128258278474925
35.1144837100094,30.2375891041124,-2.26186074093143,8.91706692485954,0.190449349279448,0.0148246346343217
35.3919275638066,32.8290856315867,-4.02132305846572,8.97157648719897,0.0174863515326371,0.0212697672095323
35.5614715276529,30.3783777198783,-2.0262481815151,11.0911888821025,0.0368112359804123,0.298374758328513
35.0443894337641,32.796606425621,-3.88732160998397,8.14303298343066,0.0238346294076519,0.036066014372167
35.8016711333416,31.652164538767,-3.05901416116173,10.9224145447663,0.0668345687225984,0.255504394602902
35.1574370011822,32.4728774140891,-3.91582503745317,8.35214293307721,0.0620954471494386,0.11220038114144
35.037768360302,32.00927661244,-3.64388995213625,7.99475362058769,0.00467236113358833,0.0149415037165943
35.7402098082745,32.9301755476816,-3.8823016547525,11.1613948780676,0.0706781052800573,0.19384332254262
35.9250102111506,33.4706293949576,-4.46328733727233,11.5500431934839,0.215261083338534,0.317425922970512
35.6079256534017,37.3010165160343,-14.2697084328591,7.5176077843323,0.181771267645954,0.17579845042636
32.8517962844084,36.5953924484446,-13.0524124227795,1.06710767625835,0.34892341899251,0.160570574769672
10.8375950466423,32.5334031017186,-4.83494244381356,4.06404247439156,0.375967227004158,0.756440580175463
15.7676600676758,38.1540499847639,0.886126837852993,3.33096153816952,0.133039493467097,0.148882016616743
28.741178612757,41.0024884912398,-1.35387487318288,-1.40156874724354,0.153995499884403,0.0865480311621405
30.5029691945011,38.426109339642,-21.3554822060274,-5.08059992496492,0.234874912706466,0.25621136246569
27.0400154933765,37.4042571689861,-19.0549141329925,-24.7077224805461,0.30319631801248,0.346341269679634
34.2954892411945,36.6951450243511,-12.7280246307088,4.17900901311188,0.236893889693394,0.0889403217406623
33.5315311607448,36.7698551153651,-13.1766640197753,2.64154889031363,0.0137474090695316,0.188668711566003
36.1608067648726,37.4933518542731,-13.0836137697807,7.47371817637738,0.0963337218047369,0.0234017416339227
35.1507865868389,36.9297895574505,-13.9016789161414,6.44456095444791,0.431084023525567,0.172574978691441
35.093784638179,36.5062639027445,-11.8381161910707,6.37752688764695,0.514218792491032,0.186681442154942
35.5107545290537,37.1939760329618,-14.2172896858032,7.32290707322344,0.121042907881887,0.0846753613439296
34.696462999659,36.6984269845307,-12.9076855623819,4.8146878089609,0.136373474932314,0.371611899342174
36.7506447922863,36.680080179814,-7.52456033005935,11.7188826808187,0.364017599330602,0.0919718882204499
33.5801687749115,36.3068772724763,-11.61197161581,2.95317558207903,0.0569239938943083,0.0230694474725624
31.9304176908333,37.2502837397081,-15.3888009695485,-2.20395089800661,0.15908189720654,0.095132029250315
31.9901754703284,36.6990879556873,-12.8965135087557,-1.94233374285308,0.0305853506270567,0.354179825944204
33.5494105484739,37.0807111865479,-14.0387056269246,3.18221633706042,0.060962386236609,0.277146610174336
29.4197207619589,40.1141468300393,-22.8049258510278,-2.38316453401727,0.534135799340465,0.184122138738417
28.6235915981096,39.4717219708184,-22.8696019965364,-6.5596465328039,0.0772297918077417,0.11537283924596
33.4010936408369,39.9663754469848,-21.8609550965588,1.16632545134597,0.879258545912615,0.177583187373331
32.982050178303,40.8572683248551,-13.4677308011174,-0.891811544175036,0.602858842867779,0.477577820783081
35.74785930911,39.4704775667116,-19.699623178986,6.45453078574716,0.123307314350045,0.339709479639125
32.6063898851143,40.7160489747106,-19.4374273285046,-2.01818946933552,1.28541657147538,0.0879024603057376
29.6818348041117,40.795102009917,-7.14920814575518,-0.841478500464983,0.637966909869836,0.653939658511849
29.899667881382,40.6802364887423,-12.4588224199367,-0.842575202124988,1.40607803366901,0.709011209806076
30.4984700583854,40.3263123051705,-23.0338245978937,-2.34650938524606,0.906756259993964,0.0714424499105152
30.8776225611616,40.5255406784212,-19.116048624476,-2.28821568645778,0.920957181655339,0.0649070862965402
20.8331872951354,39.4190255122854,-2.97997410015469,-3.2387797770449,0.243199837230516,0.195712761918674
22.4877123418699,39.8583089884078,-0.978208202191409,-8.68986358334446,0.723147877519279,0.58206559579384
26.536172900434,39.1953245076879,-20.4757623109565,-13.1845605616438,0.551902883574457,0.469674764784372
26.6612798735053,38.2901923126132,-20.1959789742324,-19.9558872051012,0.106271347577447,0.043725802809257
21.803999282856,38.3225296902032,-14.2681308275959,-17.6490858171244,0.457477832433484,0.116924129357043
22.0219050006943,38.3068394322924,-14.0539037315373,-19.3588506605621,0.931057103141072,0.371537409309103
22.4339810186027,38.8673218011818,-8.16931185854022,-13.0158094991239,0.477508802862006,0.683341088435107
21.0435675899014,41.5422309098165,0.949503167814465,-2.86482662349436,0.186048298796063,0.16825756723477
21.4789047548622,40.0860018060966,-0.0425164456098383,-4.73514684898169,0.211370659090056,0.063522243357834
21.015179935583,40.6795916471215,0.705510984484876,-3.28586040814997,0.365428028617564,0.0413230355293052
22.9240814938641,38.9041713954822,-8.46753066756343,-15.6180105242621,0.192512990104481,0.458408433494447
23.7672559902845,40.7329323970766,-0.274784755720409,-5.68641839151763,0.140676121877658,0.129925572296753
20.9827484541296,40.8059371810257,0.825930477823049,-3.18245281102695,0.348569737915676,0.0392004140752802
20.0726680416529,41.5831901637057,0.0501405952923839,-1.05686840652405,0.0546185436684277,0.465769341716124
22.2007581967525,40.5819122343281,0.853696923916032,-6.56151868954348,0.206565145599374,0.462110030850211
15.7532198715727,40.0953251833878,0.568328732125843,3.19768562619306,0.327560227043159,0.0406877839844423
19.3153827575992,42.0310541191693,0.0350825994150149,1.26945985928926,0.272069487176006,0.326508656325065
15.5070982658019,38.2953020221428,0.410679066803956,4.10332988752791,0.0384186853140305,0.100642444020646
16.1333366818285,39.2211179044876,0.554625919864886,3.46252514096631,0.107722070200285,0.220355282586264
16.1282526398276,39.7495095320212,0.263714367397781,3.54962350602213,0.115886570046735,0.0460664119145669
16.8387066956832,41.0676363473527,0.846785651711792,4.18073548446689,0.0257714059408088,0.0910400543729586
15.8343830654964,39.9470743800221,0.166280197864999,2.96949174536273,0.0241968289971873,0.197450958804058
20.599605547082,38.7548136216591,-4.67968997667753,-7.57080051600987,0.0574548064955363,1.13796191477346
11.2313120758864,33.8233185548388,-3.75444462771472,3.74666957343285,0.385163539792095,0.141319029645052
14.3789910293177,36.0673094196194,-1.83621274246774,4.4427705404061,0.290677340497223,0.241225361364875
14.6352809292327,36.7162535613433,-1.70256762685016,4.46534540029388,0.0339544592347282,0.0806717101389895
11.9642413609142,36.8641127957831,-1.43121744375985,2.49000649164757,0.125213566899768,0.323510954265953
15.4667726709642,38.1880519920061,0.596166421812502,4.11656678685557,0.14032753687273,0.227342803554783
-1.12887731002031,37.4948398843352,-0.59486707866507,1.81120293528008,0.0233489554768291,0.169762566842072
-4.9654203725401,37.2182324556674,-1.69969759518787,0.24846485160491,0.0550097440743762,0.0838377037648682
-5.94733426547439,37.881410736715,-1.01680686787048,0.819442268172879,0.0816870118429559,0.12708145737611
-6.17890343756586,38.3327310139337,-1.03718848750527,0.572493115609115,0.0565012836721431,0.0874511908472611
-7.28942633710704,37.0552045054393,-1.80724988234848,0.572489682095613,0.0365757763543077,0.109930165756066
-7.29106024124621,38.9788863983218,-0.680566572296982,0.698566138437959,0.0509728993614342,0.0356935828262104
-5.3233550467005,36.9232201206983,-2.29182216375925,0.554666890468294,0.00725543190289674,0.0854490943922673
-7.51054600078345,38.7695125267244,-0.683307828898725,0.564137350390796,0.099633062691834,0.0740527057305587
-1.49568689311179,43.1985391193078,-0.115641932437962,0.134870474123238,0.0143413070389178,0.0122834556982001
1.7023994046957,38.9807991804096,-0.150094421260943,0.268519087981185,0.0520358210046461,0.0234449424410778
-0.818214762548149,40.6112657602674,-0.147740374604996,-0.0473140872992841,0.011420603534523,0.0446593544328847
5.89934854593486,44.2697280451798,-0.0847915627616625,0.013406653059554,0.181808497096334,0.0139883288685012
-7.20917459100418,42.052353080806,-0.27787842381637,0.433596502962932,0.0899704508775145,0.00726693220965302
-5.95614385131253,43.6960530957888,-0.144840310140971,0.717925342265975,0.152505292228459,0.11002292106256
-4.28134463040137,43.1454158334719,0.0198685987587953,0.316971654850172,0.00951003832655386,0.00462540946538682
0.365229237846858,43.4702668678072,-0.0905031107831714,0.237023069025184,0.110614305125374,0.0238635522180379
-2.29136317560627,41.921369643447,0.00323893804458482,-0.110252325106525,0.147796442784104,0.113237086870036
0.702972004847143,39.7108008114013,-0.296929848613062,0.0451781126735936,0.115019657824926,0.00617928067718229
-0.620087945358609,43.0796936261294,-0.00277749870119051,0.124973297335517,0.0283797746304442,0.00545594321273274
0.0890006818674235,45.32103986548,-0.00132148978616482,0.0562410055471493,0.0813606045368455,0.0432618249694423
6.42648502324858,44.0409293185476,0.31781761939429,0.182692238905582,0.044626031986129,0.0446544413855124
7.16669683103034,44.7941187280996,-0.231446156390771,-0.347675139199554,0.266213221528245,0.318368313641136
6.18605703037514,43.3835695364685,-0.230951194927492,0.175009206577753,0.0460623203769354,0.0783478242932125
0.346106221190811,44.2139798711743,-0.0682667393552431,0.268335713590955,0.0307932988151926,0.0202340025819649
0.741291372728333,43.6240696048302,0.069545785392738,0.15048206881551,0.186493282575611,0.0895252126164762
2.26734342862006,42.4539141290373,-0.0612086626140831,0.286262297256944,0.00954414829428175,0.0861344102999914
-0.450644556162758,46.7576350808676,0.0787025869163712,0.0661853414835374,0.0308905056847064,0.0350153624033256
2.02147370895017,43.9399845252092,-0.15972041650225,-0.394950318045156,0.148818486336982,0.136080348001696
1.28626465256891,44.2128546519479,-0.148874157890388,-0.0199465912192869,0.157448467913828,0.0638303973625491
12.5423193349171,46.0624536008674,-0.324657420717359,1.67124124688699,0.043213676072702,0.0848503823568219
9.83779873982571,45.8537378685638,-0.241582356470618,0.55359975826738,0.0288616147887125,0.0719097411143556
9.3265501107906,45.8934353398882,-0.250866070874926,0.314903294683568,0.0889413579315379,0.0906405463671759
2.63216336788704,48.5458027762741,0.0576393582943887,-0.0612694300622307,0.0190735545866843,0.0269915915534318
1.80435241596205,46.0647400512396,0.173980397390093,0.221552475211795,0.0321575552348093,0.0122750565170178
2.65854593760555,47.5955211623845,0.0205744697791139,-0.118871962472174,0.00519826716014586,0.0499592831847493
-1.2417712896364,48.5311943626837,0.0318270441709921,0.127288459895919,0.0520158887178372,0.015665354236033
1.32178274354398,44.5477616509315,0.43240495898764,-0.127661761403124,0.234262057705929,0.0989517262428578
-0.10758042745275,47.7147231958104,0.193051595644763,0.0170899293304334,0.0419759017215219,0.0926742186535844
1.98180051615883,46.2126150002079,0.178031145095679,0.285504411688869,0.061656235081208,0.0299502992489715
1.78940671390993,47.0849471391629,-0.120722052592469,-0.019788998624892,0.06710780801496,0.0596969858525023
-3.29297190985302,48.6316129077913,0.09579491337136,0.00242658012078704,0.0164220714926934,0.0466018049086442
-2.68105819788734,48.1834508797583,0.0693881450062839,0.0434906884967299,0.0536025885957767,0.0140785912754938
-1.82497634170691,49.4291463715691,-0.0443304106153155,0.0899572762676336,0.00503956037730126,0.0221412260366987
-0.665703697738117,48.4227997256272,0.138156776451838,0.148533948942039,0.0192299334988494,0.00911720003779614
1.61637656882859,48.7048163883205,0.0178242860879369,0.125819868757235,0.0290105809752065,0.0463070317090683
1.15073681742051,49.5122638033684,-0.0537066272780584,0.0496304976878973,0.0128129266708059,0.0578846678718203
-5.94096979310788,50.3218242716869,-0.00495242970199642,0.252886362945713,0.110475952673532,0.00711545579877764
1.39187820301652,49.903557352066,0.112302469626252,0.0650319214299557,0.0546746712820297,0.185513853131558
-3.92364461349031,50.1740607668108,0.194724400641814,0.150927188215306,0.065672140861329,0.0289026089851527
4.96985850821805,59.0526702198092,-0.818929095287377,-0.328343139916658,0.0418512157514337,0.0304244742809464
-3.33170733534756,58.0817299764142,-0.11727497681695,0.113705769066593,0.0497822157919172,0.0460911351094341
-3.56231091512828,57.1880974067678,-0.0140443127154995,0.194707895986192,0.0211396403941281,0.076877919503331
-3.58762311972172,56.0885190368146,0.0130392852961499,0.185196741346413,0.0129239873466456,0.0203367403643346
0.0891315914944139,51.1744049225141,-0.141870661618335,-0.0746620966459802,0.0945645440487483,0.00534392109298835
6.32371642824925,53.2856446423202,-0.39429448836809,0.397650642402475,0.0627182518445475,0.147083005753541
-2.18675291172874,55.8248965842205,0.245423447626891,0.0498728928010834,0.126341992325322,0.0378154216922927
8.82826722628507,58.6343358055728,-0.950371176433621,-0.686486026826828,0.0560950597151661,0.217744860698714
6.64711236221258,54.1000386035907,-0.0472335470030369,-0.128369013544846,0.0557354987624677,0.112124682344786
6.52496756228797,53.3080070029857,-0.265647622050959,0.0647614196627653,0.101680905244401,0.154651705341543
6.14507210508833,52.5202508682103,-0.14727557647694,0.231248988561618,0.0107304832374606,0.0145280207240564
9.34722611525073,52.7205339090621,-0.343703044566179,0.241845376965084,0.0207482822214103,0.0272075404284631
9.47591835107124,53.8335048986761,-0.345878748985827,-0.0704784226805413,0.154437080959283,0.0974939775450288
1.54335581832391,51.2007515365636,0.154773537336631,0.0875800105360737,0.158493326061419,0.0154862026529386
4.29516925123839,50.8047257755715,-0.382389507622678,0.37635990849025,0.0432032623768817,0.176970602175463
5.5021018644868,51.1725610432393,-0.275901022188307,0.069215108106406,0.0709223383512692,0.0183208622957851
4.96915661042612,51.2752360448962,-0.318229258702757,-0.0599480780786577,0.0351530312501471,0.082301397438106
1.8492714294515,48.8863775375899,0.0132637511839916,0.0182673221209484,0.0162053470857083,0.0156870562286499
5.04183411789603,49.7588280308054,-0.128286245861425,-0.0741717643165309,0.0700519362887269,0.00586729649908068
6.42854955828217,48.2068806924831,0.13715261836158,0.0109570115556621,0.0509710517895189,0.00881605092883412
7.88346820959829,48.3978755034027,0.0912871566261091,0.228329569568017,0.00119656137664693,0.00170871078017444
12.2359793678771,47.3117248144513,0.285260654787854,0.672925975529322,0.0521645205234559,0.0148017147331531
10.7956872264597,48.9631472715616,-0.0176260558409505,0.216654496380623,0.0212358887746733,0.0292172654695977
12.7831796905728,50.1893013630005,-0.123928417233179,0.0763678562985011,0.00817749300255939,0.0458623789069979
14.7055394175301,53.3982107109138,-0.350379795868038,-0.187959796908582,0.0355280887962493,0.0446562438991883
12.8976044736981,49.1981214408904,-0.076282863674002,0.125679360689179,0.0456843980897489,0.0219665253842377
14.5834787759566,50.0304051018561,-0.194113882667299,0.129192231980247,0.0434989932624775,0.140453212538405
14.6000523518341,49.2825048225125,-0.0631452089777165,-0.0828638561914671,0.0235416979569503,0.116433308949801
17.3583064708552,50.1906286805143,-0.295472907430392,-0.00129382749903725,0.0902254911934375,0.0755354788012852
11.880171706736,52.8753340573844,-0.680173723814787,0.377191259127469,0.178261730741032,0.26263889171119
17.954328879841,50.6213077151722,-0.173902242339194,0.0420845028596821,0.0322965328794137,0.0535681917440704
15.6021081340699,49.2018601761356,-0.0971174740324219,0.0997482795488951,0.00832340178292926,0.0721482941759335
19.1396327786284,50.496875258867,-0.144566935812958,0.115059306133773,0.0571394859432169,0.15756544245173
18.3372812749108,50.1837601257898,-0.0237585762649,0.00743875539921452,0.163015708605194,0.136566358478744
9.07231687005248,51.7492421028013,-0.178089582555272,0.100351653706622,0.0680706922050392,0.0562249906966959
11.2014684995964,51.1407888786312,-0.166977176863225,0.1165459057382,0.0403568916995541,0.0165383508022669
12.54607267494,51.9152626580857,-0.549828830710555,0.0755148351844356,0.131930744900487,0.00834983817874371
10.7700881877972,52.9949608620626,-0.49769791877622,0.00136624472922688,0.0653057538036477,0.0460605274552252
16.4148587258448,51.1805787992402,-0.426487441710397,0.295712295196523,0.039753101461744,0.0509593441957146
10.3424562529652,53.3105976430417,-0.354919645021195,0.0191033659437724,0.0103685915352546,0.0254680694878222
13.8037660944305,54.2367193153581,-0.392310239825924,-0.174221786501495,0.0137258686395246,0.0701397947627789
10.9850799845296,59.2746892382941,-1.127145867684,-0.589069376391638,0.0856720767866217,0.0854939416551966
9.69715033553614,58.9420057902857,-0.996825141304564,-0.455774735746211,0.0270857810181378,0.00663379450883658
16.8852894557906,51.3289793018653,-0.42330685605801,0.0567713347539609,0.0355945332397736,0.0460144843488675
19.0158425102006,52.0026191559332,-0.492986202435752,0.110398037081036,0.0777951274286775,0.0722666620224228
15.7444171308686,52.7367490379505,-0.29960882590344,0.0675869266312908,0.0415505489313702,0.0677752274513087
16.1593684264819,51.7494285145638,-0.45184212481424,0.206337635197203,0.0671739763389431,0.0193840956974585
29.1127033349669,50.7505297766306,-0.743570914161556,-0.723329821404247,0.0631387176174699,0.439002146496895
17.9398857237498,59.8905506434063,-0.584464642158041,-0.642043460287356,0.0696073025640086,0.0904015768422799
21.6733009516505,52.2183181733619,-0.442709987107116,0.167472836645965,0.0307475272121744,0.0810334791364949
18.8916771390442,53.1767596764042,-0.101892527407209,-0.0305345649885461,0.205763265621259,0.0967425699457917
34.9781150560018,50.5402125738123,0.0429108691520202,-0.313541307876689,0.141425236607706,0.174644054543703
29.8048754028996,50.8053799053457,-0.903922402044433,-0.119257214515697,0.022523256803793,0.183487984028621
25.0963909764316,50.7958339882451,-0.465324711400593,0.26188649119981,0.136098617985737,0.0259388862632453
30.1844156710516,50.4324629367641,-0.874780170791528,-0.195911417230693,0.0748442123680563,0.154107685479451
19.6337913387483,50.3356941757235,-0.144493193275813,0.110506943151598,0.100654365213643,0.0440532798740948
19.3251635539999,52.4531344633384,-0.445577017475509,-0.00722987783980992,0.0470351291192706,0.0283199384890686
22.0904195030996,50.3868542201149,-0.477896393507565,0.460182417080973,0.0222322824153947,0.216477130868232
21.9993898262327,49.9894267268541,-0.1711225727574,0.316522489069309,0.0396299798431126,0.0846428983630672
21.0435490566675,51.3683612854039,-0.619448849028334,0.219025706450517,0.0503599416362512,0.0405877423875211
23.4453614038658,51.0638237649916,-0.562292637860365,0.166374166336976,0.09133281782865,0.0746614674055124
18.5032818628236,50.4894245538332,-0.151171655576356,0.0883368636131245,0.0122554339586735,0.0843602229444104
19.0290425645941,49.0268041003286,-0.23852918527701,-0.0057674930989577,0.0126413528867882,0.0887453523549041
20.5188789005972,48.6116117077513,-0.325126584739394,0.133727120930891,0.161960923170956,0.113434128181767
20.4287134833503,49.1353139901459,-0.113959824042412,0.164250470869684,0.0614864398181727,0.120869600059282
22.2159867564232,48.2355363189303,-0.321516145195117,-0.0757527380056537,0.0299801562722069,0.0252221412980751
22.8116023801119,48.4398131979275,-0.346945151461638,-0.129630567223676,0.0317618097132027,0.102438061223148
32.2398706215671,46.6421051372746,-0.635146227421104,-0.261466726666831,0.00367364407756173,0.115519928822082
29.6237368166986,49.1962871403946,-0.617131831848723,-0.295105820632112,0.0753875133911786,0.0184141324109444
31.7888003289401,50.0128616432265,-0.282523112004546,0.0624974581499803,0.186626062344205,0.0752544639115388
32.4853472804887,46.2790806455551,-0.413540780474563,-0.065581834066544,0.0712089815634852,0.0145858979670465
32.2418686034746,47.326592063865,-0.960586890686087,-0.317711898729812,0.113932465971506,0.19325147506315
34.1223422077768,44.4939685526777,-0.631570846817275,0.323608341213628,0.134397525932248,0.0968862647614917
32.7700987767647,40.9014481016518,-11.0648950503471,-1.23798273558498,0.941068187286001,0.0188797566759165
19.1397229601979,45.4158329258144,0.831775152473385,0.607495596867742,0.154489531220352,0.0261465592264445
14.7977982421763,46.6796007176444,0.327553583846602,1.05486973949214,0.132941208208403,0.0332116734202998
26.8638590608418,45.0416014067493,-0.00801537663364287,-1.04234863919298,0.280548471084243,0.346083272893564
28.9595978935099,48.8277418732135,-0.697062729236064,-0.155397707865155,0.0492033729922295,0.0242750735108007
12.2374336503391,45.6875956636951,-0.369142780894356,1.87623905987749,0.038338074164861,0.0117865115537939
13.9113809184244,46.5446829143506,0.344204740185774,1.25596423028517,0.06132039579425,0.124202432064323
12.1063289899313,46.1917985318569,-0.295038219746232,0.915770302729434,0.0850585910430027,0.123691209569987
11.0231811780736,47.3760738905184,0.430271714364888,0.259155247291669,0.229763406493656,0.025991302185181
10.614011177952,44.7793155261114,0.437485541875266,1.93370378941139,0.121269104660948,0.0567328678448373
10.3120207575837,44.7604804491814,0.159957044520382,1.61870694574962,0.0643280614061533,0.179489729452318
11.2814062701524,44.6057801033225,0.875148246917799,2.35373965712964,0.135685945005195,0.190540711559177
10.8853542084613,44.5560485591013,0.876459724463123,2.77825148802587,0.00847546862286647,0.222424768761738
11.04233606109,44.1481567823121,0.559498756219819,2.25189217067767,0.0391530645032797,0.18046652451894
13.2455959930536,42.6185945961921,0.374828999322498,2.62760319969796,0.0492769978507169,0.0690292118479364
12.8604208732941,43.0215028566876,0.71590736376034,2.84718009645077,0.141957746114642,0.331842592258445
13.2890523176572,42.6887914843189,0.75912440511865,2.86364262634512,0.240581064986475,0.0684673873301657
12.8551640057172,42.2224915176887,-0.727751754292662,1.20173565500242,0.304983686580652,0.0112178868483844
14.3199892026691,42.9059373788537,1.42848076576288,2.83049624566571,0.119614052690166,0.0872345454172861
11.5044123253033,42.7432960660039,-1.20359023168902,0.839604830112358,0.0562664587463722,0.0893001346513953
12.5348506233156,43.3952664056662,0.253644423098194,2.34932797872944,0.0632539548590678,0.14188024382072
11.9756630741924,43.2804943984892,-0.586016498249108,1.7746537643681,0.080791389572416,0.0968039522188018
12.4779989837377,43.0962260997433,-0.314943463474711,1.8148850869145,0.0750806251483055,0.111383615361108
12.2370856253622,43.4103320916941,-0.21896886559029,1.86459934500385,0.0963979275281999,0.040935069919731
11.5226779633707,42.235472322462,-1.23307409597886,0.213049875460213,0.103957536024416,0.166496674185832
12.9087512120843,42.4772278795565,-0.418092954083727,1.25586296819449,0.0974723991778882,0.137288292916531
13.2300266390773,42.1181772939826,-0.416064962415191,1.92533884478116,0.362158617064824,0.201433155838755
12.9771855585567,42.5277371926105,-0.325104627679532,1.60776830481491,0.0426948685973704,0.0303638743685936
13.7045676862021,41.9268046350637,-0.189942234644336,2.50470396043025,0.0951694391539942,0.124654834389112
14.3957121667871,41.3321274514602,-0.129074510325773,2.85544621683539,0.0368562403825783,0.273532833688423
13.478436129714,41.8103832715631,-0.442883295032095,1.58074569952403,0.13995694484819,0.268486227251746
14.6306109529731,42.0782622154073,1.39185555095023,3.26220984018551,0.258795373266286,0.0763013910909233
13.8163346945357,42.2360925196995,0.891729068512566,3.25484250092962,0.10513456369391,0.0237245391097401
20.4356279053407,41.1535948099116,-0.0670785958612087,-1.95307181189947,0.270715601729064,0.151122498985453
21.2171753210566,41.6014712813922,0.995278266858358,-2.95366452201953,0.134233387572221,0.0896544133713532
24.6428726301944,44.5811927771361,-0.589112543886409,-1.12873748072829,0.041944164539135,0.132282232791384
27.7076756256291,42.1384267288948,0.119829464952936,-0.915470358922528,0.199144410109497,0.0506921058368116
30.6375019473229,40.630869460348,-15.2983186964921,-1.24306667832429,0.0876897243226858,0.343612204075921
25.7394298232641,40.9391093914926,-0.870802399764305,-2.67803433898232,0.473672738039739,0.0535183019681435
26.2183966766783,40.6844835306909,-3.92710456156433,-3.06662247430709,1.89120339320263,0.463593763512492
26.708651786338,42.0596751763083,0.244838070618764,-1.1174690000457,0.056521410581411,0.0332556802063192
29.5491387556192,41.0971852372955,-0.135740908198426,-0.726877594537814,0.358678722874387,0.227462438365886
36.3623148777619,34.8572781635192,-4.83639520416808,11.8900808496503,0.0858877054610948,0.0231698197159744
33.5729719399877,35.2651758710137,-7.47111471268274,3.77146288119559,0.194688143102048,0.137229561544113
36.8967132266568,36.8653993723974,-8.0113792436658,11.9830983187598,0.234438958042814,0.298997184035391
48.3989589921568,40.5981438554815,2.43832321192961,6.37976114657198,0.180862097038848,1.35055108838019
45.8704139133888,37.1299654214891,-2.37797476979164,14.2329184464475,0.23305272408487,0.0980119748212185
53.2774049195675,35.5635165945605,-1.47523561592779,9.20664578685862,0.269371180981752,0.29033044619537
51.9060835997159,35.649293463283,-1.64539779460845,10.2090847544403,0.0506337903132577,0.121271489577703
73.8307620396876,35.3133133147709,-3.45656671530933,25.2698805307916,0.101956964949556,1.67788009516792
78.8718137238781,30.1541637886319,3.71629831299368,30.2069971366756,0.187085760073173,0.0678077201243319
75.2100081961673,35.6594103193521,-3.27494578109669,24.1892270424718,0.131415315012087,0.369971350396579
77.6114196338429,41.7692735982578,0.575648486286993,10.4675530154585,0.1923177599173,0.166304636392404
59.5723949684165,36.5043974600904,0.7169670484148,1.84712342296269,0.434090488249197,0.115511841568174
67.2929780894823,40.1505777856941,-1.31382957527652,1.96969917067638,0.0634796482042107,0.0912700556531094
71.517252861654,38.2713264105876,-11.149251161517,12.1374630734807,1.61393013297148,0.265709504873319
70.243892553037,38.9774912134705,-6.67311680973083,6.12877525283811,1.23339660398003,0.111467962100194
77.2923003396716,37.4436994735147,-2.83957585736789,19.7097053634437,0.170656159325667,0.281124997783504
76.4689040144599,40.748534048512,-0.0406689062636692,13.1137372813909,0.0884639055203683,0.292894402074881
76.2596089927676,38.5462270807657,-2.01079886197357,19.7530602670879,0.149999534878115,0.416926698038756
48.4938099982391,41.5297230951811,0.358095198746114,3.70022416662661,1.33075021458145,2.01845993054888
38.6823447608415,37.1087330655416,-8.45924202188525,13.8017762906193,0.30737523516447,0.233023996000776
44.1543321362923,41.4783303931722,0.264417095746492,3.93114017756271,0.179282587972827,0.279790794238335
36.8433582171003,40.0062257390391,-19.7506567674797,8.35294382989399,0.141760804162484,0.346291816372892
38.557860137416,40.5316201753937,-2.31676927699825,2.79201088013369,0.599213186434267,0.121078743211061
38.9863886398283,40.6637699047941,-1.21799552348494,2.57918771976092,0.193606212552498,0.273300955402355
39.5165225492157,40.1389552500922,-3.74535944678774,2.78120521021033,0.222471269370416,0.383558357431853
43.2448246193158,41.0537661558046,0.214271709800796,5.16430677599746,0.0872617080966849,0.214456139417611
35.3904308042674,48.6447836416409,-0.571168375660296,0.0899750114856945,0.150183446622589,0.0583038440661591
59.177448184745,56.6181031672513,-0.730316057762093,-0.188150836653447,0.0139007742719193,0.0463135713649645
78.5508713092262,49.4966513196951,-1.22481036813499,0.105846655314962,0.0391030912801339,0.0325138570292303
75.2406528191738,42.2548625247918,-0.561571973532188,3.90925718369739,0.149312832428634,0.0399123045487124
71.5685621286467,41.4737695116669,-2.07605398332863,2.65590665233741,0.0874629150957689,0.0695259081626281
74.3097310394137,42.38401062961,-1.00803514152432,2.9998190284153,0.0476576709860738,0.0368177614884966
77.3095882756169,42.3007200913714,0.27925243656776,7.65438416271231,0.0875119000073057,0.249453725156878
78.2194386113795,43.9054972623859,-0.519862089542528,2.17965147257032,0.18959105408681,0.0727502703950879
79.2249076889606,42.7918634059322,1.00906948017573,6.79296712448686,0.0331138737033705,0.256737399379156
78.1863959118615,40.8439553617052,0.39894498858642,16.4131448271248,0.127347720880373,0.414575361394542
93.9291639145339,52.565127920701,-1.42860338196292,0.72679320908307,0.12988573932927,0.0279196246025817
79.0481742356645,43.2167811686453,0.978778798694166,4.78305522582715,0.0124058041226681,0.079901942874761
103.333005786421,52.2237798391439,-2.05280684718499,-0.255880397501484,0.0239027850188975,0.0994338221313721
97.6049507729858,48.8389560600358,1.15504323786044,-0.150854856374366,0.347920538446257,0.388235296952703
116.588114165159,41.8904563735057,1.43702949055882,-0.92679715210039,0.0037973324453419,0.119488109969958
107.915648241839,41.2165092253452,2.4291030876514,-1.84693295733857,0.234526690707655,0.0471237767035903
108.887589296019,39.8500106150713,3.14921162949472,-1.56810676552722,0.123829766541923,0.067246262106716
113.660294044595,40.6119150942235,2.40275148160956,-1.42085936115508,0.000589971861310028,0.0725722444754462
115.016443146408,40.5425792255609,2.16440727827379,-1.15285505681331,0.0291464316219746,0.193502047524938
115.669360450603,39.698138635746,3.1286750389193,-1.52914536766191,0.0916293928958613,0.00307898615826897
115.802201179793,40.9177258933318,1.72815500563188,-1.29709014029337,0.0125320412177668,0.107257374583909
116.817270394301,40.6434153012987,1.44042102835113,-1.28077220898762,0.128152623262561,0.042635929851932
116.143527697775,40.2189148752545,2.47395827841164,-1.61506580867605,0.0538148357669709,0.0388626866054059
116.637153953959,39.6428109405711,2.54929994046585,-2.19887143618306,0.240805159871917,0.0233574168999458
117.484089495712,40.5093294469833,1.12816116786214,-0.537978152752441,0.107726068641876,0.169953126190799
111.196157364235,36.9357101990394,4.24221180606471,-1.72599663746355,0.0156071507940824,0.0029801560857479
112.209960234336,37.5586825349815,4.10712000634094,-1.61725603959416,0.356226626564686,0.133817430038907
109.343287323907,40.5066678558055,2.6897414187835,-1.57738397420267,0.0499351515562497,0.149290558723263
111.414359494104,40.6484390826974,2.16357924454957,-1.25579177021221,0.0841015896232991,0.0399404352249907
110.591975254722,40.0875919915962,2.98963977738638,-1.28750085202011,0.0892655159112697,0.0328416398639699
104.727295071803,40.996547314223,3.55451196384892,-0.426509308863597,0.0677001010065856,0.0262595378003365
104.947464662719,39.9854702340125,3.79603268770474,-0.303419224924692,0.0231555770267629,0.0508196115644647
95.7873087054952,38.9296473787248,4.52958607033065,4.46218927550014,0.840947187866513,0.463770576324099
101.384891106513,38.7302949770962,2.97264130736611,1.01872738849395,0.518003895894861,0.348857922529617
77.8343404667768,40.3627137999797,0.707229844986528,16.6373425986705,0.0401482619312544,0.196331010446862
85.2935204139404,37.1324625838184,0.153965943273977,13.2528940294315,0.236784889496899,0.2447914189492
94.3867780991214,38.3187847029671,6.01975592848194,6.21061669824249,0.621513220612281,0.106038105371503
101.868005394053,37.2403339975254,7.56153027609305,1.91420848716312,0.25446451097714,0.0769380925280468
107.132132535036,35.9267118486428,5.15016791198625,-2.04318231460026,0.00909931024378513,0.151231365178368
103.621762289176,36.8122101906921,9.0994682771198,1.6390511162744,0.353835586128724,0.150722758531291
105.219561877809,36.4684347450655,7.6261970119294,-0.856536906689538,0.408573570095609,0.287012127838569
106.663625872915,38.7145841013263,3.3244912232223,-1.89917199626795,0.118422992925723,0.304827196159045
106.031958766766,37.6516380534141,5.2759070965841,-0.541413649050135,0.621931738963252,0.0404394106532884
77.3299922918747,35.4069175015516,-2.08769423307482,21.2518882588951,0.343452311150679,0.15582918812933
85.8328132756167,38.0873836140044,-0.959199411159664,11.4241292528803,0.362156856129657,0.136848919896298
102.66030563711,37.9235299952569,4.31274232299306,1.21088605542806,0.384396436299371,0.199050385823892
103.251928125348,36.8831918301257,8.38211968800509,1.66971601866299,0.0403007018878951,0.11887619123825
77.4567153849181,34.9518745509622,-2.76659875870927,20.4483270132514,0.256346689824876,0.184548724856444
75.84833306459,32.091363323648,0.693112585830773,28.2201374507467,0.890618989839082,0.998046685565803
95.310918455219,37.9078263777374,6.54859664057942,6.03783759658821,0.436428953058872,0.0994778276164406
103.597815488902,36.9238433003738,8.55962304479869,1.32896525240943,0.123705103149977,0.22377338125773
104.081033665349,36.1877547886225,8.83931541417773,0.4020750823908,0.158886773397923,0.217641161060491
108.709554691786,34.5809919508933,5.41782703871384,-2.38361324777791,0.0557921010843519,0.115136347403114
106.862109533321,37.6696421240275,4.41784322394076,-1.38618016882795,0.0566946534551537,0.257661409158347
106.757885572435,37.9273041631987,4.62646239937218,-1.10901961077994,0.198406528957582,0.29190484197482
106.497631623599,36.0148187145008,5.33549605741455,-2.49529358331705,0.175073235135087,0.138204664003581
107.922062942948,37.3714003228861,4.07395600209625,-1.31589269657449,0.012458154791751,0.0911894966222151
112.544439528649,37.4221798947415,3.90819859033916,-1.94630278138719,0.184985295370421,0.0406973692570057
113.096576397481,33.7647364385744,4.34803038306006,-2.63385778666551,0.219725138863666,0.0269377002845819
119.474492106953,35.2981795004843,2.57480463781356,-2.44614384156626,0.163648597333921,0.0113953341325561
115.467320196076,34.2718779552908,4.47176568970479,-1.54834497133279,0.0940244836388738,0.396933938049958
118.016126256182,34.8157869709898,3.51310677496313,-2.36246042263869,0.326506151781751,0.328494709016597
105.08316738535,31.5216250807577,5.80101138494836,-2.85325104842625,0.331467803285547,0.247476602368941
106.063490611946,33.7832168077434,5.7869096716726,-1.9627248406669,0.0917295055188502,0.351668835355542
107.779427596459,31.5124569479029,5.82773612579757,-2.59259600620487,0.203639860173052,0.197521973471844
102.279662966507,29.3307975386563,9.11805055694499,-7.40824680791105,0.229478707630243,0.0758124599194888
106.481909547624,30.7701011772174,6.4133112614424,-2.73344967803402,0.238449156928795,0.0633222901809549
105.889893532862,31.7799846025681,5.88591815277546,-2.50315689307652,0.0501246129997165,0.0682135386611303
107.087325088082,30.8211352728147,6.28258300897257,-2.51824064294647,0.12317246116836,0.0438393156778948
111.63810344975,33.3904001300249,4.37532860254654,-2.0715538664477,0.0719498924795219,0.0340354706621194
118.324056228621,28.7930469205777,5.19881966831329,-1.75198345535473,0.042658686327454,0.0308078771813525
116.377527484069,27.8880977038525,5.11620667108368,-1.94938959132834,0.322730977377959,0.0658053949084211
118.577465460405,33.7889983520925,3.48533107257309,-2.65928122222133,0.0078821851969056,0.067593940168725
121.374400893455,28.6826407204417,4.99040867096941,-0.939820509085221,0.0145613279028545,0.14712525935446
120.400247453726,30.9355590284977,4.66317529530582,-2.26718807685469,0.0824523430169442,0.242949307410375
105.550636990559,25.0737145166463,5.81349263796648,-2.49544930886105,0.111734549958945,0.089968459969736
118.26265892514,26.5490958209442,5.05396902868447,-1.7623848428588,0.0689715771627074,0.155323488942105
103.740237399487,27.4175088910264,6.61155606620331,-3.79220660827489,0.231200573981246,0.146728137099366
101.76339178859,25.3198377212334,3.25694656973014,-10.6290793499962,0.0781889877435875,0.651937713246319
102.072789946127,28.6886165636395,10.3304986489753,-10.5372338850204,0.502360130446278,0.478571295797574
102.778793089167,27.0357389318212,8.04548683759285,-9.78640967144576,0.309947732870403,0.25673158177558
104.981612048159,29.8580479110387,5.80666147822499,-2.588459830416,0.129509629923766,0.100044718982235
103.960559435201,27.7474828125478,6.38753847615203,-3.10182953569443,0.0500659651568821,0.0575797968079035
100.500406180247,27.004585439718,5.33407038740629,-13.2121637424504,0.0432966500354965,0.212754400342811
103.142143948076,28.4217938763589,7.28066847499184,-3.23985728241693,0.0322405507870897,0.145953725190634
99.6220049249763,25.9375236007786,0.927545641967577,-12.2877922136172,0.350266494974425,0.295257381643663
100.994277097276,25.3383397998143,1.94185625046567,-10.411346603873,0.164738079096459,0.0201049085413511
98.3857409844931,24.9194642266266,-4.59482627758569,-5.54134174408332,0.268417314977519,0.171617156014519
99.2319886815005,24.8138838318074,-2.01532277261906,-8.44469089607664,0.514521871877376,0.190518487625599
101.265061991988,28.0784913244946,10.4244864033603,-13.6775196978481,0.645212938411037,0.152082955288964
100.000590933472,25.6116360097244,0.905148810254863,-11.663340272864,0.33242407937932,0.247391648059763
99.8123093969048,26.1564252461646,1.91482399714028,-12.245102363837,0.151270078738288,0.212481102341883
99.4766745123427,26.0958501852706,1.30919864508396,-12.0968490852403,0.695748470885395,0.221931737083029
100.070990519321,26.9470922291437,3.95781465269525,-13.7362468956291,0.314612648634563,0.431590970653436
101.812456032806,28.1648221670086,10.766915288502,-12.4565124391067,0.528045860270588,0.390406051751376
103.18827799197,29.2298196593407,6.3367742429863,-3.26741826723559,0.163809899019534,0.0290112222174058
104.03901158517,31.6601621568039,7.64063247429344,-2.26557778452001,0.456007395679327,0.289731073492165
101.101594189572,30.8774551533567,14.8099012585243,-8.05931813472596,1.00675948265095,0.254504810769187
103.53311260694,29.5423136732883,6.14281430022361,-2.81503395192759,0.113338370385032,0.191631555115628
104.419170624889,31.2784552361269,6.19724863173835,-2.72669555161424,0.215298355030296,0.154625583083466
103.298589866631,34.1204677287311,8.7521103238508,0.39475502277265,0.0812991953660145,0.141951044871676
102.139942611966,29.7457029474565,9.43460891692737,-6.81808384758766,0.35483548405224,0.745742450112131
97.3328947690279,33.92027388306,18.5540346880782,4.58038178554043,0.436117749076258,0.757203444867007
98.0704556140989,33.0483149701729,18.7369448813587,2.19552043133864,0.423061755315256,0.702077312095324
101.160309770889,31.2102755261958,13.1348986976263,-5.30575842044707,0.65287219670416,0.936852416034131
80.2490064464109,37.1692814519141,-3.28435688501519,16.2303704078388,0.202589858204212,0.41338045993659
86.4771508694927,28.7604659835659,9.02088558759855,25.5199792845303,0.37015854813365,0.858093608532173
90.4949059380701,29.9872876828978,16.6035263589912,19.1810980286789,0.359077631656954,0.253660992694143
91.7446266204332,32.141302097871,20.2857003290023,12.4990682281592,0.249724140522414,0.0726218979114971
51.9526722921719,32.2375049507023,-1.79200130196444,13.3068137694524,0.0631320480373341,0.0889398026322131
55.7753352490977,29.0676020320438,0.438560809288874,14.5116449796539,0.170246316947632,1.93598526996259
75.8062999719852,32.5598127661625,0.0152137128512577,27.6708671060783,0.301228569312566,0.644438379074724
50.0870066132489,32.1678439324787,-2.62456511577035,16.6876695983937,0.0661940049833106,0.0514526523763381
53.3473128747075,32.3523783607478,-1.47493595254128,13.0840676627652,0.41285903595152,0.73130043564784
48.9354332780465,31.3076996806639,-2.11150394488263,19.4269367140022,0.375506058824889,0.231354428301002
57.7645235903072,29.7747124517334,1.64102589265207,12.4894670940935,0.0479629271408995,0.43449005352675
60.3831883777521,32.8927754700498,0.900125599809623,3.32931419999115,0.522229182751227,0.0860305768952757
76.970079479689,31.9392594428739,-0.603819249256767,25.1074004246763,0.207555789301502,0.401362394979863
62.8003055623354,25.3966270387339,4.31394665814307,9.08467803448088,0.152915476582568,0.964284085016364
80.1980566112844,29.3127735775426,5.22643617628033,32.4287817570995,0.895598289005103,0.945200576892996
83.4638256097715,30.0208116116319,4.92835817676287,23.0924101539403,1.14652773694163,0.931586247315488
56.6765935737352,29.7040667037863,0.430342042623406,14.3042248270008,0.344431207408057,0.135436733398071
54.5440983217377,29.3314324827583,-0.721738328772256,14.0913104217157,0.30696516374783,0.488671002851069
56.4899284215364,26.2888829973018,1.46826156269435,22.1184104601725,0.191578391511724,1.95683077592823
56.0226015377904,27.324866711061,3.41316565398601,21.8774791960598,0.864866737094271,0.695967301125458
78.3225107783516,29.6461301664398,5.78456863308314,31.8612656489094,0.231215839248036,0.496270333018004
85.1807742879251,27.1074472951582,9.50386157508004,36.414511247939,0.522936965642834,0.88733394234628
82.2880043017953,30.8467693594481,3.18723984182386,20.7202469040514,0.485201795674585,0.909393390351682
86.4885859951724,27.1203691142211,9.53523398746715,32.8342939448438,0.147597968941419,0.0466561847656319
88.3270920267842,26.9964127745402,10.1111787777126,35.166595083257,0.554220763481052,0.944150339791965
97.3905467248086,28.9852416445083,14.8488493270201,-1.14742959522081,0.901126889040863,3.11723871445527
46.5043210972578,21.6332887320626,6.49477640957771,19.4233277089823,0.394108795795305,0.0664977274660808
69.8843831541169,25.4206054047012,5.00110659575049,30.4019213506962,0.133367554194303,0.235095588821548
46.7231779702173,29.2106578605273,1.29836649382365,19.118136328839,0.237826075546159,0.523878733858184
46.4371054030804,25.3916045312815,3.53560948331798,19.5661160917295,0.00936143802419828,0.0688653496318898
42.4608683947823,26.7942498919875,2.361159365213,17.2718197484477,0.0477866566227752,0.0656547679215778
39.730327906706,20.4990010162234,6.40650332678821,15.1133909973695,0.349597658489828,0.563763570664917
40.1489039372773,20.8982797239685,6.46163113500534,15.5629844813527,0.227128174508219,0.0643040837582626
41.309480525284,19.2413401184399,7.43910971677456,16.4472887612832,0.184610172049896,0.396110790536444
43.1932089343498,22.2062651808443,6.17279418925107,17.4706745576005,0.0586781646036281,0.0504736612187212
42.2123642505494,16.6909520630948,7.72082455911783,16.1850114315619,1.21293005405306,0.609631274501545
44.1792201295816,14.7451359022413,12.1446116003708,19.3556643583419,1.03337813367892,0.82828309370959
37.8624062212238,8.62605668119044,-1.40393349300056,5.72002043980812,0.382811167667603,0.206307618478592
39.4564758154744,8.3998273313591,0.767495416630542,6.20430694725671,0.997599590550194,0.118457342016401
49.6541645717066,14.5527245736438,11.45227455443,21.5647398871132,0.0867364164756311,0.61078432641519
80.4424189533896,7.67567899883204,18.2100882757482,36.5079166606122,1.68879817769852,0.473631696197473
91.4854818731783,25.6086282761498,11.6727009892691,34.0397696418032,0.204411710484117,0.0100654433837745
94.5489232452456,24.8212204519506,0.211683000183865,22.1148821358544,0.244730914957096,0.316575629453942
98.6467310761369,24.6366880859102,-3.99551011840917,-6.27134214798083,0.0336055629806669,0.148281496017363
100.711203464534,24.1196777620538,-0.0956732132577198,-9.22406425736361,0.229529879355745,0.027149040444155
101.544538697174,22.5084785415322,2.37614282623658,-5.95280986134651,0.0748284135898462,0.0287015571471876
100.915735517398,22.1333207095815,1.57438206447917,-5.22019948119485,0.142669172851315,0.266590217554431
105.032786138309,23.8553652184613,5.20922176083308,-2.2794418834444,0.120001601986979,0.183176158044786
112.6854543743,22.2421536215279,5.53694621135829,-1.86281289999906,0.0348816273401285,0.0265815912379645
116.609218074228,23.0778265113575,5.26743558675582,-2.04988115964761,0.0363907111325849,0.191625222285758
116.977501292601,24.5850940304855,5.49504472504223,-1.8760040990379,0.0405281943110997,0.167175735740717
109.602345230214,19.8216698748365,4.84634100095523,-1.75099721511064,0.0409504303934489,0.0243707363606018
104.768830937376,18.0908015305912,4.51158663285591,-2.06259372278995,0.119739537175836,0.0950104709463494
-7.53466927309393,12.4588623709081,-2.46583807664715,1.54404166490022,0.0381834784633956,0.106610462455319
-1.21884804052688,12.3327449591807,-2.52598610951439,2.54683008389951,0.0166066470060552,0.0782301978116767
-15.9409871264665,17.8188165802076,-2.39512614680283,0.565014048085589,0.0813448406457567,0.19447807481419
-13.5680190113433,27.2080644429528,-3.83096734785785,1.72219112136395,0.098347899101556,0.098802348311212
-18.3590051982797,28.1004428163549,-3.40837211192483,0.647415911864857,0.0877843152705865,0.0185198576109895
-17.957244828081,28.6440032144146,-3.41364127570364,0.457926312827403,0.19047193826335,0.240249315932054
-14.2152656972694,27.9328844190877,-3.81421697093976,1.83757179858038,0.0154757657382518,0.162389778599543
-8.03141865245555,31.9424984962488,-3.97225843867045,1.53818520655498,0.0679789216788836,0.0298694933140164
-4.62626025888658,32.0118168862426,-3.7385633013835,2.23075304824963,0.0560297720277301,0.244495013052476
-7.23753543004387,33.9055655275627,-4.09726490054482,1.25745921820614,0.219887852581622,0.276459049833586
-5.24548690621539,33.9469753351569,-4.11135615512079,1.05879451327783,0.091261324382618,0.0995365220388605
-6.73552185346792,33.1786390322275,-3.83569537900633,1.45073338148916,0.295427953478427,0.249200521030675
-5.16468851895004,34.4348268301631,-4.8206363248141,0.592306520781409,0.286994906423251,0.519749408080052
-4.74739261122317,33.3894370013492,-3.63147978894901,1.54589027334253,0.134344265586836,0.2125201099892
-4.98499627717761,33.1778044357519,-3.65667173778693,1.65617734091283,0.103243516648576,0.0702127797068901
-4.19853879109864,32.1796150205942,-3.69804721997792,2.23727198718142,0.0560984119166623,0.0843823410862833
-4.29513702405438,34.5230009338515,-4.33064676403921,1.77505568204243,0.029429564353102,0.0301551535049747
-1.3070328616565,37.6309064394478,-0.465494947691288,1.57795654379319,0.0462586934483351,0.161968568788317
5.77252476974128,22.5612442996056,-2.84401361015088,2.97663332610733,0.295005913331521,0.118642287012308
12.495690271162,12.9098076349309,-2.69217929723748,4.78180440680837,0.324094924137605,0.600576464005965
4.32315941524346,7.3300950745492,-1.60530904338192,3.13845719747388,0.110092936862722,0.0750758803166726
10.9415204300466,6.92110936403381,-2.22381971681767,3.67863182229104,0.161207081148829,0.0320853980458078
36.8591721229386,12.7708370118553,-3.03224284215004,6.22463907082577,0.577652500330331,0.388800662960315
37.7229601356125,10.0890072524713,-2.33208653094159,5.43424347773678,1.18214688075312,0.59574690855132
35.7687822239598,27.6034862125349,0.276218707544305,12.3814269451306,0.565410942134302,0.391051989025777
33.0485004083334,23.9906760956147,-4.83253642939045,5.86374570689515,0.570466241341223,0.895008459697235
33.6125107779329,27.2614667804528,-2.61517907388264,6.63069770893749,0.488755817690844,0.290455527735165
35.1077447907543,29.325454730791,-0.472116567381434,11.2755071391281,0.183758457311511,0.046731625739619
34.9251059631001,28.987115805468,-0.250589540733208,11.1722320806547,0.10060292029078,0.120863079259296
34.5990887564879,28.3763665015499,-1.63616009780602,9.27021268985458,0.531403875758032,0.698226130384164
34.8527067572215,29.2312018056143,-0.50496838742954,10.42959403044,0.272394489550918,0.138643657257574
34.8260614126987,31.5952697484849,-3.61822099060771,7.69070166151964,0.014251594979773,0.0192509404681613
35.1305133561658,32.2117779730834,-3.83231075737705,8.18720879808962,0.0254656935037473,0.00759199419083428
34.7180665373021,31.6143511337,-3.65419590546625,7.48382839378049,0.0255390014571899,0.0691556297744223
35.4359575224867,31.9704867058231,-3.32579230390971,9.36708037519583,0.0421449247560897,0.0838263345477386
34.9631481548862,30.2654304724747,-2.56536691394802,8.2313079627591,0.0381841589213289,0.0420171368141438
34.9886220474197,31.5991415068174,-3.53659344100308,8.09955971107396,0.0474202395275167,0.174065947922422
35.1648374040998,30.8903835699273,-3.09421616618667,8.02566184836465,0.0224815990933993,0.0715054638175329
35.3516044153259,30.509219794262,-2.37713325645656,9.95869854591028,0.0604418357477435,0.326963846533892
35.0437250164278,30.3007310466351,-2.52466121166787,8.55792545094991,0.0295113130774344,0.0487225418663008
35.2064260906229,29.3235259013839,-0.305182618740933,11.6557871590215,0.163414691656995,0.12985514480937
35.4996944410444,29.3536249169708,-0.0969823297840283,12.2697969497409,0.155118588907689,0.0954225823123775
35.2047016566297,30.2618286449447,-2.2134089169558,9.39140806239961,0.13777475399007,0.0741471998755443
35.0122948204728,28.6551603753751,-0.199654768243301,11.8474290237907,0.366258673444537,0.453879554692217
35.4048405157387,31.4525685761494,-3.33055864035108,8.59856235008498,0.0840578852451108,0.179779541493687
36.3484132710193,30.5603102258924,-1.65135851066703,12.3976522115179,0.257064982391396,0.233099189036523
35.9844741945004,32.4238530569347,-3.30107144203572,11.7223280236816,0.0417719822742287,0.0672406536490944
35.1543254269041,31.2447486413741,-3.61577302064407,7.75107276488947,0.0379950289983537,0.111158295741176
35.030364799148,30.9325565287364,-3.18532791868244,7.60808946158448,0.1088719444141,0.0357713744157235
35.5726219395362,31.6422722119211,-3.21920688313902,9.96120499258049,0.125336398249342,0.324847337189394
35.4273128269639,30.3358310483406,-2.10425139538686,10.6037819117342,0.0180307246308135,0.339303807905421
35.6159789461806,31.4088494712464,-3.15766394348219,10.117639498193,0.0897526024262661,0.394169310082854
35.4908582226466,32.8636577042634,-3.95914517501577,9.41468315136495,0.0706437216798212,0.0175278019285387
35.6669403777722,33.0261213654724,-3.98007892980841,10.5632932574717,0.0224195530957018,0.0731415767950935
35.6136587587005,32.335068245702,-3.4122834572914,10.3157305301565,0.141429105230349,0.199532945705714
35.4895332870861,31.8526697191264,-3.00818293290163,9.64261656501634,0.176127662721939,0.0552787727645102
35.5261903881849,32.7576723744636,-4.09123692383646,9.53717141849779,0.123109632338032,0.0286395836651616
35.7133531323322,32.7734187978995,-3.77160783386828,10.981598302854,0.133704756700342,0.125845944463302
35.6665155797809,32.9602830131915,-3.93381856762155,10.6491885156071,0.0138596399520755,0.0878301030367648
36.8759303990201,34.9664474742727,-4.59250140835572,13.0113001338054,0.121800215054918,0.321421037030354
37.7659766475863,37.1849146762776,-7.57015577379013,12.7000741706907,0.31552779634459,0.0189804928889096
36.0086061011762,33.5450556890267,-4.27801357660772,11.7829927889513,0.00672144680984542,0.302742489081284
35.8983488198108,33.8443174470277,-4.68734401573119,10.6535570054901,0.0881404191600814,0.171403981813599
35.7444312603371,32.8777022737629,-3.8501769647941,11.2109183977549,0.0555112217868328,0.196844998017954
35.783731972784,33.3745681533084,-4.52059774641798,10.7809129638659,0.228697286881747,0.0777998364940309
35.3398166405069,32.8092449727896,-4.0515502277384,8.80864772950005,0.0178223510668035,0.0288980464249347
35.2249773027123,33.1301649361783,-4.29334024666338,8.52040079590041,0.10087249608985,0.0498828516945558
35.5601512128158,32.0995130550629,-3.24179482873879,10.1296677992821,0.104336804608822,0.133412842238256
35.3539329399071,32.4989712655201,-3.98833371597743,8.67439278884481,0.0277268717090422,0.0605839917983583
35.2493564113588,32.6506031725704,-3.97696595780986,8.5420827858983,0.0219656121873742,0.0708127500083849
35.4598003711662,32.125813583135,-3.33436096574624,9.56642835849066,0.143727885061523,0.0601335387434633
34.974992968717,31.8808918104308,-3.60631127472185,7.90926576876109,0.0113335637256836,0.0147838254332646
35.1610426514196,31.7700358010242,-3.30063055674252,8.27477143485473,0.0330404399544712,0.00989232461966858
35.3833774061013,32.0857804426964,-3.48247248715183,9.13190560573386,0.0214253812170866,0.0188890142519884
35.0291074231228,32.0949733602065,-3.69995517204161,7.9587088188801,0.0332682316136822,0.00644361716192092
35.2085955781774,32.088354889404,-3.65319423434806,8.44019052435896,0.030556668946499,0.0194408120088824
35.5868207213641,33.2596338737993,-4.36555959530282,9.59937135590349,0.0388903882089686,0.230716638657156
35.1586290980139,32.547505001845,-3.92690157852741,8.38783719489921,0.045269448141734,0.147056578403925
34.0896804338216,31.2951162928989,-2.8332711408164,6.9126699498066,0.400592385324614,0.222042343242188
34.4335330204582,31.627981204308,-3.49129404607005,7.32024349954779,0.055033108038395,0.0848931901767326
34.8185053419289,31.3870479691956,-3.52816381145389,7.69579393446196,0.0456738636549868,0.0196550565045477
34.715929694738,30.9332201489168,-3.24994883488355,7.49176603456622,0.0395446590706251,0.0284477015980039
34.5671411847818,31.3682081745702,-3.46985358575469,7.41476007672279,0.0808943410448436,0.0213318989278167
34.600339717165,30.9880656099476,-3.19497558592968,7.4699462904432,0.0623002613189565,0.0228856362719198
34.752916533152,30.6501430932985,-3.35513348702912,7.6196150343729,0.110005642903011,0.0255713922345453
34.798964196346,30.9827375177372,-3.23559764818719,7.48827268770328,0.061450714170851,0.045013735275137
34.7935713043048,31.0716288836688,-3.28697484991791,7.56944609764734,0.0247332852536316,0.0683670921665669
34.8743250172527,30.5389990981977,-3.00552024488922,7.87370023910324,0.0914786703479062,0.039937311190972
34.6025711072583,28.0879829954293,-1.47033153062268,9.53629451187498,0.17579579678635,0.23362659972739
34.9593627485952,29.3176563737831,-0.727469349514905,10.739332468278,0.172704369866845,0.114034396632406
34.826332061065,28.6906521603924,-0.556071231422956,10.8372802650506,0.161567463183928,0.058926114946459
34.849605591629,29.8194567703454,-2.16505076934444,8.45654171774187,0.0315228091295822,0.0993274592604384
34.6536567764681,30.4957348963182,-3.09563241983839,7.52609173884789,0.0351477286327633,0.018206947975945
34.4899437232863,30.9265389311434,-3.24540248701221,7.41740643062941,0.00585240640420209,0.038790489382538
34.5611739352264,30.5748899505282,-3.24311255407856,7.4795039224612,0.0493250678763271,0.0661895849463078
26.198269260769,35.1973805731722,-15.6975564968335,-28.0783650644004,0.500474186490583,0.480374844123581
24.3165827553966,35.1322221450312,-16.7381931171015,-26.9416141632216,0.181118382074445,0.335941860314105
24.01389411172,35.162047057013,-16.5147772759833,-25.6307828522759,0.339026188042793,0.391794870297009
25.5397389876213,35.2897204957192,-17.0686087461713,-27.9993710627459,0.376447052312762,0.0437774331445528
23.5072470309881,35.28009835118,-17.3278095707747,-24.572112967648,0.462599322629345,0.235441992524389
24.2370797844955,34.7781565351739,-16.8717883963852,-25.4889677323017,0.0443142247782747,1.01860070089368
22.7364977634526,37.6163105756356,-17.7619331574086,-27.3771619851565,0.299333345854402,0.111927624292869
22.1932268515968,37.8863819582027,-17.0281032597786,-25.2654527756054,0.783706997629667,0.111739602791239
22.6834351932722,37.9841445750954,-16.2403994794221,-26.1967433678285,0.171370261773353,0.832809286704234
22.157249342968,38.25457558989,-15.1611987163507,-20.9781393870993,0.809249797609443,0.686247526005419
22.3544401287607,37.9955240604809,-16.2059172651049,-25.0332143574745,0.583964198109961,0.722871100216259
22.9280210052343,37.6959338852402,-17.100344825699,-27.4234799709212,0.120273192301702,0.129409853538518
22.7662071502615,38.0280147651234,-16.116959449191,-25.7181034683583,0.136295028907712,0.437230116062588
22.8909046975963,37.9504067501396,-16.387905387017,-26.4043607321441,0.13277542826714,0.25177002342685
23.4934932173461,38.4149485813047,-14.6966162477334,-23.5277663737473,0.168718060723678,0.228343530401426
23.1154200281074,37.56326079092,-17.1055568373499,-27.1505353384505,0.234018454416178,0.0785243595188974
23.136277863338,37.6768492334402,-16.7909548272338,-27.0252064302925,0.218163427039619,0.0836716211680675
23.8485689805841,38.0241163791319,-16.4245775303113,-25.7343792668996,0.0713641812354613,0.376761444311148
23.6244973936857,38.1139760117095,-16.1160930631257,-25.1816944034831,0.200999754696128,0.221304257615617
27.0298096058848,38.1183515185706,-20.9234265218038,-18.9699809828667,0.305272183589024,0.54156994137263
26.9193143507549,37.7263909497922,-19.9072769659657,-22.6044158511796,0.301466661910979,0.39147299105809
27.5031180420468,37.7907332382607,-20.9895760308697,-21.1002188492274,0.102857147349688,0.508856808575554
24.2115274395109,38.2456270343706,-15.951739933255,-26.1791662699686,0.0711504648641648,0.21146538212118
26.9348301061545,38.1145865742409,-20.4860643130551,-19.3591690131993,0.0209073383592698,0.63360142972487
27.4790410824609,37.9440718331581,-21.1790528828485,-19.6837706743795,0.0934315771137881,0.334194011929402
27.3679599879499,37.5433064683645,-20.4049581009606,-23.1268917132064,0.258257616960839,0.141715026166574
27.7863680242973,37.1871136349663,-18.9388842313384,-24.4812859742246,0.0353120626829942,0.146987941607364
29.3465386793599,37.089731800877,-18.2732074985054,-12.2095993268245,0.10132013100453,0.0180031936268952
28.6293293275115,37.533830870049,-21.4359839603667,-16.3005010746456,0.0717902079488195,0.241582568586833
29.3610773807531,36.7590068597541,-15.8054868753639,-12.4624399384012,0.341628395228871,0.239315364436494
30.0955152379448,36.4443951511001,-11.5926847133183,-7.19119300470279,0.442199148645005,0.278217538354118
28.8162681432975,36.7804665053802,-16.7386467010395,-17.2613496477927,0.809977399265357,0.394224734968369
29.0155282859181,37.27550155932,-19.6349888513997,-14.1731182246881,0.28355142071502,0.080570752210178
28.164089159009,36.747051844506,-15.920998090184,-23.7865456783212,0.133338607830878,0.549611265447952
24.378603312664,35.2306213551111,-16.6831534269479,-27.0148066999295,0.306059729122986,0.0884271543479221
33.2713954953312,36.2041935281006,-11.2949111494517,2.50556518689545,0.0494721512929005,0.144443856556389
33.2949608403016,36.7388723609304,-13.264375481311,2.15337802829256,0.149927586398046,0.117064039498752
32.7559254986357,36.9215452760922,-13.7647551018646,0.908942819183562,0.0538106843215235,0.0994846648573114
34.322561855341,37.4784697215259,-14.990925614724,5.19441869281623,0.178329002932919,0.280798892378007
35.306361878584,37.0434039415485,-14.0561315723872,6.86101092813769,0.147812995738068,0.0902875316433095
36.1318974401727,34.9551291206667,-5.11772118661713,11.3354014364167,0.0505930130939009,0.0276940100255813
35.9888498440069,34.3676021274583,-5.25109137847004,10.7755589244088,0.319196573560006,0.0927749788277446
35.9963283185897,34.849991454478,-5.13970587442287,10.9635430657085,0.061493823715554,0.0452349453831358
36.5449084389755,36.0124927010895,-5.13223105440111,11.4974316592108,0.98536700949404,0.770632848540172
37.4696347120725,35.6302488127153,-5.04903974780184,13.3820547453861,0.21835645284439,0.23539404441285
35.736543410072,36.7632606457276,-12.5240389323096,7.99027738660591,0.496136975313007,0.0696075599400498
36.3888254991149,36.1401061597,-5.44626605630555,11.113436188396,1.17209230559743,0.6344847154573
37.0465533153551,36.6693587185609,-7.16248285624335,12.6825327499122,0.101226684274786,0.262576712469434
35.9490957135577,36.985237582961,-13.1909276794237,8.13529660318068,0.564511055031906,0.203195389632972
36.1203726673671,36.2712606310437,-6.94669068665569,10.4327106350947,0.766219127848575,0.0972854079756526
36.0562318435967,36.3663058399724,-7.93611177134089,10.071498270273,0.465344916383514,0.284050071378043
35.8001647719865,37.0015263946176,-13.4873104211469,7.88932365585042,0.34703991838616,0.124167410810233
36.5755011785135,37.0710158708403,-10.3190399495442,9.5008554114965,0.196805839341688,0.130372022699975
36.6911931395345,37.1022120343163,-9.5681926140789,10.2073643800711,0.454942570732463,0.343097567761152
36.5747964321574,36.810635553042,-8.7255668135099,10.6301932226577,0.576724237428761,0.0528427519769419
37.1548546855238,36.9977858151369,-7.91688639560859,12.361351834547,0.110082307054584,0.447333481096533
38.0659200363606,38.7327860832331,-16.4297567827486,10.4260754065341,0.0424540902147641,0.276368459581019
37.2673401004987,38.0157038577885,-13.8417048670105,9.41876952840808,0.304887653596852,0.247249982463347
37.4040197959196,37.4288226110678,-8.72450252277111,11.4894558784611,0.543462188800447,0.0460571118572959
43.5821735672859,34.2969789744717,-2.87119569111948,18.2609621532306,0.464884611185071,0.673113019560277
35.5774734343571,37.091594600462,-13.9675457232812,7.42554554460995,0.156946655549108,0.0850593446140221
36.9570547442835,38.2652021803776,-15.3858304615065,8.53755165457088,0.274512088120149,0.0110463230836797
36.4945640690195,37.132082670738,-10.7903125573197,8.60389691367976,0.402578178527152,0.178246446060799
36.8183475045873,39.1341486241108,-18.0210906455265,8.13494310455393,0.046438409221229,0.1042972470556
33.38445791939,38.0883279693303,-18.9563964626632,2.57643625758495,0.336804373484718,0.313535958946908
33.8818784517808,37.9538958795422,-17.8339439192815,4.00779963590843,0.273867119737677,0.136384906410666
34.9549702235499,37.2222797816215,-14.4266935331597,6.06541963985008,0.0318568577766943,0.010778907315605
34.3622808895993,37.3295123196101,-14.5141773621342,5.13980257197684,0.240817041229464,0.249493897481417
29.3638799062493,37.3921488498638,-19.9106451714331,-11.3145592142119,0.183941428895598,0.421759991886585
29.7066929230813,36.9445165316424,-16.7765432239845,-10.0627484146621,0.257798135303876,0.0352695547650996
29.6734952337473,37.2298014211468,-18.6755815560269,-10.1594805751225,0.0603828443561289,0.209641522568469
31.9767980661349,37.0517299996499,-14.186256020362,-2.08791175169808,0.298221419898564,0.29708278475198
32.440729187127,36.5703629960159,-12.8170494842647,-0.161877981461725,0.376777420821579,0.0289675654179688
32.4018301242156,37.0674863899245,-14.1819833745282,-0.0983844461062111,0.166331038176744,0.408581957356285
29.1082880672447,37.933717818523,-22.4224923786915,-10.9099719874091,0.0631299147383233,0.676413122102668
31.4126157755983,37.6204814168959,-17.3237300723121,-3.85447876648506,0.242942213124235,0.0588448589850427
31.8206038510191,37.6724154956601,-17.160390671633,-2.62978252329171,0.293357856142954,0.050773684151019
32.422899536097,37.7006436661234,-16.9931076695353,-0.52030488518655,0.0956014891037452,0.0439000409029401
30.5735016095091,38.9464328856697,-22.7920531618114,-4.15666882872262,0.147460161846258,0.0790271288750704
29.6077920024105,39.5609019421425,-23.199654385899,-4.31313740061787,0.10396394926672,0.0542263878659115
31.2845153174704,39.2047814194156,-23.5459225527488,-2.22810911258425,0.324852383467038,0.337897957547944
30.4854047149018,39.8094931543374,-23.3979840996795,-3.28027872571696,0.115919832437334,0.0558730878276999
31.4906606275159,39.9227666197956,-24.0197717962619,-2.12751170158848,0.0616781836177843,0.255270789623304
31.249104650228,39.8670585785655,-23.7456034315617,-2.60905693384372,0.174603643175636,0.425856777309923
30.4585872600427,38.6030508517134,-21.8894045129183,-4.88824754058755,0.223145623333774,0.194090647497475
31.9515804401668,40.0862946361885,-24.2874028622213,-1.36872142299725,0.126163216696362,0.0999260666958777
34.6754961384735,39.7695595771487,-20.5759512072802,4.19248674790758,0.128117589361554,0.12876446987944
33.037731632135,40.3467758009545,-22.1257417462134,-0.483506164481974,0.219857100470883,0.187726517969499
30.7576797960566,39.4987540958104,-23.6293020022424,-3.14096380089547,0.0932486093272702,0.115989030983244
30.6701359432756,38.6818302555261,-21.6981795977425,-4.04579760532908,0.52800711051522,0.386393231120721
30.712209614604,38.8387634102791,-22.1562093574881,-3.83180199308239,0.512737450263409,0.235231754919697
32.9306482582405,39.6968720443354,-22.9032188030395,0.585967613517355,0.328202804129681,0.115205353863207
35.206375653817,39.3691876375421,-19.3490189499826,5.05555738650424,0.384447131771952,0.21625207705276
34.6084563100641,38.5385239190609,-18.6696652115212,5.048024053699,0.14307845598406,0.0746035169237722
36.5942222744697,39.0006280440195,-17.9164083451571,7.64778424969551,0.300944776730311,0.112144852499834
36.2933751832424,38.3652556416597,-15.5956816731932,7.56212704424443,0.31111354944114,0.123994517458375
37.5638494651215,38.5692341114091,-16.0757250365039,9.56621987833367,0.14051814718796,0.346420596187017
37.0239946669906,38.6608590599194,-16.3816598984117,8.66675631777717,0.105189533856183,0.108479733706982
38.0109986774351,39.3869362127004,-17.9398092743373,10.0554301572968,0.480973735631651,0.16290479157078
38.7825777821801,38.0371823943614,-11.0573115243762,13.0503653863756,0.268826358716627,0.378021819849593
39.4703927812333,37.5977850573622,-7.77289569558063,13.6195384349019,0.192284647478778,0.159716138935086
36.4748269844402,39.6358594819907,-19.5869423356426,7.53548012028553,0.504745132271385,0.0205577804020989
38.5569064504962,39.1990001995715,-16.7401381747512,9.98557058191474,0.315354459614233,0.190899727698329
38.3979316479369,40.3327746545908,-5.22932089722768,3.79989625341791,1.10382160817956,0.379373378480174
34.0073588399281,39.4865804720014,-21.0985433670843,3.31856574446114,0.0358636927775798,0.0359262894921461
34.774508422633,39.2913168418439,-19.8268202325783,4.97562777609581,0.2455437684828,0.228436818041319
34.924816132342,40.0110052509732,-20.4754269327675,4.65500146094235,0.0364662293881831,0.0944991950018195
32.5349383209504,40.3036831862895,-22.7848311987498,-1.83276724448134,0.381247877966403,0.26208102769604
30.8817752031991,40.313017610776,-22.908078606639,-2.113617336137,0.689626690712492,0.107632695112955
31.5306463622392,40.9332910223709,-4.6336734495266,0.782707137624973,1.06093438577157,0.324633586233744
31.7055583492784,39.638957267888,-23.7732246907047,-2.1597860549724,0.403838969433854,0.294109430644854
32.6017354916969,40.4554616881655,-21.9065389991022,-1.91958670180446,0.29013532128723,0.145153453422899
33.7307068865092,40.7538798248768,-16.7326077784052,0.212466163246108,0.245501666329741,0.153105943654392
37.3864508933894,40.55576551499,-7.39883370003537,4.46719420831825,0.685259470665732,0.338482052521903
31.5867883537026,40.7116494183077,-12.5287926213612,0.587213002076195,0.44761457388154,0.307669739581056
32.6119567996615,40.916931251854,-8.81820427340274,-0.668241719787689,1.3788329321058,0.09317170631452
32.7450240892241,40.7827605336959,-17.7094938369374,-1.55818405425817,0.929398989528527,0.0851172513387481
30.3340624552094,40.6932804104246,-11.3519914427866,-0.995918776605615,0.894926466087538,0.254243431918409
30.6550367499596,40.5857119670036,-17.6286785748732,-1.52891987083386,0.387684963485752,0.337503752350451
32.2062117793995,40.78228010059,-12.9189687044988,-0.715105132919094,0.438708369168912,0.15819958052162
30.8615035901264,40.4171716312954,-22.0191885490769,-2.05572901665804,0.608773625186979,0.22385192480804
29.3312135213128,40.6160058922936,-15.6395082569843,-1.35595948320458,1.15311037892019,0.026460607798977
29.5303924388518,40.0562905727555,-22.83175678116,-2.70933832451604,0.570667216576542,0.104038347825797
29.5151374614689,40.6716432594713,-12.8937390508724,-1.6685743769006,1.07252268446923,0.100080035196495
29.742266739908,40.4182101423953,-20.8330933940543,-2.24849048860084,0.148730593638262,0.115744152854278
29.8191561432105,40.7050323460373,-11.3068388956917,-0.875564622247222,1.3206296099606,0.632917062382976
29.1776840103134,41.1884062898859,-0.110285910013277,-1.03410482442001,0.354722429147182,0.7629905932953
30.0175532059526,40.8258146000276,-4.32829700203494,-0.859693497389,1.05998188542602,0.241918869425834
29.9049498847944,40.9572329083013,-1.32014075571051,-1.0285961582672,1.22635043199276,0.127978161544648
30.0963008180562,40.7389044148551,-8.92344440355037,-1.04142721667908,0.606989987311087,0.162193047454825
29.3666894929326,40.8292656345651,-4.59904984944232,-0.778330889036303,0.54734385625888,0.158637131212082
29.2469817745592,40.9244408446325,-1.3211950564877,-0.429471858224064,0.495368719872799,0.209785270548318
28.7728272257498,40.9698529104932,-1.64737731333578,-1.35785720719008,0.199494680927513,0.0185743935908996
24.9358830807448,39.8925687717859,-11.693471689073,-12.2829172316655,1.03181411769734,0.0838474150620751
28.4391708632054,40.3834349618112,-19.7274803642448,-3.57280627372152,0.369555950697888,0.150865839722976
29.0114832809108,41.0405755036494,-0.750032373211207,-1.01246841344857,0.36076986175822,0.213417267476671
29.0776168513382,40.8599512656352,-2.85986081729857,-0.446959451203526,0.441481837410161,0.0234850163920453
26.6210886268967,39.6619369358726,-20.6276824397554,-10.6106499014694,0.416855562504638,0.39921380267394
27.4946633146275,40.1803777560885,-19.55971170067,-7.63969972274079,0.0647088592218964,0.0821221386389415
28.6939403115232,40.5100760966882,-17.7111888224268,-2.40670029671141,0.340218559502166,0.485133787340373
29.2586963677191,40.2535262324955,-22.641270877001,-2.02315937190224,0.237878861691691,0.0715059643669887
29.0860452206375,40.2056352251788,-22.5778857709545,-2.32780471072689,0.445793490553369,0.140785081466128
29.0459400023407,40.1260144886005,-22.6758234725108,-2.74077843958337,0.359210084877109,0.109312192766825
25.9327613258525,39.5095720942982,-19.0455007065105,-12.7194634258566,0.846216612474538,0.880699422154245
26.2550232765723,38.2435294746606,-18.8441878861292,-21.6748052106029,0.280358173700443,0.0494751118201553
23.5816052654927,39.9792017331901,-1.81183419765851,-10.4114705795849,1.38285657795958,0.823009042006124
23.7943539410769,38.485034888511,-14.534589400006,-24.3521976605497,0.0874003515823832,0.0965085562504165
24.0695067747221,40.0713418508848,-3.55278643697352,-10.2610976312945,1.29669012309671,0.382716027794406
26.6780030838364,40.3753004872829,-13.7489137549719,-7.1083220811362,0.421350056552923,0.543099898446355
22.2489225805576,39.521870428447,-3.69627821084888,-9.28168127333905,0.0920622693919631,0.14535966871996
23.2578716891637,39.3237908582216,-6.21514632116959,-14.786559170247,0.145641808028474,0.427904544556571
23.0538139605572,38.2312897976142,-15.8613641686196,-24.1056394808937,0.218872016382896,0.372416575201088
22.4342492136471,38.4403342985953,-13.6286228472024,-17.2195263865758,0.0375184592869841,1.17191706495339
23.1345914351396,38.538177043092,-13.0122260411862,-21.5773034292975,0.260123900366714,0.441936360760707
23.5611967790433,38.5687959412886,-13.6870820310833,-22.7576555232834,0.0138733796316989,0.380511444379517
23.7387066776427,38.6817643224649,-12.9891667662625,-23.1679054154459,0.147441322726593,0.0767680148367694
24.5690345624235,38.7372626461413,-14.9811656468095,-23.8037098806205,0.127079800030249,0.975640127370848
23.8466871329525,39.1521149730292,-9.8553436996828,-19.8361491563775,0.191925778215779,0.379897702352104
22.5339057179022,38.3157624727172,-14.9946768049789,-20.1792700901048,0.201659601278026,0.529291298830604
22.7924473144411,38.5189563330129,-12.6930181819424,-19.0000144737335,0.225257684528554,0.522252273582407
22.4758519910014,38.6718996751323,-10.4001176286932,-14.6110815902879,0.459719614062965,1.21898461037945
22.2063829442814,38.6166402357679,-11.1977332003244,-13.2824377645122,0.310724082859214,1.33773240648207
22.7306665276908,39.1430462358417,-5.78728389938803,-13.2678281819169,0.652613940185371,0.190778441651886
23.2399653887894,40.6089063335511,-0.0772427121987585,-7.07223813117073,0.482961295995641,0.184603724698982
24.0969608164591,40.932185625114,-0.146262799765622,-4.54677665066365,0.0725069542225934,0.175651837313023
22.4686110178646,40.0369530077145,0.242061891493951,-8.14865545906177,0.766891667973452,0.367310216568798
22.7976573436518,39.5017031586428,-5.8093395767317,-12.3954454492032,2.05711518412057,0.726444415166528
22.5343057126781,40.409842394383,0.729941134471649,-7.4261656168145,0.175985898334487,0.0627198283221963
24.5040736238693,41.1070686363746,0.0317627068317799,-3.74601511224614,0.216005709553101,0.18994388913206
17.979082557437,40.3485104240921,0.691991101878488,4.11045774110557,0.0242745407925553,0.0483463383150335
19.6494080212698,41.3844211868159,-0.654123041317675,0.803829797820299,0.318443822732045,0.037859259840671
21.4588479686845,40.8504901061962,1.25956488163321,-4.14571326220798,0.206714323734592,0.0888638709707457
19.9835160833549,40.2998510900827,-1.36217048028207,-0.0323567799100161,0.165359875654314,0.116370199245852
19.7880840128469,41.1053460730885,-0.78889136094718,0.384575690748195,0.333706345533791,0.098364703461748
15.3468618672695,40.0769261428541,-0.288637210181317,2.52843858817225,0.0464931015244511,0.0596603795645846
16.0037411241123,40.269440632594,0.173042349470716,3.95102543259696,0.217712257655733,0.0263379845335234
17.1905912839275,39.3617281941499,2.20611787004378,3.61867955721355,0.243983079060145,0.0664631744159671
16.5696038059097,39.8679745405009,0.866921901353553,4.36641801568458,0.0467738171225118,0.14178697136575
15.756196502119,40.3696758661764,0.174392670741303,3.783251124423,0.166332470757374,0.20279270929387
16.0351745522725,41.3489705695073,1.06162507836308,4.18807365199622,0.00433535227550874,0.139859415859707
17.2006921104843,41.0212674626335,0.787034450051259,4.07627973296929,0.0986429221971851,0.0792697353787729
17.2039308540715,40.5415763554212,0.69195133738324,4.20763776350706,0.0843695295315354,0.0103034414441491
16.8023705180114,40.3864373530926,0.556210712279943,4.31307512882569,0.0287890830943574,0.0757770438095135
15.1607205882799,40.7561150823601,-0.163343404240428,2.69827398745426,0.0897057409794751,0.112655770756438
14.554619507708,41.1313897522924,-0.637419272231376,2.10647072399314,0.0905702138069825,0.0252949899094004
14.7619763003806,40.6895955602409,-0.921509648874869,1.88754827579917,0.0113502343872861,0.0993172896570819
13.5270639720286,40.811817813908,-0.890797062727091,1.56912139321515,0.105402191617394,0.0255359496258433
3.48543119173247,39.4296199255948,0.0708789386254725,0.373584617640468,0.0133594632056464,0.0288049208291884
8.98552334670436,40.5456797580357,-0.41939737980401,0.319365828188188,0.0526618169864905,0.00271763577322438
8.71412343957,39.6805328439508,-0.479577872035338,0.0632225361569518,0.0921050663688604,0.00676482032048776
15.0469525788174,40.2618164157412,-0.875919097498599,2.39568323885053,0.228360189593057,0.12122136093501
15.3528903234663,40.5998911417773,-0.393510431560714,2.77086426923314,0.168112335489938,0.15375942277822
15.2290345429068,40.2707373656026,-0.724712080301802,2.2984417383183,0.243216545951512,0.107352524039101
16.5534608901873,39.6018464774194,1.32787458824797,4.08745071698665,0.345162899285979,0.219647926160901
16.1605044729719,39.9316793162567,0.259346971326742,3.65140882180325,0.024828352668908,0.0611939286580989
16.4051029947993,39.2984773601151,0.859092537600314,3.37054089806319,0.256665408309086,0.0941435906307428
8.53407783505707,39.4217510667586,-0.207233738236016,0.283149479122413,0.113296112395123,0.115122751689777
9.15245604455276,39.4259645363333,-0.485377660615031,-0.0712730055659563,0.0396041100813281,0.0737340522211425
15.8258453369072,39.8586093886175,-0.0533532310926573,2.9076000366802,0.158416356845329,0.148730943638116
16.243581108796,39.3120978238496,0.616769455215891,3.52282856166881,0.148295441130646,0.0650357206400507
8.42265191469812,39.0705709893945,-0.206210774710787,0.352179103747622,0.0386712832989647,0.0755012779481171
16.480821467696,39.3912889730937,1.11481919877633,3.53023764533514,0.108416870666458,0.051432243139203
17.0136707784716,39.2156604665932,3.02319269418776,3.08666270749942,0.20193367683352,0.0423487826668083
16.7164328616628,38.972294484366,2.11386450265571,3.39204424769953,0.335462368211776,0.120585906764036
20.1931727813096,39.0843496106369,-0.585916026095309,1.60513485992536,0.569171744581266,1.87185602687345
20.5610560825778,38.4889694240766,-6.21368830943944,-8.39770986087623,0.149329700910932,0.283171995536898
20.2940926580938,39.1901400330078,-0.73421188829721,1.16485403424532,0.714785234433496,1.17673417534377
19.4634181621864,40.2094532407855,-0.903556836721084,2.77279285755902,0.540085295341343,0.641980843992601
20.2645125806017,40.1572034259994,-1.93251479397762,-1.18767478888569,0.12348809459637,0.362586386507393
21.076256457347,39.3001359592859,-4.39130418650238,-4.91365039329649,0.286368398118607,0.334423451446271
20.034194306829,39.7398209676432,-3.37772323489783,0.218742523438015,0.584342367294261,0.611549646846232
21.2601882228657,38.8887295323698,-8.46727003081303,-8.45459187094382,0.886516623678374,0.920902626258019
22.2469647150724,39.1622192037178,-5.95320340618746,-10.7318231023711,0.116365588759568,0.186914706051369
20.6768018878236,38.7785742300245,-4.74229444889748,-8.86780465134232,0.632206974070687,2.05415646527828
21.9130428321958,38.3053841278471,-13.958270315285,-19.5241594743433,0.665575162155672,1.19164728269589
21.9736451192988,38.571092804585,-11.7005074692909,-12.2087343199777,0.0677791693694423,2.02980765905453
16.3964391513917,38.3372535702283,1.58976348726683,3.03020022453119,0.0450275244132866,0.0224321198043337
15.6555657342748,37.9729252902787,1.29258643325564,3.38135974977837,0.320942163848034,0.44686419739391
15.8738274667034,38.7184831559775,1.20638745491589,2.94833106934124,0.336257199761099,0.0164115938767338
15.8608415375957,38.3112774687302,0.68905709489163,3.20547899023091,0.151201542887247,0.175471438309224
21.8967688687012,38.2675227798904,-15.3277406012771,-20.390226366775,0.178228746999685,1.38550531484723
21.2479403833842,38.6269558731674,-9.51166396878945,-12.9000617408155,0.52708110631383,1.4321889682722
21.9812162875425,38.299565001547,-14.1071750815452,-19.8215482735789,0.854832923675792,0.972134016034753
21.8598483937101,38.1540336878822,-17.6543294133323,-22.6732717366795,1.40969984406127,1.91979625585068
22.0465775392455,38.2376301207843,-16.0906445211872,-21.3657270008583,0.136254278220607,0.648000332117197
22.0779589246638,38.2096998171774,-17.3889511010242,-21.7336992447911,1.32815444370406,0.28021690181138
22.2625033596617,38.1629283757488,-15.7018883507438,-22.6359143142252,0.636858194401307,0.661694478240054
22.0653163668738,37.9991209201042,-17.0798822882401,-24.4593153820712,0.361931007521022,0.35375049541179
22.377558353351,37.4398990977053,-19.4192118517556,-27.1786493931074,0.0950904528018351,0.221662430444522
22.6194470410727,38.037899219242,-15.9710974875171,-25.6702929077894,0.237760689021097,1.1672024117792
22.0594647499621,38.1689948442725,-18.6217723851094,-22.2317428663198,2.44885870313435,0.298987021380801
22.1763561912821,37.0098833543544,-20.3533670788041,-26.9602331760417,0.0491456130973064,0.186202186341447
17.2556854112904,39.0742496579621,3.89232997629727,3.31483601383113,0.753392510518954,0.137711282797552
15.8819911659197,37.8674737557445,1.1015977139177,3.25228404920503,0.404730477029628,0.282498310879168
14.9601703875847,37.3429159392401,-1.36928514137822,4.83143518662689,0.32709454155637,0.277806494364759
10.5361346364901,34.961658672175,-2.58378233655446,3.13818584765636,0.0579863493380281,0.103604613063437
14.7053006879546,36.0246995788516,-2.09738289129649,4.49595486829401,0.341428861936066,0.266732478302244
8.79344596555111,34.3358611778126,-3.34260980060031,2.07621020067237,0.0677119157838398,0.117904993301446
9.55550837786846,34.665182365077,-3.02884121231145,3.02927268046433,0.0345896409864432,0.429272799732146
6.23913087773219,37.1113927769393,-0.327654429090092,1.10369688992459,0.440170977664572,0.226501977856233
13.4745499218266,37.7891105045479,-1.11001423267264,3.34901003299151,0.195633604615676,0.042324839390983
14.9347725676324,38.0445287426645,-1.48766267686378,6.46064760991882,0.469137069974775,0.257190221949923
13.7177540760939,37.4152170981619,-1.75550212130859,3.24716938533043,0.0610298521126738,0.114276145118729
13.8368537420849,37.2489348794535,-2.12287628863593,3.33288061608678,0.343469318256495,0.0876560244751388
14.5508653169646,37.1743977650832,-2.28326873403234,4.16504741187341,0.294543246879979,0.180975305653126
15.140859427768,37.3602197494798,-1.56943848266485,4.79073769180745,0.0211036090432746,0.0435671961551463
15.1021378055924,38.0823516126655,-0.528177040627928,6.36371989683622,0.0331940970851016,0.121679517193112
9.12665753178552,36.8393876841604,-1.00790502615683,1.79304985790344,0.0758229067757666,0.142229461445974
12.9556790688568,37.8864061097953,-1.26871824977517,3.20525936020661,0.0747545647561104,0.0825101503807477
-1.52073997210919,37.4820768983078,-0.506539368880592,1.66790525921036,0.075508507710701,0.266546252975699
5.9043886063004,35.9492564172632,-2.84904149351682,2.06357499235832,0.189499904563282,0.197300123882666
-5.22589616361469,38.925321842259,-0.840727723448075,0.474387218540718,0.0876752687418915,0.0290069714486314
-1.80820992794882,37.6505142263378,-0.794984387583695,0.865963288443428,0.0793731830278484,0.0329394679447945
-1.52840041932898,37.8851355905948,-0.508399305304794,0.501859124310991,0.125973485000425,0.330361066040558
-3.41721341511896,37.2527066482422,-1.63243716246868,-0.354804769196981,0.194768080416273,0.184182866720271
-2.61972519119919,37.3581391827805,-1.48658954635114,0.0829149146865837,0.0618582213361692,0.161972426978878
-2.79680179777779,37.5722245614838,-1.56401314078169,-0.109131566946596,0.140753119064016,0.0793530753874279
2.78069706717684,34.2824361832066,-4.20769406845118,3.33774678671213,0.184033492209489,0.240096721751334
4.29715689551498,34.9541747826862,-3.827096226473,2.98649742039459,0.127026104348317,0.0434916667419845
5.1292132282807,36.5619451726135,-1.12501657154624,2.0219836761324,0.235627163881778,0.11926683113082
2.64098353494679,36.380984023063,-1.75394893053847,1.72356479080101,0.354344621167601,0.146592371118663
3.85222347015206,35.3064269234595,-3.36262288155602,2.84407355130921,0.0737546068192275,0.0442215487465169
4.95257518333101,35.444454147961,-3.25952401418699,2.75976544797514,0.0205096952598673,0.178779536164953
7.16521790018537,35.2533416520347,-2.96250676944375,2.01524241114399,0.0180725174989218,0.246824905531022
-3.84476947363802,35.0605589524614,-4.21886764554667,1.84337828553419,0.023401590632842,0.121297619187844
-2.00094524261345,34.0126398600657,-3.68599836563665,2.67560510780679,0.142350759501837,0.0451938891525099
-5.95830070410932,35.9176504008892,-4.13537110547781,0.895850572169164,0.0213986921320146,0.131227652029491
-2.06457152388718,37.2768661578064,-0.886451527265297,1.10418680311822,0.0894938412568382,0.0938781366101563
-8.67808072304909,37.0835030562081,-1.50817784877817,1.11229355248357,0.0132475472809434,0.0750703451927201
-8.79182632293511,37.1182635991753,-1.50263583247934,1.10409291149925,0.0439891675109028,0.0658185025430617
-9.04314061354434,37.0600965239959,-1.6454026898598,1.01141687174802,0.0974329889309179,0.0543582699128579
-5.85937821197079,37.421632732591,-1.20463438748877,1.00139934432857,0.218821958038094,0.205635715908759
-7.30956878081101,38.1804350199178,-1.10619033680897,0.679064944272635,0.0117944838620146,0.00416495801017223
-5.43132032171811,37.1468778193394,-1.78156748682168,0.673294893620417,0.021944711840201,0.020887729179841
-8.17215174679748,37.2865488289569,-1.41011594003588,0.823269334270426,0.0717522211452403,0.0698007544369324
-7.90255091374407,38.2297140862156,-1.0100266418983,0.767742669592435,0.0270879565772748,0.0373810018497057
-8.36306756701214,37.8236074547057,-1.16964695150068,0.72430453884809,0.0306590811214802,0.0408289307075133
-9.11305668959338,39.4044018689773,-0.580290211869453,0.501702146979393,0.182776502157761,0.0114472521408548
-8.90666708038143,39.8372340298923,-0.643112600210243,0.434799955620545,0.0718350022067523,0.0157654587456498
-7.54544951633515,39.2678348749738,-0.704937515284299,0.528990947730696,0.0202943781674709,0.0706697383510251
-9.09127258332323,38.9052209009122,-0.729600509569043,0.470433624495813,0.0633414998470785,0.0306786141281315
-3.59529612531462,37.7572190550567,-1.22626179217325,0.0765653709384723,0.115780687812647,0.244882725158865
-1.89972584536003,37.9166375460832,-0.773849894886183,0.309758139568818,0.129338563447734,0.0241484668719903
-1.75403090031437,40.7033584103931,0.0958194063461943,-0.694955699656763,0.413208223866896,0.37025019952122
2.79221166816555,39.478553092526,-0.0114180507657503,0.224130123281291,0.0111999216543643,0.0555862627535898
0.0582366782109395,39.0400555236977,-0.285457080873922,0.183835893983596,0.0753164135155337,0.100948698650272
-3.99450272763763,40.6291079265645,-0.388514953780286,0.238818454932673,0.00469279986967779,0.0436492718753802
-2.74939920095787,39.402840653564,-1.05496106548076,-0.304243011969236,0.093367272454631,0.0473666380843363
2.16521633486552,41.3645176770076,-0.207289158070683,0.065077646046759,0.0398144630865192,0.0521248247406652
-0.628966307840284,42.064716945313,-0.0928938095787103,-0.044397425729523,0.0328098700962979,0.0569194073270529
-0.904263535777699,39.9676078834931,-0.469690198785154,0.0193778158525054,0.105206056412667,0.102974758163452
-0.617253802312694,41.0640806591277,-0.166526721942897,-0.00786887322576413,0.0747320725792359,0.0205426557231675
-5.60992836880219,40.79061715325,-0.164788008539822,0.352726020434261,0.085741496715567,0.138336420156659
-7.49768555714407,42.3509329223121,-0.265390828973382,0.566126487940834,0.126085443047516,0.0253498164884405
-4.36737068612584,40.3224533431676,-0.440378343956971,0.0680375731805356,0.0328475686030135,0.0667206107943437
-3.11304522738891,40.347957866693,-0.475663706016198,-0.120821750655197,0.0975881197398036,0.0390745452937092
-1.99229407170379,40.0760758561641,-0.695848720324062,-0.380935148085427,0.11925116868865,0.0245774413685491
-8.56705028496311,40.2401029141585,-0.512917190690282,0.361804928852457,0.020705413617568,0.0144018313246369
-7.61717325713757,39.7468500883821,-0.619238354018066,0.698800271941209,0.013391039359444,0.0337189955947625
-7.15911102713706,41.1296879278091,-0.310856489135253,0.555729463145426,0.00364302015914548,0.0152526129290057
-7.95648063354083,39.5234511436812,-0.5515110328853,0.422772871027844,0.0196218113933024,0.0991069442968138
-8.63749175428941,40.0874568491549,-0.57451107667462,0.35462598154304,0.0819211234660515,0.0309800229591076
-8.42492220245,39.7045317599962,-0.498668316668936,0.436490333720895,0.0247110036095234,0.0170474594729281
-7.3769604282029,39.3834581007296,-0.698207550645983,0.671642265875067,0.0396713110277864,0.00870719073980453
-8.45687131309314,40.5040678900333,-0.427870114255165,0.376949297778605,0.0406263501332094,0.0164018026406091
-8.48159257864563,41.8571810947545,-0.412971076461142,0.515102877293633,0.114878419289836,0.0342448852381808
-7.63637796321412,41.8034718269888,-0.387137333066398,0.457292717237657,0.012003694012669,0.0366870017107418
-6.56428030495242,41.0216106342574,-0.242103109608764,0.527854233424783,0.0292624839570348,0.0127339539676678
-4.68132077214788,42.2203048163214,0.00701768222220069,0.336613467901988,0.102536127113902,0.02019108878869
-5.41677435947238,41.5558805376661,-0.184873472117469,0.0696116686677118,0.015326132161569,0.0518109806488497
-5.77238932669483,41.59635367176,-0.246532035403633,0.123227978907864,0.163023041366967,0.034601813071192
-5.23320953032635,41.3355998560345,-0.218932751688657,0.0772650255010199,0.00439615418239425,0.0347076486989956
-4.84213114845291,42.4488265674095,0.132244045309661,0.240480591572841,0.19401809964545,0.178661728483571
-3.89168756016651,41.7739993945474,-0.489552677695921,0.234389983761807,0.251270497639984,0.098227456293186
-8.60258516519948,42.9242277302082,-0.184404456425533,0.656078624753192,0.106996063949867,0.125859839761205
-7.08320463070388,43.2292293971673,0.153548486511669,0.305617322356384,0.17308075248418,0.0864993333880276
-8.80309293186547,43.1298649319086,-0.167661576845366,0.713888892623615,0.251147134233242,0.223704596421204
-8.16910101156499,42.68440283728,-0.187732625482463,0.538404060937351,0.1534967418227,0.0177661465672662
-8.04047285475523,42.9361056428342,-0.0447462290437115,0.437412988253456,0.0654946962387451,0.00523447732749997
-1.04761739609196,43.5077416741699,-0.0215548396482579,0.0084163888212404,0.025598912523254,0.0256693355939633
-3.16254071470885,42.7660467828052,-0.129824491131678,0.215250589015837,0.0334908155329405,0.0571415754800153
0.302369785419211,43.0675264855693,0.0833718427601056,0.156586344597712,0.155036907590828,0.154891466418813
-4.8011952530203,43.1211344048011,0.0853208435439845,0.299510205148095,0.0162814369022056,0.0696964989729078
-2.5030628213605,43.0656156209387,0.141826722611569,0.422192596981451,0.0649215295182596,0.045116144028624
-0.485506735931282,43.1912862710663,0.0209692277684746,0.23841286983824,0.00513625104347734,0.0718202804845461
-0.900180182902676,44.3619214094418,-0.099916309483563,0.0856845312970013,0.166101193949035,0.024665440712569
0.499281881217153,43.2375729292833,-0.0327547800443519,0.272072686611885,0.00227170512204624,0.0476288096175283
1.87665923140452,42.9314596820621,-0.124834432720837,0.175512963248451,0.0458552448740963,0.0805926656969503
1.17481266027511,44.4022465782343,0.0492333751958136,-0.0441296166081754,0.0829319639657042,0.123554048348927
1.42200302796066,43.6341225984776,-0.0487159182834838,0.123758755895944,0.0478975892672072,0.0783918509220097
-2.72288766740319,42.5515878393682,-0.361659484691865,0.0695679553228803,0.0795717777227404,0.0861518125254763
-3.51744015420682,43.0433288083985,-0.0205064482105759,0.190799850498036,0.0224621839416001,0.0963595027830838
-2.55861396516324,42.9491389441458,-0.0164375161490249,0.405764124602316,0.0237854664075117,0.0295576057513461
-0.322891318333537,42.6108440362748,-0.0920983759625483,0.205906403486389,0.0226251505647775,0.0749551814189078
0.522593395569572,42.2588624729045,-0.182413884804731,0.0278682690697376,0.0238028654040969,0.0122470321135742
-2.82578251213117,41.9219763501844,-0.119610343937716,-0.134135103338465,0.0889470813643539,0.00730014743974466
-2.91798629989943,40.4443228944082,-0.405775043948675,-0.0941841800211099,0.0560251094932156,0.095320131122512
-1.66302906697718,41.5228825592546,-0.132604077072011,-0.359253691964555,0.0317447659097315,0.0392552940202849
-1.13458098845881,41.4146395667272,-0.156783937782987,-0.160082625880139,0.0372164769688212,0.0160894604068356
0.254718770435698,42.4162438689774,-0.210115501532382,0.223876479414899,0.128457654297791,0.139629592162432
0.214031244117874,41.0293169746106,-0.124709939150609,-0.102653457180716,0.0471602667018241,0.00374818879223698
-0.0792337722121537,41.9022493144723,-0.0114941844246564,-0.0771478486608341,0.0732041696389003,0.0454439935673412
1.32851992407221,41.7146939722547,-0.321053721711732,-0.236201563689188,0.0575064676543398,0.0899274506136336
1.81291728693374,42.3461195275149,-0.184800990579023,0.207112322382081,0.0264122174756411,0.0745997825648711
1.64743170542249,41.2384083229816,-0.212860731578144,-0.107355893362853,0.0347314150679332,0.0290483573337072
1.95394045391929,41.6176908463515,-0.241892911555751,0.129550871469079,0.0520047262359028,0.0546836671840585
2.42927575596636,41.4844329516639,-0.239749865743352,0.168076189326892,0.00770733977484427,0.0194982412555012
3.08998108633894,39.8844439768579,-0.0683166559739578,0.222631294704914,0.040689286579053,0.0145985469755422
3.1327806591347,42.3482128431173,0.107477775607099,0.109949203665467,0.141059261639389,0.0383658919864022
3.99877320650147,43.5583848675634,-0.0500475559097913,0.0675563802410516,0.0172035579947114,0.0517171984224806
2.55593948167322,42.3609683750195,-0.0358166989863765,0.242716168093287,0.0180048707418506,0.0391919800022082
9.1685813640296,41.0905641389296,-0.272322177567629,0.440891740084004,0.0281907061742545,0.0242312952718264
9.09422830365938,41.6250607874533,-0.0998833093272933,0.381696246415302,0.020910180363981,0.0127520099982785
9.05036932535192,41.4953379777577,-0.115995868353849,0.387763970901226,0.0504918064823362,0.00380729352902349
8.90046299055864,40.7193811047054,-0.460208584733595,0.365779275538948,0.109344615967667,0.0118908142440156
9.76947628165612,40.6145748310304,-0.338176401292326,0.486759145738138,0.479542458142832,0.0815876357447064
9.60489017749942,40.9989100126132,-0.2643984702862,0.534699421780594,0.231852442190612,0.0970922706768509
13.0008954502758,40.809443598029,-0.818796993512942,1.25888998252744,0.22877517542163,0.0202906739807664
10.3280438640892,44.4998226026333,0.320148507740799,1.83471360440317,0.0935782802753849,0.231725909113574
7.23992083424827,45.8138888144832,-0.331516539912227,-0.28599297810663,0.00330957496085067,0.0359425314812734
10.0691181489141,43.3866722356812,-0.201711806739186,0.49942361281789,0.186202317117724,0.0336665143333399
8.89045887956182,44.8276480240861,-0.0650933116058674,0.466889892501674,0.0166112727179944,0.0119732198964904
10.3009953357048,43.9754842532709,0.341347908325934,1.12684199780558,0.0501349928214326,0.134666048173246
9.70453874151099,44.1641979522282,0.108527141715666,0.295530810289534,0.0178590543374911,0.21798221272699
10.4732040001488,44.0926863445094,1.26241386514797,1.53214873250292,0.613616465969299,0.284745148943359
10.7036685780459,44.3328190946385,1.08213943520655,2.93946745972939,0.0924105224271408,0.355276913270146
10.4561889476627,43.9909485058404,0.765501169987666,1.38407319880113,0.38745174808048,0.106526616935859
9.13360325221744,44.373699176932,-0.00211849003917143,0.228015610313908,0.0249558549332991,0.0848524509170596
6.56994833389679,43.2611829713629,-0.145891622483222,0.145887503344617,0.00389369000825146,0.0296001190340227
6.98371903652589,43.7902876405411,0.0532984913382658,0.205441293362953,0.119827958685927,0.0541215987513659
2.86286483165322,43.7255239273077,0.0247258307482916,0.0134294001397187,0.00877907706003547,0.0391655523014595
3.48343843250698,46.1592646997277,0.228108910516607,0.0743185889624302,0.0422876003969428,0.0316586121074474
1.26002093211778,45.1362173416044,0.248061347801408,0.0583390896388992,0.0522648910191122,0.0650463390935227
4.22339748174217,44.4596775145365,-0.00500090762751834,0.0516726890922503,0.0434396015858621,0.0122807120572024
5.13899913247135,44.3372356623291,-0.1432653540465,0.0656457910850427,0.052592070506668,0.0209078465713374
4.34751016787195,44.3022393092145,0.0564799742920379,0.0213243030616238,0.0528240393754452,0.0215745437923493
7.13327939853246,45.0616326326852,-0.0224502927460725,-0.287673335824641,0.0624345564237602,0.0450914211439126
7.04003391040487,44.5013304835574,0.491081607509654,0.073126192919286,0.0605078458196369,0.0652269022601661
6.13331629668457,45.2509763188098,-0.312355433899777,-0.0179996504120782,0.106347953522373,0.030926160908399
5.41085971319576,46.1031369169414,0.106458084922256,0.139999518188358,0.0340888738302638,0.0117188153133714
5.99682725849486,46.3193218599997,-0.100532517307987,0.345635979578449,0.0805568492592589,0.139111633206757
4.91392960721668,45.71621684692,0.052506136528663,0.0171305706851543,0.0906914518322733,0.0122198528802541
6.97372966965244,45.2162249702738,0.0126629034306002,-0.23440649081297,0.0980278265258477,0.00798861844160393
7.49492359105789,46.4087204348749,-0.470424492419158,0.247476226031368,0.0814526159146616,0.035455489627104
7.75465759838998,45.1071163914368,0.117969659887465,-0.205055147802806,0.0282388768454359,0.0572867364266687
8.2099568190398,45.5169562374963,-0.17610404749592,0.0191994603603276,0.0502622498262777,0.051712848949912
8.67302708506679,45.5461238951805,-0.0493209009814516,0.237554249762634,0.0636442561226337,0.0197462623452663
7.86029599188413,44.4805581953647,0.387160096231616,0.199830592904396,0.0230821286769025,0.0172470783148459
9.24792742604386,44.9083019621696,-0.0707171495818679,0.818196807868414,0.0327238684323282,0.0814951284738694
9.70259422373328,45.6453203714835,0.0618195182554011,0.449131347181955,0.0820269839581915,0.0201304534178196
10.7612924362028,45.257795401367,0.0806050606193295,1.09675520111902,0.0539104522092578,0.0886349026683979
11.8159352315076,44.644277409643,0.945228645128922,2.50928961117991,0.279106948767649,0.245376064187852
10.8147503429382,45.0582672881672,0.165907443285019,1.45797391392952,0.0839665724872714,0.0716595120430418
11.3648097771508,44.8816024363176,0.312602656765076,1.89256524814201,0.213898190059189,0.150977590938823
9.20141160094298,45.6910426140936,-0.0504977231158932,0.41735455687053,0.0110981353335646,0.0108929087592334
10.64976781212,44.8723228584344,0.368643007990719,1.70453705192601,0.107989735312545,0.143541925945721
9.06184833966459,45.6100878128587,0.00695074115068169,0.518562378479533,0.0861766894639302,0.132022753603001
8.40355812753501,45.0193217907347,-0.143300961493543,0.280572410969303,0.138915547089324,0.0207301919231708
9.26996872651338,45.37983401389,-0.0688993747681717,0.64066972934258,0.0610983784099722,0.0467274490405742
8.95198249465943,45.3716093861022,-0.0274691840297483,0.494157493476421,0.0625747181226741,0.00711297081764525
7.65015309623293,46.3938746507059,-0.48017770655291,0.340283988814367,0.0419428267555689,0.0473837737114953
8.43586857058045,46.1678721298896,-0.26235502713082,-0.00288495154874686,0.0314291064298226,0.0253123404636409
8.88185083919947,45.8465212013903,-0.179329254883209,0.290911910466635,0.0546867047399974,0.00315191059676549
8.76367599292939,47.641565113626,0.13802928649679,0.224846171684422,0.0397771633288762,0.0187086407389538
8.76046044871332,47.5551181517645,0.103734157054327,0.294712978135117,0.0370623498675177,0.00310943491231565
8.65647057868435,47.6774461815793,0.100325167043053,0.211928750327494,0.0107974723009996,0.0389493746184358
7.83461001261584,47.4018589760605,0.137585786036417,0.428302045539754,0.0522498862338284,0.0129377011215203
8.36384373695029,47.5942391669765,0.045911809001334,0.297211225525165,0.0412964748357834,0.0236480934902514
7.49269321771755,46.919615669842,0.0831290481071881,0.297830018371446,0.055489252641391,0.120595000848066
6.88801661274788,47.6545385901709,-0.0395982031640008,0.0768127044438811,0.0207707491838676,0.047058154689955
7.3969843535683,47.3183581552823,-0.00370907639211169,0.339881571838973,0.0413772409832988,0.0195728353068032
5.61114333594789,46.796795039502,-0.000564060241564757,0.271849496132244,0.078509716821995,0.0588330371880067
4.80199172746333,46.1618655284739,0.245414198034091,0.0489421726038087,0.0861610655216424,0.0351252594890323
6.427189752472,46.0879463172624,-0.152936844464578,0.201312326847281,0.0017045902159616,0.0916377268314241
5.99590277390665,45.5935103492484,-0.0221437699018084,0.0909909606856708,0.0702618612061158,0.0130285012256016
6.24759590813411,46.3518503723941,-0.0408592623117252,0.119731527323582,0.0182122869261846,0.0738315133133383
5.77282260182607,46.9917061863013,0.111610878099916,0.156454121090017,0.00152922876409346,0.0837153682022999
6.4459363728855,46.7230840153062,-0.235351846787116,0.242956837870139,0.109631906919388,0.0526411478270266
5.75133014326876,46.6117346741763,0.0159525572053056,0.315248210546293,0.0163962037091252,0.0614848788352271
6.39804415724231,47.0699448558457,-0.0510057341478263,0.295562321428777,0.0587119381600301,0.0277094214794269
2.90599559229375,48.1574527110915,0.16341805841171,0.0492291282989775,0.0350235797992693,0.0592170926508356
0.51304070484634,47.0775806536427,0.236524872085266,0.151829839455313,0.0666265188445196,0.0661557655176977
0.299569856039659,46.1012721443279,-0.0328313245085808,0.0791677689344431,0.0118461034099111,0.0594625937608277
2.59113362470518,47.9397624557047,0.150523961568513,-0.122694986044475,0.0209867162924163,0.0535567677090981
5.03210690022865,47.3619728787596,0.171595535277073,0.0792368346736944,0.0414678096604233,0.0421419087294439
1.69035641319927,46.7475518125174,-0.0897075020600471,0.163365997268921,0.0238567361865308,0.10754048290509
4.71856228000382,44.9290799273118,0.0664642136094525,0.0542918717079094,0.00792225736319973,0.00917681587451335
2.99169531242525,45.6362314203962,0.150935231613162,0.0523914108080177,0.0391529560867936,0.0399253837208149
5.3045367040111,45.3456862112913,0.146610281354263,0.0286754279802011,0.121842850689199,0.017714010117122
5.18946253714403,45.6603773226739,0.0379984445338458,-0.0589445911367126,0.0609826088050088,0.1200363560982
5.61759533585702,46.681515505302,0.00412214857615484,0.283324107048993,0.0280738052704047,0.0217936967087427
4.4773965084133,45.050648057699,0.17107116837922,0.0441312993118237,0.0548371503424472,0.0217810927203572
5.85641242005797,45.6503467502483,0.00516008973051327,0.0874602366149535,0.0354153325242961,0.0493617565620665
5.45998685112153,45.1505593566228,-0.00911900051403475,0.0238961384150633,0.0342871953077025,0.0189465269017537
4.78929381705497,45.3607588182056,0.153475742942054,0.0350680420353411,0.0130209638225126,0.0165712399128195
5.57864870209491,45.1874785926617,-0.033563767647451,-0.00434975191110758,0.0566779679262285,0.00870478570303812
6.06334548565945,45.0731332275901,-0.305018012607024,-0.00503605250568628,0.0638458509367736,0.0156119762745971
5.47114754992551,45.0315253722896,-0.127320032541295,0.00533120517102842,0.0486165841307418,0.0452547438301479
5.53772919284305,44.7840234642747,-0.138611174065381,-0.064233370103997,0.0193690595383548,0.010454636737774
1.42549694981705,45.2909541966287,0.150498666843273,0.117022740140569,0.109244076732714,0.0872043267679429
2.38574146672783,45.6097440146319,0.238580097803029,0.150684105175204,0.0755177925881269,0.0398400782724158
2.18295877420353,45.345013043583,0.186414414729806,0.0613394337541061,0.00716857958839159,0.172831952885801
4.34419225126888,44.6457803448733,-0.0147143496306538,0.0777228927293146,0.0591731988981644,0.0433755919780741
2.74892299431925,45.6522946772466,0.185782486748479,0.14049077190519,0.00559298580610247,0.0318611716722332
3.54866610686694,45.6635064009335,0.171977329473934,-0.00117993577609015,0.0432322199033582,0.0119576897097306
4.05381540886809,45.5492947694374,0.154831656459858,-0.105265873943971,0.0446229653728978,0.0992674089958583
-3.60218747558587,47.8119479944144,0.113715248361085,0.171625941338234,0.00301139219012708,0.0597707264002344
-1.93665000951718,46.8288738323563,0.257680790014964,0.16858975857644,0.109328176796801,0.0229522473178582
-0.629469554563167,46.1099680239834,0.0956049047454868,0.0587051804428472,0.0732298702297538,0.0282162582395563
-2.18469463811115,46.7528425501447,0.21080215722939,0.267823696736219,0.0533669545088423,0.0989849945446214
-0.376022948696128,45.5358402651167,-0.0221951266017568,0.059496721153445,0.0569410646706759,0.0417595451350919
0.814408568459928,45.0355507851678,0.329518032880403,0.119482692019698,0.0854446305677841,0.0590238627481892
-1.24271895884822,46.6155271305864,0.0880960684482615,0.0322636104850017,0.0281792694754091,0.0523953913325114
-0.24742410423515,46.6563173053195,0.0566038168648523,0.0883764453734522,0.0128542531453849,0.00167187634192852
-2.88585389415202,47.603242245481,0.0817350828993391,0.0888205908923694,0.0235936089943618,0.0015750360845036
-2.64615976541304,47.9638020584424,0.0755581948571035,0.00567197779517585,0.0484153891436567,0.0421155591442228
-1.05940223817613,46.8522361946232,0.0631453973874684,0.158518417944087,0.0675775472659544,0.0921065764922394
-0.799865735407244,47.0382804525141,0.113270361613767,0.086688431717991,0.0480051981690007,0.0055620764392142
-1.69315229938858,48.0128390977451,0.0640274845061348,0.0386754300399093,0.0201805787991782,0.0165124622431048
1.19456021320474,47.7732822120355,0.0496675988023869,0.0716099913371709,0.0651163194541073,0.0437827304594968
0.237084758862823,48.1375367052247,-0.0269415026837526,0.108542229589046,0.135208766470365,0.019802673762223
0.459169059285634,47.2809479095356,0.283025806745329,0.103769081535498,0.0420172071429276,0.0194078449296998
1.88909067728922,48.1207442800299,0.119141729325416,0.00380780887249403,0.036942464033063,0.0355382738100557
1.30572814905967,48.2884284845612,0.250213950762531,-0.0123066519278911,0.171480821550825,0.0624660580991264
1.29441280899776,49.0500535320215,-0.0827009714967687,-0.055451755673408,0.064308821794347,0.14118626924173
1.7845390977443,49.8271104132449,0.00224119314679115,-0.10984982879883,0.0366409850632471,0.0193858211649079
-0.699493421218375,48.7673563637229,0.175382193085286,0.133165164169036,0.0382636379938059,0.0635574961975404
1.23717852569779,48.4790693373059,0.177920624526866,-0.0297334830304316,0.0319730472573698,0.0248344033517928
0.317444483714532,49.7100647521528,-0.013571462964421,-0.016760183467431,0.0139332502753031,0.0238173935222425
0.339070143746941,49.1103032124871,0.0722919695411989,0.0564932358470536,0.0463260827829777,0.0355576183518137
1.3387657471129,49.1595447927611,-0.0971623495961284,-0.105185379480991,0.0539469523986103,0.129161166486004
0.936490034980714,49.8610605544578,0.142907784582199,-0.10230699969641,0.148684117904219,0.162527272343098
-0.435037264587283,51.4675277655575,0.130789981313415,0.0844274478213889,0.0930625878284948,0.0767975794520299
-0.788159171867404,51.2764191510297,0.0145728402073432,0.161229930156021,0.110169628966549,0.156949340405235
1.75903329709277,50.7579241435968,0.14565775356918,-0.0291862602470146,0.0636865454033943,0.0446426731458566
0.528292468513905,51.3193582844676,0.0355562478346877,-0.0795058754483893,0.0302622911144308,0.0215802322814517
1.26166116089159,51.3437532041953,0.094669202279178,0.108762992509238,0.0490985363968444,0.0375291889092942
-2.85783093082851,51.098492804362,0.193752103314541,-0.0699473821231563,0.0142729320624372,0.0546124637600625
-0.101423403505723,51.5209467326153,0.143298160284644,-0.144819639082683,0.0649435339115229,0.105490524683891
0.256908348637058,52.1906740384036,-0.00264801869950477,-0.0358005788326857,0.0202288489418024,0.0202762762950434
-1.30709408807926,50.7439826897664,-0.237128232540326,-0.190616739414125,0.105852759450638,0.159100087577868
-1.201729191357,51.0485008714031,-0.220198348278941,-0.0262957584556855,0.0748652190432099,0.0264907902355437
-1.13671566683249,48.898493369618,0.129140839944474,0.038098867599797,0.0538566843133883,0.103361461898532
-1.50894559668349,49.6437251983838,-0.0534298541955053,0.0468940932273268,0.0114145677105926,0.021701368236855
-8.97470954264316,52.9371749441457,0.231148412505097,0.137729090836915,0.0406900733240066,0.0602160559787058
-7.20012149539442,52.6332191097172,0.312511368933619,-0.121108894418803,0.0909777670565851,0.127582806608873
-6.39360600185019,52.8057203933712,0.322468773748098,-0.0698607669911967,0.110100970381494,0.0741847598042926
-9.34758202682626,53.3684700844145,0.139856992450369,0.27691230369913,0.0334857977550963,0.0534948735755622
-8.08529124588002,53.098604312205,0.179819248033385,0.0038724731387135,0.0213427738436096,0.0814121642067805
-1.59032168999773,54.9579530101967,0.173169852404924,-0.063724470533182,0.1330993809086,0.027677361465637
-0.221403087830088,54.063930462689,0.585666762412236,-0.152678100542071,0.249494633212444,0.0135538931464617
-2.30285208399918,57.8882264166979,-0.151831359408205,0.0705924064802991,0.0564085809392195,0.0690882262339597
0.983339973803772,52.7968290164746,0.258723549098592,-0.201860099089386,0.0753830193561651,0.073456742609427
-4.21517648594036,52.4438334489769,0.349706515127923,0.133361536356269,0.192172023296688,0.0599828394816206
-4.36452686369908,54.8875324562038,-0.00497682720825841,-0.244476474360993,0.0983784734052753,0.196810068836057
-3.7514248515865,54.3927153225926,-0.0029589318050165,-0.325455536754655,0.101918387157832,0.146026674378353
-4.6709240306062,51.9435102595112,0.108189443667594,0.0758752693290148,0.110832391665226,0.0115928431813221
-2.2397276197451,52.8288336223971,0.173519007182787,-0.033023251232199,0.0724610064825779,0.0202483532193093
-1.16641257410242,52.1107704407554,0.189779706704848,-0.063768494547316,0.0206335306264541,0.0304714940637113
-0.0527244556253275,51.9245973241487,0.0565241998544034,-0.0514636308452985,0.0148855055115344,0.00650312204813122
-1.40177564553297,53.1030272746899,-0.0702896875110994,-0.439773816404053,0.23213202193776,0.320839745025224
0.38954194546931,52.6942115449415,0.128201726834395,-0.0694565282601342,0.00586473857085111,0.00193507578728581
-0.901263219374588,52.0865259988177,0.12875404599154,-0.0784916981933904,0.0699599300160479,0.0273628236398282
-0.637902883662067,51.7660206094865,0.16243004996363,0.0159643779892871,0.0133466822165552,0.0430170123629861
5.59176653019121,50.7391560311574,-0.225548141585825,-0.228365788527335,0.0534688096066725,0.0500192477543362
2.14586438107152,50.3083816297301,0.131497535079156,-0.0524273999032111,0.0936751859701597,0.00396031264750746
4.69104416539148,50.7382665587103,-0.412795919709132,-0.0514345186002766,0.0553904162792635,0.112119856782776
3.961326019167,51.1946764709961,-0.310619695252697,0.285179551493234,0.141791547782757,0.0772005186578968
7.04132996752026,51.5550176572059,-0.25615303284914,0.262531831894935,0.00961467108247741,0.0472522877523362
4.48206232547638,52.15510943245,-0.296857119295965,0.189710358771367,0.0671118807967249,0.0576652624741138
6.01939975604512,51.9456990552765,-0.334222642893621,0.0427931268000097,0.0293917711948866,0.0373884704276583
5.43496580748266,51.7768187382905,-0.415540147601191,0.10615493785436,0.0466056529254486,0.00988497924211496
6.03065735861442,51.7814034024117,-0.336776090109341,0.124730775744648,0.00931418923011665,0.0813364711999045
3.78731491864239,51.7598908271653,-0.1261077366701,0.135371853399368,0.0598910338613804,0.0874359807238009
4.08160659576053,51.2916908047946,-0.207234522409259,0.400103821705495,0.0377104766093547,0.167730742223292
4.81287873945638,52.3599246985984,-0.0828239520985131,0.141668082492398,0.020814720626787,0.0303585911213039
1.55540987246065,52.3884970429784,0.134269110828058,-0.0250114509391431,0.0110918342547811,0.0731641846412979
5.15036735407152,53.2820561669173,0.0353676158532564,-0.0286073101280426,0.103232223483534,0.208821073971435
5.09729215344115,52.0972898002733,-0.26236272928698,0.00681418073571578,0.0280854285002274,0.0948255338252185
4.87584093479872,52.4247385935592,-0.0548621350735507,0.107658012042141,0.0415485074882454,0.024332355390909
5.27157536126704,52.0165622961592,-0.292891524569401,0.0768304631964663,0.0312935002740944,0.0162730722076915
5.93503006899448,53.4994610531276,-0.0620364142055516,0.374297132117035,0.220797509762365,0.292438380479207
8.15191975491082,58.0229187631959,-0.842118292446921,-0.514496558063887,0.0499970614745448,0.0172895417822143
9.68067522557996,53.2997275885237,-0.368003440610715,0.138275337041029,0.039585903754817,0.0270007638762957
9.79337162984308,52.3664615057253,-0.408487475443226,0.123835481887305,0.0438335251262463,0.0517774570399681
6.62898124106397,53.3645549896185,-0.292951904238223,-0.192860054282783,0.0465994112818687,0.253901060273659
4.76272509855737,53.1445138222564,-0.116535467624003,0.102930721659078,0.0291869418074096,0.0275538073784389
6.46656850218462,53.0758205227173,0.0833654597361713,0.595803529858816,0.229031509540369,0.165224055456891
7.25874565991465,52.184979325199,-0.192438270139398,0.318877536553942,0.0389972720218599,0.060346792713075
6.04970833582795,51.1190112694585,-0.0463545223235085,0.130977576251199,0.223254778491875,0.0987213464283772
6.45295971579467,51.6620025355134,-0.285435219378887,0.208015800261451,0.00754704550591918,0.111446765485346
6.60217760976348,51.7929799805331,-0.254727734518726,0.165001254070101,0.00458876291396757,0.0262746894630652
7.96154235592814,51.014458240505,-0.119375030582544,0.0104503872956324,0.0252687079289704,0.0127923613364311
7.10467440734404,51.8821921400803,-0.250208570542624,0.240487671434564,0.1122553112385,0.0521112533448433
9.24293931707533,51.9441054878482,-0.212170737124928,0.0974268272641016,0.0653876827195885,0.0232419160826548
8.42114333414943,51.9929228789781,-0.386609252858329,0.0257880223783665,0.130312519906333,0.110958375130669
10.5803704997627,51.2892111058001,-0.149948715737882,0.390100411347493,0.0219704028868726,0.11789438380503
9.2955429521717,50.9751143531939,-0.176826018220595,-0.0758962279509455,0.130803573824607,0.0563701261793631
7.51923556771213,49.9060761601032,-0.0876653802197725,-0.071709412330813,0.00225126192654803,0.0248912564049926
7.34769487766029,50.0030474096509,0.0103756840036296,-0.203674027036484,0.141128052003652,0.172171236204103
9.58033731976185,50.2716697917806,0.0901486468576175,0.081718562723555,0.0615879191235427,0.0921255701071217
9.66087201344298,51.1705642008976,-0.174229632591024,-0.0696958234928776,0.0511863328296086,0.0840270259154039
8.58321925592728,50.2474472826472,-0.127036013133862,-0.0208137885673041,0.0617790605564861,0.0112337583695887
8.42568277827797,49.411338326214,-0.20382670869936,-0.00573506800704743,0.0575465194159015,0.0233991112823107
7.44782025783289,50.3857066097422,0.0203235093927765,0.0221723408998083,0.0952898999000179,0.0269104480945099
7.62624410535594,50.7960498772959,-0.0977674823291279,0.140732132354472,0.00969664966806112,0.0406286686414288
7.25799591870545,49.5855713676247,0.0072290123722455,-0.134046562669283,0.0563907899373056,0.0459341850816956
7.49882420359397,49.7556888054639,-0.119468561995141,-0.100682848530109,0.0882315058437729,0.0257117226173402
7.2771556933467,49.3031541917811,0.150055576629588,-0.143063406318026,0.00643647889836537,0.0214029843443902
6.6365177472936,51.1823437918818,-0.29995473536509,0.10076060821581,0.109521150904537,0.032327951249001
7.02919399655817,50.0847033847718,-0.0637254036249637,-0.211368685495313,0.0620046393032187,0.181398462186181
4.94133904580149,50.9760685634738,-0.203350958324442,-0.0378334296166165,0.0751749507144894,0.104582050352626
5.0162166342028,51.158346117278,-0.229318597352113,-0.141429767296808,0.0410510704916051,0.00994955115793513
5.52891031382042,50.5112825450393,-0.33477398535396,-0.164501954012457,0.0757885286218849,0.0577202907843846
6.07780628553229,50.8825554738696,-0.51204883729981,-0.130955838014049,0.221227932732669,0.141420865884692
3.6236061585184,51.2973974014309,-0.0282284307417447,-0.191736328819611,0.117029463609802,0.0281942986516859
3.95838848272023,50.5132966638317,-0.0697446572665723,-0.30823381815751,0.0251722552779665,0.191687900712042
1.57109049005204,49.7980460257474,0.0451785891973261,-0.0364054737718979,0.0262182864782177,0.0758488733829477
3.67104080021506,49.1826458310554,0.0605200514522179,-0.120839277756963,0.0533729949634597,0.0675162920967868
1.87509461139093,49.9833410350231,0.0561937474390777,-0.0565487379428974,0.0108758594552625,0.0276886997005959
3.92038304333302,49.9900328092511,-0.0347074229092039,-0.112107026210449,0.0477444449707199,0.021473476016845
7.06211362046291,50.4543668177734,0.011174028051632,0.00962612887901218,0.081204073528784,0.0923465411627778
6.85261792601083,50.1287699505923,-0.142995303046542,-0.0775535302845088,0.0163768735015733,0.0088577320902064
6.18496933988687,50.2707317394586,-0.344321995808527,-0.205864371239461,0.0968546113059733,0.0711418359581159
7.08246310727066,49.0486100703475,-0.0574573219077739,-0.37921860022596,0.0777145004945379,0.119995568665535
2.20556086785746,48.5670837250541,0.0336115328214911,-0.0770000349689458,0.018534509382937,0.00395477111609244
2.05972406574324,48.8606100664959,0.0361880890929986,0.03982547372935,0.00950502060614338,0.0805443186598205
2.99818699041991,48.3374122108488,0.139024783796364,0.176594566864314,0.00507577843956301,0.218422342504924
3.52047106926069,47.1153934265249,0.0349648096798659,0.108882806373651,0.0331019541978458,0.0592860054529113
2.51753814056426,48.5445203018643,0.0473074666598748,-0.100880335670751,0.0274042392427354,0.023030114779774
2.79595908656605,48.0811598973177,0.180763146785676,-0.0483097441245017,0.0495520491455443,0.0298920326391128
3.41103790556857,47.8984600046669,-0.00523146035769239,0.0136741275478866,0.014024094061638,0.0259518537010464
3.24253792764667,47.6785620602782,-0.0918282445620874,-0.000150203472892972,0.137699583584461,0.020536694456025
4.50447115690172,47.9149025305822,0.0835661454406997,0.0128959886065092,0.0516238842220747,0.00973961579725695
7.52474485649202,48.489352415553,0.0399477646245792,0.0462618339100154,0.00618061475492363,0.0457652033565145
7.82333877193094,48.4963453799831,0.076435980545739,0.187322573294462,0.00134058965487679,0.0102375646272897
8.00552758734556,48.837520349968,0.0897334017773715,-0.00287168010366288,0.109955265572749,0.0562497610965761
8.37217322834256,48.4266299422824,0.0897308640993988,0.113293573304727,0.03420302312879,0.0498333802384877
8.15317713042284,47.6060272169235,0.04454190176373,0.222743275662424,0.0106756513714821,0.0103431230143911
11.3801588492435,47.2730590456489,0.270238106549455,0.255584500422144,0.0610036621523631,0.0360424450010652
11.530464339589,48.6781476498861,0.0362882655105598,0.276957069379379,0.00990183566996291,0.0113814914205101
11.5367476859413,49.8719878269457,-0.105068883176859,0.0848648806685459,0.00681727919663364,0.0511468994276553
12.8763529687378,47.7073630863881,0.115398856262013,0.450595822848719,0.0598544620069185,0.126425820112699
13.091797082168,47.7639415447263,0.125901547153065,0.336380083074327,0.0132539958277912,0.189207554475907
13.402251960168,46.3477821390974,-0.257053059313295,1.35701750983523,0.16117123820659,0.031915436209661
12.8527581472552,47.5580690559857,0.206213098231989,0.434504177536101,0.0447685049773363,0.109919395536384
14.6131877069222,47.2770646053996,0.567268660092555,0.548279166211928,0.100563334549146,0.0525158958581523
13.7976056440922,47.3192983744727,0.0210800198643034,0.348932220462772,0.255048779208305,0.311366073752576
18.2381466164254,48.1913615663331,-0.193067493568342,0.321896276743273,0.133929748317137,0.152313837957954
18.2320883598024,47.3392129071641,0.13166155743849,-0.00390110168938404,0.0128795506854972,0.0687427788708789
18.362595366187,47.8168090466848,-0.0569071673194509,0.0553610459234952,0.109040227347237,0.0144843125387807
20.082412720943,48.8224966010869,-0.439374168757649,0.0309516267430034,0.237644175405786,0.0382336454426053
16.1460796532531,47.961536898923,0.222134080782169,0.211816118594137,0.0109487219840645,0.0455214744647791
17.129066493275,47.9183322817037,0.302054489467144,0.252244362566872,0.0211198950812645,0.0383325272641856
18.8357435131682,48.5816604969916,-0.528616270634907,0.113648565916699,0.269748452712364,0.0354175248276243
18.1733195835982,49.3518588866404,-0.212605209858319,0.255127037623777,0.00472387164245375,0.0282105533561241
14.0568198322316,48.6497101445185,-0.0669306412766247,0.212909709725517,0.0210052451033942,0.00593699264191866
15.2517566899627,49.1737906368506,-0.040366390578334,0.0640385682207703,0.0424694433997608,0.0379300781282188
15.5888498008535,48.1708816783293,0.00306275225063177,0.253952995104738,0.0534882378768439,0.0526260360609865
17.0986025069056,48.7929940158741,-0.113431868073851,0.0691945260781854,0.0164152978150392,0.0313012340114049
15.3171206047717,51.4273525916826,-0.424873532747595,0.107893399871542,0.019882656483461,0.0396496784435701
16.3396248038723,49.1370186097527,-0.165519374502862,-0.00369678336561075,0.00655015833158297,0.0400354812106741
19.2202755370604,49.1472126586049,-0.25640819986715,-0.0265384572511727,0.01550689143756,0.0900441808125824
19.0415140912241,50.2486271942229,-0.0658911244545558,0.146672508813944,0.13433490634622,0.0273816396637901
19.0955243426506,51.4205839808707,-0.208730318461653,0.38627114878179,0.0771899224073226,0.0702905331516149
18.3793227152365,51.9697732516491,-0.44037889718205,0.243799115650174,0.0363816033620133,0.0551784647291765
17.7352711101689,51.4092376889438,-0.275868849922848,0.205275740511271,0.037216230252971,0.0504972178278566
18.4384243165588,51.0489575597525,-0.256014551039954,0.25870027621957,0.0196289407130544,0.0417243582812478
14.9853037043044,51.1857146433395,-0.439455292386594,0.145450984632175,0.155376104003115,0.0874745262778737
13.0885611172596,51.0870559017765,-0.307963825868533,0.0110831281137677,0.0572735681610742,0.0601300683680058
13.8157659007186,51.2226605822635,-0.169325772150584,0.092280968470062,0.0334719748761883,0.0398032040611108
12.5433838710101,50.0010214739726,-0.064960725615069,-0.0223482068036779,0.0129487019547907,0.00652791623634549
14.8642490270239,48.8373688752,0.0151360504540888,0.0709610582186345,0.110758260765952,0.0617061326175415
15.2782265074168,50.7333018765838,-0.345101475087487,8.40139798110942e-05,0.0550169137416926,0.0206949481947223
12.6922013008149,49.1574068649611,-0.0434738026326607,0.0801682682140076,0.0361340704491821,0.0223078639339403
12.7358450439047,48.8624385279083,0.107356858129351,0.115681346243041,0.0724809078318272,0.0248937042642625
12.30051225158,49.7734083647545,-0.0683425075963183,0.0746939288517623,0.00463173965435671,0.0777438952265263
12.853270629955,50.8277256808603,-0.302929939445962,-0.00458001570677869,0.0238005064524853,0.0678386396059644
11.2108091485439,50.7233345269987,-0.236813302447558,0.0453479296295984,0.0199845922849062,0.0257411543651349
11.3707357587235,51.7863253017615,-0.475923161900524,0.238515994386237,0.127871095059207,0.108883183539009
11.7506393771196,51.2660555855435,-0.347977576570766,-0.0565851916387426,0.0606619020389716,0.0930017629631487
9.66624730984865,52.9555055062414,-0.431677967481756,0.280722525502213,0.033648542681238,0.0514324577668741
9.90812391972349,52.6429223425939,-0.52531515084084,0.17973876370993,0.0179450339092664,0.0502421254030291
10.2699249035077,51.2526440728009,-0.147512199523593,0.263162273652942,0.00442818183722382,0.0586874338699004
11.0308334999904,53.5683402182559,-0.293534513968042,-0.0899543580914502,0.0255096894712822,0.0235276528913677
11.0645226433192,52.9170942702903,-0.747249648966202,0.0148129472404673,0.235588710739006,0.0664822217453159
12.0820081149183,52.8866464691101,-0.613834966091469,0.181764526466539,0.170254214084237,0.0469242475513295
13.1477587683463,52.1862546029437,-0.338569428728818,-0.006775322375152,0.0500065666593602,0.0413895797744866
12.6949009098237,53.0267741867791,-0.265894554670843,0.0384938344788962,0.0508513346214414,0.0436200497925845
12.6544722444037,53.4177904648628,-0.2896676026175,-0.0314235860470208,0.0207046614451583,0.00745770803787915
10.1110384427417,57.6839818864768,-0.731659852718883,-0.519832432512795,0.00597021916406876,0.0141184294465208
12.2500247470505,58.1512636704122,-0.757100814652662,-0.660041855652136,0.00483165515429914,0.0224138708171169
7.95410192423298,58.9836476934061,-0.895094963143575,-0.500333907715095,0.0191820550334829,0.0532400806017904
9.19516616136598,59.151688400324,-1.0178528871265,-0.449932570585799,0.0349080309873483,0.0115792170734211
9.78532626601009,59.5700986723689,-1.04648179104352,-0.28068304429472,0.00873827784180583,0.113882418437794
11.936884089223,57.543810934537,-0.643709530275495,-0.701487401842633,0.0118613676979532,0.028216094815573
13.0196005530581,55.6206921835018,-0.468332895366422,-0.463033796715861,0.0096022099930858,0.00132692795784676
13.4996531707853,54.6272473609362,-0.302722764730701,-0.276443305786814,0.0709464965251187,0.00935795710825795
15.9079923456638,56.9451392139042,-0.3547545333724,-0.706525677409568,0.0168867844340384,0.0225751948894289
17.6946855649689,54.717193039266,-0.497269498449231,-0.297287244758611,0.072589929251959,0.155152721348029
20.3329506523508,54.7408054803005,-0.160609459485159,-0.717824013395975,0.0902031257042709,0.197598951122246
17.0231834025432,54.4154278710046,-0.490476034048297,-0.352779415419283,0.0130300144714413,0.00508921476721111
19.0934946652943,54.1742260052639,-0.254524669901448,-0.196145534887268,0.149592412894811,0.0300073457418114
18.3747279892108,54.8580696582962,-0.373798447488907,-0.261476063400623,0.043413443181373,0.147907921384517
13.5068540826259,54.3694384451155,-0.339577545122765,-0.208356509000923,0.0690371170168842,0.0185274963747865
15.8855138543165,54.3516646423132,-0.527304637293008,-0.234035064630843,0.0756132649179124,0.0516464938326154
13.9810811942295,53.1538805199,-0.294481378119134,-0.144958744766688,0.00657700834768681,0.0260610041600973
15.4356575734077,52.2392067670809,-0.337446769855438,0.0644086482393478,0.0417403789592134,0.0627511069702356
13.9637352496073,52.3189589378757,-0.324242366081823,-0.00412583065255243,0.0327633857322228,0.0189539754074526
15.6028437123534,51.7419671897585,-0.448677601957995,0.13400209240433,0.0371977949618575,0.0818004565484317
17.9369558442353,52.6845235641078,-0.455418829064731,0.152867825665272,0.0569818517977957,0.0579286202278669
18.5508744993155,53.4526038761838,-0.339997272222684,-0.123732859693754,0.126911553381977,0.00226207275141543
18.99981675165,52.4083180082644,-0.435539593124235,0.0121268308694849,0.00728949250452038,0.0441435707213751
17.541671526792,52.2566245731918,-0.297767174387126,0.0522059827159627,0.0790298548228063,0.0408339859148485
18.6999729597638,52.5656750100511,-0.433381711754719,0.0349001372824321,0.0576992964975171,0.0357184471754106
20.6878296539577,53.5423735116031,-0.646730599015379,-0.116197233724367,0.0763778543658912,0.0369262910140539
19.33861540653,54.2700007327674,-0.401801378626383,-0.165832249432041,0.0429609136147846,0.0591992993029344
22.1555433290687,53.0493752822521,-0.393097010136824,0.156396807833672,0.0692591265417198,0.0253245682170997
23.4629346930957,51.9907270337154,-0.516689606684599,-0.0265705658716027,0.0303381579284152,0.0929180902632308
23.700389327881,51.5158125307331,-0.414774835629527,0.153661333319752,0.042885486499566,0.0469622067595656
20.4298342353202,55.3821712483616,0.256990851053515,-0.781891594863976,0.373196752385118,0.207405966523551
22.6430529371646,53.4616849321163,-0.423218813306942,0.0369869743619952,0.0124346275409692,0.0121910779196156
23.4546164539025,53.5283008222302,-0.487647345188399,-0.0096023715034383,0.0519631699505631,0.0258677195770471
19.8764891064067,54.2867343759889,-0.554602520920359,-0.318731886434967,0.102847578437447,0.012857973409175
17.8366074696452,58.92909766757,-0.349704539327999,-0.856635871902622,0.0744438051984368,0.114583315468107
22.7702084014626,55.0879246774374,-0.313848826657205,-0.242281743437056,0.0782642293902187,0.0246627700001148
21.9760303611762,56.4921946570368,-0.0609049988538894,-0.329848994212282,0.0940574500280606,0.0806001546291298
21.9998148181987,55.9843079731792,-0.0630775780492665,-0.233794712374746,0.0205365034272011,0.0819135214324714
23.2971730452212,56.0723184276073,-0.28813517685888,-0.282720311736163,0.121960969119029,0.0568303327966684
23.4499350387526,58.4128384448419,0.250559005759091,-0.574408327986068,0.180870991661768,0.102995997111746
22.9465519069208,54.2567295195905,-0.412718557397993,-0.117706521129362,0.032534640248658,0.0140404679869301
24.0264847427551,55.065396907424,-0.33183928029846,-0.268209724460437,0.0552321006841234,0.0668793320291809
24.1317641208857,55.4003807123424,-0.276658101768395,-0.248493415868479,0.00804269758720392,0.0337551774709038
24.0980061451588,56.9572547938888,-0.383783449107831,-0.347544335798818,0.105927204584846,0.0840553389400834
24.1591287545614,58.9080391793737,-0.096255090808191,-0.614857403501411,0.0941140600645197,0.0546558417694387
25.5854475982727,58.0093617730907,-0.207219702266521,-0.423026209094351,0.0568310382016874,0.151079429335685
27.4282853259475,58.0053840800002,-0.114434842210741,-0.377898352249637,0.064283409883111,0.068684820550511
25.6970343039306,59.1964499533715,0.0670573519222493,-0.442106104011627,0.0512287041990372,0.0742074474834883
26.6604761758475,58.4822956086711,-0.130812440383993,-0.705492259515058,0.0410918798715749,0.0920813546919849
25.1686395291154,59.4226455169956,-0.0299556690548526,-0.489283131457081,0.046056550915294,0.150340636655858
37.2312528671622,56.0751046474029,-0.492735074164795,0.112455641640503,0.0446787153568836,0.103000635364081
27.278953000739,56.3619567192482,-0.320350691674769,-0.209458533867562,0.0488696998796346,0.110438765779641
24.9873149827233,55.1902675111758,-0.265281010616627,-0.10190557386003,0.0620775686263769,0.0793873971953284
24.5738279716312,54.3075444963013,-0.319532799231092,-0.202008849244819,0.0487534675926415,0.0916641692202224
31.2390856597796,52.5987825587737,-0.411605295184464,0.149794958186984,0.00421939403346332,0.023479802789028
32.8187142805007,51.3078127272657,-0.359490454021218,0.0435600592489806,0.00706755100029926,0.106545222998111
32.2764751272033,50.8792990686931,-0.514525371099021,0.101365121890331,0.0424277554460145,0.041404812659333
30.3832075960834,50.5473067373513,-0.911417195578962,-0.00343027264621839,0.0310095800110798,0.0759872492243639
33.4807106873337,49.2471478628017,-0.540844079864841,-0.121883943044026,0.0863378639277346,0.00768806542506977
27.4864279342413,50.4807047733551,-0.868786224579333,0.256409642679581,0.0605477287054278,0.0462403127555322
23.0311350931946,52.3266465260949,-0.777785498708768,-0.1658442510245,0.270404238819102,0.218053959076627
24.356975192981,51.2880089695572,-0.38582257023274,0.411982067379024,0.0339510721979439,0.126624254091416
23.0847298649342,51.8205310234886,-0.513061802406578,-0.0443460608390565,0.0365814452229705,0.0783045201891546
20.0541502594149,52.1073476334197,-0.436631698763296,0.241534068443949,0.0300025547302884,0.0319218709959836
22.0350907812218,51.2999405361074,-0.57946044132126,0.000392600206846808,0.03239077079662,0.100515689007786
22.1973053061096,52.1764901239782,-0.595151021973316,0.147824322126764,0.0841061201609689,0.0785844657560456
19.3421046319137,51.3359774942771,-0.127431389682799,0.509404466634248,0.171263904051682,0.217463422084459
20.7679953234519,51.9816339428729,-0.581884464359013,0.225911185330292,0.126689326566671,0.0102597138530007
21.3941611715822,50.8802461976876,-0.744117867014798,0.152795816254948,0.133544713195701,0.0194199790169444
20.9439360153981,51.7046580684842,-0.564723204480736,0.226500768834656,0.032666438029468,0.0152445606202953
23.0558677044172,51.5749489538468,-0.46164198009486,0.0642221618931811,0.0566151760136986,0.0238707281530133
26.3774885220544,50.1733420939021,-0.707352876881902,0.0954664129040133,0.0263963533149722,0.0746138129271002
21.1279219345756,50.0904656092716,-0.198742250186176,-0.00392714484238052,0.0198768211853838,0.089242478855959
21.5669466674963,49.2285692508678,-0.188975748309339,0.0430289296389183,0.169327108005064,0.0134142943325279
21.9900626424015,48.8652575857392,-0.0441057095611842,-0.14121065588208,0.0754817165378952,0.0990614312090883
21.8130110127997,48.8925582427776,0.100534571875337,-0.082204205344745,0.0797532635168672,0.0759868974940165
18.9706082350383,48.2658568280357,-0.270314309570198,0.0582618415590294,0.0268649237715406,0.138678631987183
18.2942375958052,43.8762164927274,0.683413255875291,1.51955833466552,0.0270975071551931,0.213593734656188
21.8467809775494,48.6705079157454,0.251901046239773,0.10449644625696,0.189666846675348,0.110194724327102
26.8710461024309,46.3675792262242,-0.412711942431234,-0.39628573535415,0.113030933559542,0.215696878314974
21.022873893653,46.5652175018195,0.0600649858797819,0.165385016195619,0.0440318120860684,0.0490648234341243
22.9799669277645,47.8580774277791,-0.348025297814923,-0.211208130992179,0.0690415468678861,0.0766884935764249
26.7040189464533,47.5084408255217,-0.605237402078941,0.0127893460899712,0.0826992779377134,0.0231207376711922
26.168671600267,46.9596203439516,-0.528291652818146,-0.0492247181193717,0.0240000374259793,0.0169527261566497
24.8759318993705,48.5394442460697,-0.948544416347885,0.490526722701272,0.062839573604835,0.127633508503013
22.5453962755561,49.9209017902553,-0.177491835522788,0.326855785672124,0.149292834345793,0.106144007789446
33.3977685031554,48.6208488638458,-0.665087539623608,-0.0737332029634882,0.0631917032571958,0.0263936841355646
28.2641056770319,47.9713576785776,-0.940735244393892,0.0256956994789058,0.117904281671571,0.061978501356357
35.0473151396905,48.8037765112914,-0.546821484406412,0.144189161849746,0.103794072707718,0.134960371145673
37.6258901035433,49.1230520843517,-0.289829014411996,-0.0120919994154754,0.0336724087575229,0.0735467299599032
31.7088233922705,46.6815819684396,-0.793372866502299,-0.275961383984158,0.116195132208343,0.0630658162390958
24.2340155080358,46.1488683372759,-0.403205485551116,-0.705857160094942,0.00562637599822012,0.261420870068876
29.1156012039251,46.6216917211707,-0.81549031548914,-0.0970001940472966,0.0529006688911862,0.0500079517671732
26.3859175182315,43.551186000822,-0.314972465593153,-0.876863307601113,0.0279493284357887,0.139145742273921
26.2730723374795,45.7400610936095,0.00599535850948242,-0.592787007889979,0.136835946867972,0.14192081899571
26.2970181633026,45.5109395144903,-0.134053773526351,-0.898875900397118,0.120673183947617,0.154234266965792
24.7194426493549,45.693304820197,-0.7325154903552,-1.23196306141672,0.317606587246093,0.241561228889358
29.7359449305409,46.1623971370294,-0.984111915242443,-0.114133354510689,0.205381831195526,0.0847161217029056
28.7060858566649,45.2367602113736,-0.653853584892738,-0.237136435941807,0.130847834348719,0.0787854507129754
28.0683460427707,45.2160684078282,-0.589558422477295,-0.284813015102657,0.0447646433177274,0.316328530964421
28.5924714139278,44.9364320109562,-0.311090907671814,-0.316878293076869,0.124359169762716,0.149589675331699
32.5091174462361,45.053448889148,-0.477777273112603,0.298799414376055,0.064384816663221,0.029643516991874
27.2193902670733,44.2564120991443,-0.190623022921983,-0.747630704323847,0.0335354882368839,0.049829437424362
25.4945702857876,45.1027612206381,-0.487393276475375,-1.161041334678,0.0926924379761707,0.30242384301093
23.8818807467165,42.3912499637982,0.0875698222948418,-1.8948542669581,0.0523175562262064,0.131785620276287
27.6504329255166,43.6579542995749,-0.303165522313813,-0.606188227962446,0.0882748966463139,0.103247713855589
25.7273118900441,43.6893034463973,-0.215839268227249,-1.00980287770089,0.0133211008994383,0.0719670106746191
26.6926347906485,43.3758843767894,-0.313593673597389,-0.792289320562737,0.0676634826426902,0.103967462616651
22.1301496855086,44.122723583995,0.525786266574548,-0.906568114979992,0.244163541744569,0.24197356793052
25.0693133016599,43.7869349501315,-0.262897067247126,-1.03920860557777,0.0166438708566699,0.0669716812422296
21.8470103938092,42.3098538893654,0.738228603257781,-2.37035524085804,0.0452649269301316,0.067801838188201
23.6850605485494,44.5063239871548,-0.509781616765831,-1.00396653644271,0.0210997497141275,0.0700942819723092
20.9326782549766,44.3629126464324,0.737735017068856,-0.776147462503643,0.0789823050660109,0.118911604815247
22.3116620126206,43.6096001632509,0.233379875641072,-1.35986461420129,0.0430901189177912,0.117105080500036
19.7458111347969,45.299738560916,1.17199238521669,0.522314544155442,0.513184109049483,0.197348897827383
19.5081377133731,44.8155824475986,1.00528964824358,0.579449894921696,0.0908545510394644,0.0250182921224327
21.3264756561254,45.3606528452175,0.0129843647541445,-0.324787359734963,0.0291304318412676,0.0169234834095878
16.1032600357984,45.991084527531,0.872410547467203,0.937126003540325,0.142675209073203,0.434752646719944
17.5294632124316,45.5661430260689,0.858929357734383,1.09260980198435,0.0986791505104321,0.130134267422387
23.5694299984353,46.1396599422696,-0.535555413370734,-0.616634553137829,0.0250624062575833,0.144520940852929
20.6816751015397,45.6892210836859,0.358016993145134,0.0863560634960094,0.090199511687457,0.061675947122924
21.0618352161004,47.2886399818599,-0.0425841198464959,-0.0505713618035633,0.150963896006174,0.0823728310504114
23.9757135644994,45.5910732006739,-0.777503240986776,-0.707913486798523,0.0582101032318931,0.216573406161928
19.8340607509664,47.4137530929047,0.157113683568141,-0.0557105973906333,0.113137910582347,0.0437557440501442
21.6316713824546,45.5542113511675,-0.212223330288086,-0.384588443713802,0.0186834425218476,0.0461866462536388
20.5648068781093,46.5285060351375,0.152956346661996,0.213004543491441,0.0717240843467694,0.013430775326447
21.8918058858529,47.3839962921425,-0.125817715088576,-0.0629813591019955,0.0608790077690929,0.041803966210927
21.5544194347582,45.8397758862167,-0.195232908670101,-0.167826334754249,0.0575580160184736,0.109197101101206
16.1797255522195,46.7381618329052,0.526149912102554,0.728296533967518,0.0621520216955598,0.0362652055783419
16.831494095815,46.9791671651271,0.294666988130299,0.513369568566921,0.0245697046985269,0.0154323346542888
16.4072410392063,46.3438316038345,0.414627647821795,0.911635303088333,0.0224489669516951,0.0295769083571148
15.0943042973236,45.9758846105267,0.150791966669169,1.86960869713216,0.0947591465303205,0.019266823269868
14.9892904878613,46.7593234755497,0.384243457654545,0.760542864723331,0.130510679911856,0.148298676938063
15.866262751064,46.2918342836807,0.652878725381975,0.858369193109573,0.178414759334423,0.337575003603167
15.4999488175166,45.9341953676792,0.629374784493466,1.9831878356349,0.127280086923245,0.203839442267671
15.8387243413884,45.916932381412,0.973647888379511,1.40153798892606,0.137130465286706,0.190423495989342
15.918134596996,45.7653820300328,1.04307210381722,1.64043889044572,0.0929296232349415,0.0466106261061958
15.7397023984656,45.8822734256021,0.918413284934056,1.72109050645514,0.132110680805937,0.0110061314706172
14.5323127641506,45.9976632156598,-0.279685438014576,1.91621932799348,0.024092623417187,0.0559846937305135
12.6021332524108,45.7106790481638,-0.22228932186525,2.06144089778862,0.0420616912014791,0.0999850764993443
13.2448745654465,46.017441457992,-0.501277335384709,2.09498997810277,0.0254398168793984,0.040865004714128
11.5083205385968,45.7971635132378,-0.201585156822413,1.03762672856881,0.0611013996808802,0.115220058058089
11.8026849632771,46.3250941261083,-0.212055170775161,0.75642330712105,0.0438486966335885,0.0191392027581828
11.6499614608509,46.3328105294268,-0.114994340386592,0.736557585977403,0.0277334583086427,0.0289749195859381
11.8940296794222,45.3689732264698,-0.112879559694606,1.67094348511486,0.0495437775630949,0.0241140680151174
11.6833450250271,45.3994286392464,-0.082536508231288,1.53467969761939,0.014660935296211,0.104956599716047
11.5896266935607,44.5961884479628,1.06317243922194,2.8328804736385,0.112048351217792,0.130313372652495
12.7156292912495,45.6240692026389,-0.23655813895422,2.13324428012399,0.0691419864496372,0.0606706504907437
11.4310785235341,44.1110714903757,0.0940868957397358,2.73322231835912,0.396765322693885,0.0306584823175768
11.0779034470493,44.9647688098775,0.300803266701076,1.80000266177663,0.0509182137926054,0.0608322389429197
11.4914355785567,44.3449844433979,1.08143758816876,3.14931026979462,0.177654747437635,0.301362861155205
11.7245703069748,44.2494138046704,0.82752715433194,3.16685285172126,0.0156971248121421,0.193412772727657
10.9762978900121,44.3600221783892,0.995190007512719,2.83677168773823,0.0289506820974102,0.163260914669396
11.8519140920591,43.9907026135539,0.48982278555433,2.75063075975342,0.0448115019530723,0.116228192899493
11.5705091935624,43.5999210801246,0.182387551457925,1.7562978541382,0.166833889932715,0.186698773974481
12.1951343217551,43.7799146968587,0.38416239078288,2.39131519361171,0.218564809768289,0.250560962800101
12.7609441478851,44.1699561552854,0.89488478065647,3.03929150692149,0.0924256448391838,0.138230049848722
12.5903889631607,44.2756757484088,0.677089926792077,2.62494363387731,0.506190942110934,0.0608819829080568
19.5878429502524,42.0672202284019,0.0685829016887196,0.627357435827478,0.334338811143352,0.205087985368768
16.5166512773447,43.4023320314841,0.816855872710139,3.54663546635199,0.150875660762352,0.0614083394624197
13.5223722704763,43.6304282985442,1.0265999269015,3.11360553117239,0.105693213128134,0.308045267503945
13.1563496840593,43.4601646052871,1.76637010364032,3.16491830847255,0.0863707256236127,0.192448538068443
17.6625932571815,43.1149846383046,0.981461179777754,3.27489921173171,0.337152222817022,0.0435591709425266
14.7474032969629,41.9877704302893,1.41836913290082,3.23499489566833,0.0797718599569405,0.0280395477989111
17.3011109776986,43.5041980924956,0.676321998603485,3.28882968585622,0.102053727581822,0.0740948828479565
13.6705690402002,42.0073541633655,-0.03073212954018,2.5224872435355,0.0386910293884571,0.13562931757845
13.5117605974344,42.2911367577845,-0.398544416142754,2.25867666900304,0.226086881409409,0.087308683361172
13.9361751702846,41.9899058027447,0.640915697182538,3.32734657587897,0.203214195235564,0.166045212058688
14.1160779201818,42.4242366515414,1.51840646992247,3.21128121595712,0.0450076256357516,0.0597742391504887
13.9406216723189,42.8351762564047,1.5430218987584,2.96374798779901,0.0652898829859543,0.10554317474736
13.851896406546,42.4704002174967,1.25969445228,3.19788158358283,0.202166489298976,0.055058946732437
13.2259652057661,42.8735710496377,0.737870829900963,2.76622131649813,0.0398063955473275,0.232259017684677
14.1225080867875,42.128074032778,1.35465753272976,3.5722196601656,0.249862740706371,0.149578390740869
14.1512799416529,42.8952299810265,1.44407358482731,2.79322590358673,0.126693985325404,0.0365922860677397
13.3206949786945,42.5398507589708,0.39224984007714,2.68031839087015,0.0298456504311157,0.187871284233889
13.1056368654486,42.8008954218458,-0.00765009238925664,2.44898876242638,0.399708428339669,0.077070813253933
13.6719665742266,42.3220080184423,0.582049015336724,2.93532546155219,0.250630597318994,0.0258784345241414
12.8906725862896,42.5162383662686,-0.381783930533261,1.27583610003202,0.111742520725508,0.154624283051278
12.8273484246143,42.5398273479756,-0.388063548607809,1.26545905363794,0.146962360841346,0.127846566140743
12.8271299657932,42.4430899780124,-0.622143039777868,1.12767569266747,0.0464791348675735,0.112779286193158
13.2580014311238,42.0517447657387,-0.534580464366945,1.8405799709227,0.222003341061321,0.106524653155623
13.6053881055735,42.1760723541908,0.3208907425569,2.50682690029809,0.196427771056578,0.0648435805575451
13.7207743657731,41.4675325746844,-0.575364792930274,1.67957019216112,0.123856994438073,0.167026115747366
13.2992271971338,41.6420893489523,-0.579440169807095,1.36320496735696,0.0231834945312687,0.0732619719091795
13.3927800386413,41.6938546564919,-0.597517861517852,1.3721034583892,0.0290697199958556,0.106983038316162
13.5637263399605,41.7344338482374,-0.551898264369395,1.63380323583867,0.03303416473366,0.267051874462437
13.7586019251519,41.8301228168551,-0.242781770843677,2.51857494427197,0.0359919598561263,0.0206847105275333
12.6964344518764,41.5639324742873,-0.850348386545993,1.0205256193172,0.0172952429887167,0.0313587972829121
13.1271971725345,41.275910612889,-0.942089224226569,1.30693467359152,0.0888572725031068,0.0885837488398636
12.8076907980509,41.4883702292248,-0.831545131176227,1.16030759389995,0.0182199136327458,0.0554382449644563
13.773480102807,41.6206180430974,-0.650118719529008,2.13840748764596,0.202749611163043,0.0576763676598676
14.0954705798293,41.7020146659678,-0.0882840824179847,2.73256414700466,0.137889819303957,0.198605547857507
14.4363977136627,41.4754536683337,0.412928577492305,3.12176223406521,0.123563330852948,0.301072059563402
14.6521858409556,41.083436480821,-0.745915225221445,2.05739126693643,0.0504890901541012,0.0904822054984696
14.8664767610921,40.484133009038,-1.03725203326631,2.30769950236735,0.30106333987767,0.233679827105627
14.8303206220501,41.0829673035275,-0.575679481474495,2.19883714340095,0.137369153390357,0.0153907871928082
16.5204296660916,40.8679851386969,0.841334562252167,4.45174685906863,0.00798089755178514,0.070060483507109
15.0787119876156,41.1616718452494,0.0295473531567293,3.08670508127462,0.0503367210518357,0.0512606272484903
14.5752093915526,41.7522946614924,0.174533772025111,3.9431849540482,0.631344576002467,0.57008477803609
14.1762790439775,41.5610285258632,0.208808340770831,2.88599781273127,0.0854825520246029,0.0920776883630055
15.5152563554497,41.6576903949472,1.02513241261242,3.87066964658088,0.154618070362016,0.028303594886405
15.0176477422993,41.4518202690549,0.528224074119265,3.55051067501999,0.189534347874854,0.142004118493358
15.1794537738235,41.0339771776517,0.00496460748753038,3.11704105166405,0.0668344785108917,0.0783813671965651
15.9953376329833,41.8255156787136,1.03649360202632,4.10419134151984,0.0515690146694101,0.04492318369156
15.296877521241,41.1452629149444,0.272520750242927,3.76500024887854,0.0369333414552569,0.07535922031667
16.3193331508372,41.0678387347426,0.983100803688735,4.44385554729636,0.00299547960797416,0.0455903972489264
16.6569689826417,41.136737342107,0.855711360358773,4.32672307965027,0.115677988660175,0.000704908877500829
17.484662965183,40.6971293138376,0.806626224588729,4.13722399050134,0.090556223466208,0.0058500772092609
20.1154260893919,41.096671366391,-0.533033567432725,-1.06193726276982,0.307863930142067,0.382558164637341
20.8216147376225,40.8040753316376,0.558214939605928,-2.81161337603879,0.291691041903973,0.0483606391856444
19.4673244827576,41.3396325039164,-0.664685391478384,1.51486682377873,0.261191212602081,0.0458414424298125
23.6673030983678,40.8206238763906,-0.136860690956916,-5.46792823684548,0.198723631595077,0.0721896737405303
23.8372301461895,41.9611114033702,0.473535101985047,-2.23263161801449,0.0110479210609633,0.0848563841894003
26.3431974593177,41.6665101751465,0.273605945117672,-1.07964514644928,0.297314713468448,0.0337402212582813
27.1491302441004,41.8314819027863,0.51460086626662,-1.33368628089359,0.069480925600325,0.111207424599916
26.6531858422017,41.4534580791667,0.352854299152799,-1.55854146758778,0.378470070047108,0.13431648459876
23.6532348196683,41.7719325619649,0.627068903159776,-2.71896202346463,0.0417996830553837,0.0379485371112755
24.8870899477052,41.4081979586628,0.188705713173869,-2.77497694753647,0.0217075817623001,0.0369489300104305
24.8188933202701,42.1756687435477,0.0292607968395741,-1.67586075181018,0.102057740902305,0.0615521142495958
25.561384500396,41.0397171783631,-0.353261523846419,-2.55242342164078,0.260480308709847,0.170376168955709
22.0827118464862,41.9060778331715,0.683893624926588,-2.86287927295248,0.120765640649647,0.0642451219282415
20.5224584244054,41.5381875748976,0.393237022140057,-2.06734353994236,0.0163741999157668,0.228934996472927
23.4468079216648,42.5412937530941,0.329930587429835,-2.20872354818458,0.0456873983743953,0.0422374822458268
22.1957254411889,41.3832508499744,0.93618461179443,-3.53450931156854,0.195072783666227,0.554523699888337
23.7701399438019,41.5655709809017,0.645940525336254,-3.19159487411699,0.0577690822839523,0.227458795932685
21.3899607552731,41.8731882052842,1.07935113193617,-2.71275395999189,0.244341807544575,0.0213458219866627
20.2073095407805,42.2516022622886,0.238185239839417,-0.402006922305942,0.337576783159222,0.312528792882979
22.7877355143925,42.3490953040371,0.500598525010008,-2.56175433134567,0.00354037657998888,0.118069392288531
19.8292624679608,43.3967798716702,0.556163497352886,0.657771973922759,0.240827321085131,0.198111608622767
18.7329145892974,43.5128354173047,0.722352733765772,1.60563833489905,0.0635589437681297,0.0338135312750232
19.3399029444517,42.4357602684319,0.14813362829996,1.20353220883336,0.476715566623013,0.0965762911577911
21.1381405060733,42.5862440212882,0.584650075052492,-1.72508021559433,0.0355566164762975,0.0883765814634956
21.6491149812588,42.5737598992473,0.633980408432647,-2.0785020312256,0.0831503199963586,0.0678234708149333
24.2867188871813,43.7925531455253,-0.519797983531057,-0.837338033403488,0.109407868790272,0.165261909738023
24.8471417588,43.1446829366399,-0.0450420889990982,-1.10673891374634,0.177993212748328,0.153076636285464
27.0754507115292,43.748236644454,-0.414716920666521,-0.662422145464382,0.119214209852989,0.0618704959090454
23.5717909589329,42.0188642903936,0.507838313579607,-2.38936290308187,0.0192186839830497,0.0334215459380657
23.4772961329974,41.8787954042174,0.609101111026018,-2.6186416366893,0.0504824955403105,0.025944224881726
23.6170765269665,41.8526807740848,0.598558099304586,-2.59289383289491,0.0360316588376075,0.0228038424060283
23.8197298865004,42.084637316315,0.431534165542584,-2.12481246459035,0.0603842273420151,0.0327940211742549
27.7151841191525,41.9291439545393,0.44836266916944,-1.05941158703086,0.0313645133643824,0.045253284525109
27.97135590378,41.832733165078,0.489746814086632,-0.873619704306719,0.0924856304479138,0.11805898530912
33.776334142279,42.1069960843144,-0.535956216947685,1.68544358154147,0.60916485879437,0.10035851001215
27.7533251434113,41.4930102792179,0.385512881059915,-1.61163613848233,0.127278805789842,0.041532252298361
32.6849864032535,41.9703097783092,-0.637784296444327,1.3646748398017,0.53203573552255,0.0540842238078522
34.4569459229777,41.0585255553639,-11.7227319560454,1.36623138333014,0.838497400290259,0.441326205256479
40.073900091517,43.5193348899004,-1.08004994128684,1.28103198302094,0.235935555972546,0.0428165608771624
33.3259767977855,41.2888060798993,-3.10653109029319,0.975362103317891,0.553989176692543,0.107163850660202
33.9568543576833,41.2006474814287,-7.10916870170595,1.40184073313917,0.353194600267259,0.255300550845633
33.3554573257655,41.9535759173978,-0.213068322036563,1.57289897502229,0.0729817172419671,0.0625627849225942
31.6026806887124,41.1415052976235,-1.43393260186902,0.886942546719892,0.486378321575114,0.195092794803931
31.2750472264617,40.5295089553258,-18.997991601152,-0.772624297698684,0.184340313513406,0.0287697013861273
30.20028370126,41.1655435930034,-0.223423421291592,-0.501780973127123,0.457280344088363,0.0402591024547142
31.2982558501003,41.0751232667502,-2.02003108618708,0.715423474888012,0.860814597745932,0.569910284028096
32.2974151906996,40.8578944165538,-9.919683285959,-0.284836850274793,0.205964817679419,0.0674671268441878
33.2379879793432,40.9853393347952,-9.39273352875778,0.0325033034714743,1.14934505697733,0.601996964317769
32.7732185941552,41.0518868597153,-4.90197342533021,-0.0804132898979124,1.15121210322183,0.134806222921495
33.5238542309172,40.7716618246612,-16.1844249938195,-0.0861122768611483,0.076574186615105,0.0675885078376131
33.7170884429396,40.2784217446312,-21.4325972014013,1.128421805525,0.0715175953801546,0.0870938115200794
48.4371029166337,35.0689504932649,-2.95157636652847,13.4282124876535,0.0397439083622894,0.233650490067293
49.9780190268608,34.6745190943233,-2.24132582539122,12.7719504896779,0.194910317068351,0.189318295338369
49.9357659379825,33.2410262270268,-3.19919430407648,14.9952394963087,0.363649970500339,0.130982069331353
51.1906259763174,35.248980308264,-1.33615706708256,12.4366448184889,0.0621376401667159,0.135233101969214
50.6228217562318,35.8542299448757,-2.05897740762708,11.4277370381744,0.246656676587879,0.00911927068927957
37.5018793713589,36.1101365000892,-5.7334445808757,13.2892145238364,0.248044287843877,0.204706201797386
41.2102671187999,37.4885974096941,-6.86130168556099,15.1785589956248,0.212298665268737,0.0262422676906627
38.9673701199126,37.0727296477058,-8.64264609837779,14.0063711551489,0.500676835249634,0.137511360303549
39.8170778260109,38.1920755899702,-8.68933294096221,14.0537867024286,0.343996776145902,0.903270201827466
41.546190357433,37.877660592717,-6.59635628729086,15.181614559471,0.223045445719765,0.124026102287468
43.0216819398503,38.2675682808786,-4.62008882015666,14.2894344890904,0.255154684484399,0.274404929943299
42.3053981832143,37.8357523778736,-6.12774102161477,15.2981898650773,0.131179936216076,0.244449171530366
40.4519069415599,40.0062097456332,-1.74609247926557,3.48573323515074,0.433738561446819,0.167116662268916
42.2906612932031,37.2947901965332,-6.32969098317548,16.0224983510535,0.272131725989857,0.150737885712179
49.0177814739847,36.7262509500222,-1.68467926251973,11.9429552721428,0.456953872879786,0.23428535747882
56.8702229270845,37.6010883093651,-2.3596678826294,4.93420328674107,0.354754286030977,0.0627932356131463
71.4487602360749,38.4542045780263,-10.6228911240112,11.0995599372018,1.83938027593483,0.225652144391993
69.5970973643156,38.0917191971995,-8.62256844090774,6.31627754944055,0.484198840704579,0.0267629185931986
69.0788383124851,38.1043614077433,-7.47608107109668,5.32072181468205,0.614113397720122,0.694861527004626
71.462251548048,36.1868292893687,-5.18113500098348,20.1431914011517,0.285055774757599,0.452485828873239
51.8553542879275,36.1368404801138,-2.43385558825816,9.38369274256615,0.0565622026839803,0.279534577282323
53.613037730554,36.0740980110868,-2.39431866791477,8.0177629607981,0.329847847434956,0.215239143260853
52.0073773459174,35.6642392471082,-1.64939954708047,9.63930763198599,0.10410381529624,0.0635833804909427
59.7692222839621,34.7407337892376,-0.0554723213350182,1.92370593555816,0.046649365831271,0.811511717688435
58.5272525000147,34.6137912238687,-0.67784261348773,5.89637067605848,0.136257733904005,0.360915300885067
71.6052062969535,34.2448527057305,-0.0546801141567464,26.43787395614,0.836973847234977,1.0338863224043
72.4809683487804,32.1658727729551,1.07341757841777,30.5762570855249,0.869914152309043,0.15018799054453
68.7894086199632,34.7184304244865,-1.02593314100164,10.759062799622,1.07299831032992,1.03260814175692
73.081602078782,34.9253519501248,-3.36030116689701,27.2489228093806,0.463936747254333,0.20595658626758
73.6270972484142,33.8404878352622,-0.383881060476333,30.3852950174987,0.528836047776978,0.553482388100854
74.1480283273038,35.914919925133,-3.46913557607221,24.4226105560951,0.33442518452166,0.956475555890392
76.282210556757,34.6031685921107,-1.53999247404077,23.9869779801548,0.194788836686036,0.407292845599411
74.8048058708452,33.9975320919477,-0.0224762322884218,29.3098805331446,0.810776903220221,0.144747639517935
74.9156457507595,33.4155543746059,0.71549932319681,29.2595487041131,0.81068525795625,0.131128246023686
78.6249573958204,34.1766334343487,-1.87836012602497,17.0699098766465,0.0579524255853858,0.349683656460304
81.835289789772,31.8745299899788,3.00431054523041,18.9204124146795,0.554716685294502,0.797443055188389
85.6649507361481,33.3196720602145,9.22758187979619,19.6989097469725,0.343162745770078,0.841612229954784
77.8691048728423,37.0719120610022,-2.92604026632971,19.4699911121588,0.00756968175731383,0.0290116461231804
80.5016095921233,37.7460342520737,-2.77287065652006,16.0121410844311,0.082739273241545,0.392687302695395
85.9705781988876,37.5926138851787,-0.0842553463725316,12.2949578211461,0.308060529686123,0.266749061422009
85.5548716622401,37.8255808537002,-1.11460199356131,11.8751194162376,0.417461146744548,0.187668588052508
76.6506850673014,38.1768476684077,-2.43400497526072,19.8146057262337,0.130211420386276,0.16516083633927
78.4535991775233,37.4114412810111,-2.71853717538091,18.6825602029773,0.0854322524848428,0.0797456220981555
71.627259959468,37.5673887983932,-10.4631195874735,15.4775211801646,0.481491964953437,0.0649938303601671
73.2354604826788,38.6234669999212,-7.31831436992253,16.1035472210943,1.30430340631483,1.05645321360256
73.1575548167222,37.6791267971428,-7.43040328749851,19.8177759249175,0.206776226653551,0.150894387555942
71.769739699187,40.0122826091948,-1.33562890276777,5.89715713666411,0.213407501277679,0.168580188482216
72.4566425621337,40.3258384165376,-1.09360434355599,6.12674280334592,0.331893688996418,0.179499960556554
73.3826443828825,40.0326396023153,-0.645493306566978,9.11424950191792,1.3286620142834,0.948698036361783
72.4941958500064,39.4952395083363,-2.66339265187198,8.87267967334798,0.345263876765773,0.225651671260668
73.733137909319,38.2871578848136,-6.56003552933477,19.5174892852713,0.566636870673419,1.18490147848729
75.1846242412028,39.6217721019982,-0.529421252938418,15.4636230946157,0.217371077573886,0.599867054899022
79.3510460145852,39.9749302234878,0.0246444093404086,16.793261830161,0.0782665598943454,0.487258614232478
87.0006276964042,41.05781824093,1.55636959260681,8.73523912016335,0.122237980523203,0.156611625325796
83.4771342328992,39.2167361362352,-0.516371390708922,12.1972790528746,0.297738315657965,0.0662638891114971
79.3932584781187,42.5431345052504,1.31594687676806,8.70016918119515,0.0343469370955119,0.288059021673606
75.5655052851651,39.9172178028518,0.705907932240239,14.573100428622,0.336640693502931,0.646765294819992
79.0057033127922,40.3892539669446,0.621946082068042,16.7348559740718,0.131341283948755,0.173641786106468
78.2419384704253,41.6096999363113,0.986202754709595,12.0575099321785,0.268241879140394,0.438747919451974
84.4990943492014,40.2160537468057,0.508409019392398,10.9743286987043,0.19014242385315,0.0828387576950409
79.4917089592135,41.2581117549904,1.14777319753077,14.0913373046331,0.32739556036467,0.407029057200884
86.9048070424326,43.6742396715218,2.93281169475945,6.875648602883,0.0643448666863734,0.171949323201724
75.9364736948761,42.3998414925503,0.0355685258130234,4.20722905363798,0.322887010578928,0.0467078594885042
76.1424771501111,41.7693792488398,-0.703959536016601,8.1247328703159,0.0850554299969796,0.110176996151117
76.8625358489687,42.0839260854852,0.374123760198463,7.89628453666041,0.0887246625553067,0.236047212634939
76.7381955140725,42.2593002895594,0.300598695603862,6.11690900488259,0.172196095931403,0.356710400829695
74.002352832287,40.3570300500104,-1.60348641236932,10.5849899698158,0.146118675683295,0.511064899538455
75.1091388172213,41.1316977037794,-0.879119122239354,8.01411192775367,0.085889424954406,0.0677991376431963
74.383646014246,41.7208347209311,-0.939037232781206,4.97608137766327,0.0667067774120373,0.00697626372665179
74.3187075258628,41.3102880427752,-1.51307645279652,6.30807252392749,0.0478690351046374,0.257252569227625
74.6128857651695,41.5173697929524,-1.09243265642713,5.67712259689006,0.0542345981196713,0.2316287048425
74.9166675182215,40.5508121922739,-0.594164627140024,10.0331549772387,0.040802168269409,0.383420079227435
73.2845084335066,40.6694094525096,-2.05918661878323,7.10318393039011,0.128305363162792,0.222116501575547
70.9755661320178,41.6904693916687,-1.99067947755648,1.95423113181138,0.0522582490927234,0.00371853874338434
73.993236312186,41.8355196371122,-0.978461734229204,4.28275035257313,0.114298924604321,0.0549402116052808
44.8526914613619,41.2672159655491,1.71912830306833,6.163752700197,0.658866952016754,0.124602269789056
44.2407453088351,41.1310419050553,1.56919275821198,5.49102118808917,0.501722214726263,0.106635253271919
45.3276285325863,41.281003976301,1.50023960154344,6.77354440905629,0.355877425244329,0.406618031695736
45.5860757137515,40.0523904902228,3.57105956906988,9.1865795957228,0.218506925620221,0.322193377365148
45.9292423550497,40.1644544833796,3.59712261602693,9.26798085278424,0.424853448411948,0.303587962371346
46.6391710731872,38.1948523467935,1.80877500071099,11.1904959895348,0.0201541174937225,0.436150828869494
45.3404427549994,38.6131638406745,3.0758011360044,11.3168436242402,0.668681061521636,0.247818128303343
46.7493039017168,40.8669788060015,1.83270421926137,7.85320868378922,0.136683185425853,0.0802444483478336
49.1962822445341,39.6684615938775,3.66858879543634,7.99438700875848,0.153780068866716,1.15781102525637
49.876088346147,40.4246310052362,2.2708628364386,3.84139185088483,0.648233592473126,3.01301868499298
48.859289299768,41.2924241950984,0.65661066317814,3.61601933699055,1.29063468906565,2.26631998901501
46.8535180215538,39.7984087530657,4.35193527121389,10.456404576445,0.244573886136487,0.461014514468771
48.5030598668946,39.3169802442922,3.95989659392688,12.0365678037014,0.134936132360223,1.45508333706212
48.6333954628897,38.9310600395021,4.06322876806956,12.5036684143647,0.801122829740156,1.11613520184857
48.6347969008028,39.0598038375617,4.02916184290936,12.384826642438,0.439463765156394,1.2596681842818
44.8441873674473,40.2579849010974,2.33336263862321,7.88291817785425,0.160934034132823,0.183331020464709
43.4393292187503,38.5116050125802,-3.48870331467118,13.7123132749229,0.513795997331871,0.360022621451318
46.4756303581232,39.6090092697651,4.61149966327106,10.6936992357995,0.197309138414627,0.53828400161836
48.2316481425551,39.851065971884,4.06248795627669,10.5364321451442,0.425831940247225,1.32746335787343
41.3260428039185,39.1535072407974,-4.52184582275368,9.77306584999966,0.33655064453521,0.0192217638309508
40.13023842747,38.9385742751743,-13.0948962341927,10.6538342507398,1.36171210568685,0.534852031117531
40.8066161281757,38.4057666022808,-7.55004018321094,14.3884178176115,0.398918164692031,0.56366343674161
38.9435310461705,38.965518543438,-16.3577680106123,10.0371728179304,0.223127932115098,0.6592336861021
39.9162375397082,40.1768922945923,-2.18995298312663,2.93282420816,0.184109925517506,0.0849431042469675
40.4256931745023,38.7564060427701,-10.2928998394914,12.7856065131925,0.257811475655779,0.641349458917028
39.4497620890509,39.7555446947148,-10.764865639511,5.54384525880294,0.730048011618491,0.0997382352049238
40.1498340811908,39.9163644257979,-3.83690061249543,3.90570182735567,0.0749494366116093,0.082694406029794
40.8708771141742,39.8844637873129,-1.38270472726327,4.0758994350362,0.690149687487431,0.335590715099875
39.1969348636076,40.5720719062015,-1.08734702967918,2.51848726851852,0.0676451911013952,0.0748414198971989
41.3781434286873,40.3060549606128,-0.149588211599086,4.13606200984991,0.340233067386025,0.122087553334183
42.3246274038413,40.4960013769691,1.05390540855477,4.76470678815504,0.220768335942684,0.796311793829279
43.9614704999216,40.1692702713748,2.06629027795521,7.00893563994314,0.160408195651434,0.259432861772952
43.5791461041848,40.7130778796509,1.12360151057215,6.19122745882282,0.0857297899370296,0.0959316714765772
44.6130709071403,40.5134955812424,1.89997039349107,7.17884261119057,0.186423860514806,0.0651038393452276
44.6985403010922,39.9111668707844,2.87510292642624,8.32611868388179,0.0375806705405262,0.13966611313854
42.1103426676727,41.23417280278,0.00298930185296279,4.01308934343453,0.0271855163734638,0.284799106876958
43.836310079607,41.1187693529563,0.743067617291718,5.10816691134552,0.0937150582895153,0.121545608630987
39.6292166858355,41.0355569331615,-0.727721216654176,2.19680633547762,0.386669629023861,0.106704882784178
41.697192082438,42.7592823957062,-0.234475699798136,2.49745052972818,0.137852058683372,0.311399994677545
43.2863972685193,42.5214693835901,-0.252641456156794,1.69381621443088,0.104162597223672,0.427833048831125
41.9646877446709,42.4665568184715,-0.275587066329527,2.79226496111312,0.0186798871761406,0.296255089213535
42.4485314807204,43.1810347486129,-0.145653279736279,1.71833389828143,0.145809449178924,0.119618052327084
47.2881288483654,43.2290952727368,-0.192736648024444,2.77799750222587,0.399233241356069,0.373219478577689
43.0896088531292,43.6924764293953,-0.15154724389469,0.932882112034883,0.240401693546859,0.480369021619053
43.5829933781376,42.4828494464346,-0.181362668533967,1.56093987483569,0.16244870418736,0.663651979049141
43.2014089900703,41.4070335955835,-0.090669354165119,4.20519439722208,0.145328660413551,0.0964217613845743
44.4709424014931,41.9108619969025,-0.281786057591296,3.80236788147673,0.0870794983419071,0.0420934414447256
71.0600018247931,43.8596124324067,-0.895208872558389,0.945815401906856,0.383899846557456,0.327422912410677
66.1652098604295,47.7396624552954,-1.11028421023818,-0.556737099222552,0.281426310124469,0.081684321634185
70.3619724727531,53.2149276087041,-0.197941646112568,-0.413827026128678,0.119849895693821,0.0680644998726222
74.7333594116361,46.813114237099,-0.426064848841853,-0.031729862602673,0.467436714243972,0.300212955797897
77.0375645996632,43.7716190103556,-0.833271721571091,1.56311723310328,0.0977401083470054,0.0703117905051359
78.9810583761117,44.82358570595,-1.26964165972683,1.8441785972121,0.402389406155843,0.0967595384039628
84.7179369022488,49.5124904807814,-2.5705959030302,0.670070196952676,0.445144021514152,0.154428394932712
83.1423602113199,49.3282944450065,-2.44404152748336,0.249665313849619,0.23731453325653,0.129733411414077
88.4241905831667,50.4593380685679,-1.38474668359242,1.21833009343558,0.263613473038987,0.431092033698651
91.2434705476721,51.1624577849596,-0.728085811230991,1.04648705712965,0.326014527358582,0.313128378123951
89.2698060118029,48.9618883111969,0.539012098031281,3.39350741707946,0.797910662101569,0.125448207099393
83.8314117316963,46.0598888193393,1.4275971465787,3.41883773708466,0.061124824813424,0.0205559051298914
87.5495001612232,46.4600090933724,1.27259307793322,5.02987038339658,0.177387611484017,0.277666095033245
85.2671966271409,45.7771736982144,2.47988628311509,4.02441133323628,0.165844348262643,0.349849600772954
84.9767626258478,44.7819373226286,3.73008279699821,4.92030017735669,0.674594108986101,0.190134867982311
86.5673857976573,45.0120285905229,2.74358923758663,5.63052506795751,0.134561501374856,0.0755190331828823
87.9492046313041,44.277210375356,2.18207769765756,6.15605660969831,0.514702916106819,0.0360315384065499
88.659041238316,43.0057045975981,2.99556152666558,6.66080032566765,0.111958227904643,0.123784643688974
84.6155245243866,44.0920177163634,2.45054922523866,6.16795874659677,0.189839078008694,0.17198876690633
85.6180968877402,44.1202320786678,2.98934287285033,6.00446332329197,0.00151100037969188,0.143100741830774
87.4592397872109,44.5631496214854,2.33929646611842,6.08596309014862,0.380694037083026,0.0384159288190973
83.6029467653908,44.35376545453,1.89075105945197,5.93850450398491,0.24841300127948,0.0535118965021727
89.3427005216382,43.3593738342231,2.88059471290259,6.24223024077451,0.161974076956845,0.141942032431914
87.9630690620934,43.0297140746565,3.14286975972539,6.92738407973079,0.0457123996337702,0.0577084131161988
78.6127178150992,43.1717362798048,0.956546496827841,4.39059139998575,0.0746301802348139,0.173900663516611
83.0047592779388,41.7322173975301,2.34910539274884,11.0467803374271,0.0143672725007585,0.558740865805158
80.3705367559563,43.3413547221992,1.47133207399853,5.84684285604621,0.0352093898678198,0.0575747662396634
80.3742676344181,43.0624375109686,1.64026988511251,6.50196745268348,0.175633831429197,0.170536806802173
78.3547499792142,43.5955738292055,0.254177046574912,2.90432882338236,0.0988353029719854,0.0563695743509545
78.9957014435898,43.5896091301335,0.538448953178274,4.02376666551892,0.0501387030184464,0.415912846204496
79.7907096042397,43.2375451515779,1.23983934976658,5.71504740346062,0.0510876119063559,0.0814178150621925
80.9822422335083,44.1096833930476,0.884378612370814,4.90208010016869,0.072267804103105,0.170798436618927
73.8812195204913,43.5430890113378,-1.2871718811936,0.831273892980266,0.125010029881809,0.213892890075654
77.226571937551,43.3442760725874,-0.405219476389739,2.58674261043941,0.121489087824157,0.18897539682322
76.6563972189172,43.8659867120159,-1.0788634147952,1.20017828918454,0.0326325212920324,0.0487751810495024
74.725588331515,42.7332689851955,-1.98975461889178,2.67880949038008,0.179717467128238,0.268744605367898
75.6924019820196,44.071774815779,-1.29928963451025,0.782917581326942,0.124135360501011,0.115081537758269
75.2628981271582,43.3920029711998,-1.38458149098323,1.11823713903534,0.160031328912153,0.0137562731682073
73.0196442286626,42.1670033071253,-0.822742321141092,2.02029765537947,0.214442039306402,0.300445353036614
75.2984199287785,42.5846640912664,-0.945232928192219,2.74857790039338,0.0150870661778583,0.0227513191991627
76.7654523646129,43.3555793333426,-0.691022073783765,2.02747267987051,0.107561001172493,0.114085745144835
77.4821052562575,43.4233230101106,-0.262051121676748,2.62557247251665,0.103084475019995,0.220437777700076
78.5093936347112,42.5977175607216,0.136296076395553,7.52498539381873,0.312094146621437,0.254698240365404
78.3126406558804,43.1648741242441,0.79045544700763,4.03680955516505,0.0976658483837427,0.219969581976243
75.8238378109598,41.9052037423967,-0.897688413290695,6.80525594932469,0.143371125164283,0.189551550657826
75.3139556855501,43.0761265725867,-1.32228159322576,1.48411007172455,0.110922472821473,0.0237928506000231
72.051235780128,41.595785872537,-2.02078933200421,2.8704413029706,0.16697259729253,0.0944742433175488
74.3086387133281,41.9733882681981,-0.853236458908823,4.19187941185244,0.148339924512646,0.0870435996616812
72.9797189011069,41.3948238100183,-2.09588823061367,4.65354519332533,0.282259847839805,0.281464206663754
76.9295487261214,41.9832298933854,0.29157858225689,8.72570671385156,0.0733020184145155,0.344820143110695
76.4127708142065,41.8032522888716,-0.264900667564842,8.45437320636494,0.0412321744249436,0.13349790910506
75.3859271160476,42.2068812910247,-0.523641366649016,4.22606930120943,0.126634655381403,0.148548806242824
77.8926053273935,41.7869508116167,0.788316502888257,10.6911673758429,0.275020312907333,0.350541566705542
78.0286661508806,42.2813559198276,0.197315912838846,8.73948009807423,0.299682540018035,0.315083646590541
78.0040513056171,42.4373264746502,-0.0176562872374013,7.89492854352349,0.421960421164562,0.320026403992363
77.8005453981228,42.0449179006689,0.550934627681849,9.51535044307598,0.0432496380298971,0.104277167772216
78.1981448916866,42.0350090281815,0.804833621305988,10.0472470838737,0.210917156604888,0.0301084788777934
77.7392473406065,41.4751615577595,0.345902005947702,12.0110563658535,0.0526600112937676,0.411019972550154
79.2796040690663,42.6030560316987,1.14337788531775,8.17950015317681,0.0225589364489837,0.10646591949919
79.17998882379,42.0053794723333,1.40801162865487,11.2799054669149,0.156691515857918,0.199953200372189
78.3620037534007,42.497465434993,0.0875967320654437,7.92329265908515,0.350659688725438,0.236927224586048
78.5125287151451,43.0800511753985,0.981533962919429,4.66816721606723,0.240391572410232,0.1623160452594
78.3301571957628,42.7739577672766,0.322135461908746,6.13378228497747,0.0531102572027687,0.157090026747119
78.8744584920005,42.874044463978,0.752730241658716,6.08403475264231,0.0160410589977945,0.0404580048717081
78.4926204327345,42.7287510504642,0.223681141121749,6.56112305022741,0.216998228916403,0.0872704160646327
79.3878606746036,43.0259589350171,1.13744169569225,5.81597859029124,0.0420060440256941,0.271351730386973
82.4314105521201,43.5385756514594,1.59567070412079,6.8969117904659,0.0518036113044443,0.176443036898683
81.8451390096899,43.4865978742395,1.80723280706467,6.46946068205662,0.136941362526706,0.0630971840789367
84.4665144734514,43.2402146543285,2.12317049383706,7.68404116486789,0.243433860974911,0.0056627405067033
84.2105139092753,43.301269053703,1.91816822477356,7.51632771375392,0.271786290446487,0.135976906799011
95.191278664208,39.1816949912323,4.02757809323698,4.57157588655529,0.667366427169064,0.40333769642048
94.7232957657409,39.8903582656591,2.18745421864953,4.24741781375704,0.139662987601891,0.0664920585745958
93.4120012088626,42.7909404643308,3.38586358930762,4.19580754359752,0.330477861290224,0.0611146706178016
97.0260219786225,41.4203999190765,2.60732451488979,2.10585508395212,0.00718144005454586,0.0709609057195606
95.7007835672925,40.0373121848725,2.0683078372882,3.66291793367373,0.12690110195543,0.0688277541038482
102.473376172016,42.1131012276806,3.96582438495852,0.421907379015218,0.121107403427973,0.0409259535880185
99.203175189939,38.7216840664368,3.59514364576566,2.52494547251762,0.125843060143111,0.102671163079875
106.623276048525,39.8192309443099,3.79345952191493,-1.66991530616993,0.0606131507132316,0.0662923037777614
107.388504347646,40.0647286792107,3.54573051103801,-1.81752759572605,0.0222441380381259,0.158508625671644
107.876786134232,39.3860859431298,3.49729487175137,-1.83485103136589,0.0836662755527324,0.108987717321639
108.915817124691,40.4010677084599,2.91501674805624,-1.42754805514777,0.160717440587734,0.111779900996138
109.95774655458,42.1916396103436,3.13637844067459,-1.94813531382162,0.108760205370162,0.116417942833156
108.328045758822,40.1553905873636,3.21507657531552,-1.72972516274196,0.085562010738027,0.0454848623879467
109.373174066781,41.9150678001048,2.97756811193795,-1.79943427353877,0.0166902531736341,0.117153363506773
107.817374397834,40.8216239686558,2.51559471305145,-1.96745188178713,0.245212050284638,0.0595647420786415
104.995058422935,41.7838742651398,3.66568965243184,-0.677334732949536,0.0676240061510128,0.0135156825712831
107.012562728548,40.9110665010909,3.29614831380544,-1.7239274099273,0.148329249711255,0.0278114421258895
106.208392998324,41.1994911008438,3.81656275391547,-1.20952902900196,0.208240699558637,0.0269741499357029
107.942902872703,42.0832334133955,3.4438364535402,-1.53539495827472,0.0666397514550638,0.00626433490812967
98.8266643773069,40.6488098164919,3.11897392161681,1.74511224589712,0.0765138515099549,0.115055507854209
108.799088573901,42.240188324391,3.22230142060302,-1.71279598493759,0.0801196942486051,0.0740716986617852
108.534013873264,41.271437287917,2.57697135735624,-1.9305933343707,0.195037400930195,0.0418831603659717
101.456379610786,43.2045989694054,3.1969426732158,0.0093606951037842,0.0344962495496615,0.16021095592779
101.735474936907,42.2344099110431,3.82084541567779,0.511843683615907,0.0168389614932417,0.0839543237759988
89.6433083149544,42.5819909609957,2.97571636246717,6.57810587789632,0.0846087731268409,0.0367854484741173
97.5965219445121,42.5682101294127,2.95458082357133,1.27353488095851,0.0685630048300557,0.00901620487079216
89.3853998785832,46.3025972859292,1.41148766845094,4.84720887529097,0.0674741360983997,0.0289325684289671
102.824950037191,52.121571161865,-2.11528031549425,-0.525911042437604,0.130681077085494,0.0455936670877471
103.501353845984,51.9778426882482,-1.51115938040583,-0.0436337504602434,0.188507370982201,0.0843544032921424
109.178244565283,51.9314743945038,-0.550420932657655,-0.825439242632679,0.1524154710378,0.303632165570161
109.990138646417,53.4904749821853,-0.5726769158902,-1.2629150383546,0.630578603637506,0.140983263157275
102.937938163659,49.6578411811864,0.0242058801662258,1.04451315836129,0.342507458991746,0.478675379859565
110.323420495378,54.4651162120694,-0.164099935901002,-1.5074715520869,1.46357704221376,0.501497395277923
101.878722380141,47.2697874893404,1.45620989501169,-0.23961409442738,0.0868745864624693,0.167473343848777
101.527172460784,45.9236547182412,1.40110122413823,-0.920867932416649,0.753244583508526,0.628648964871048
127.111449782528,50.0010372204093,-0.870347545389592,0.058963900887884,0.0365085897558399,0.0269498098889367
128.058147139277,49.9084602958907,-0.992760309988832,0.284901006468338,0.0862717334879594,0.00557784492926603
126.095070404665,48.6115497426829,0.163839533055271,-0.645433905216598,0.293086468627619,0.585508212792748
127.721533532838,50.1021908907193,-1.11975085684884,0.247163386170944,0.183438045891632,0.0578060804367368
131.936613602756,49.1350961657887,-0.512733030781783,0.369365266303536,0.127650000710949,0.222634992623741
130.472313507676,49.754607044982,-0.855009518257521,0.684807480722141,0.0190515956500764,0.0404708253726169
127.256518867331,46.7939943922917,0.403070300881498,-0.0725510967520855,0.179482973407559,0.253220277289973
121.829619668621,41.3814358806831,0.297721028643727,-0.569153882225691,0.115567683475447,0.0627376623203373
117.141477043872,40.8967809557512,1.21057317145386,-0.928569767205435,0.0841367184333359,0.0993013265307698
116.873260388726,43.1334787426416,1.72204082533682,-1.41512172758406,0.148622408840793,0.112151385865085
110.002582222037,42.0051667840672,3.0819267722699,-1.89101681568566,0.124533055814892,0.0532075369098301
113.412165051843,42.0853855945101,1.80196015324475,-1.57443544143707,0.0873736914693458,0.0178380299371648
114.670388351207,40.8711377668136,2.10169883068859,-1.5901855616598,0.0201599823056092,0.0447064913017415
115.251227268542,42.0679466208279,1.50110414148765,-1.42951572881515,0.106803886839678,0.0727835813595615
114.670254639746,40.100693748667,3.15798326693388,-2.13412192574717,0.178038487609477,0.403844469911733
112.798676489482,39.5467134493059,3.12182890196166,-1.77290515858543,0.0647789796392888,0.0310529419588783
114.810117599427,40.5409849257539,2.33808857938147,-1.5153166711887,0.0543548780116055,0.0765863250150104
115.992470088842,40.4412330361386,2.02675627042997,-1.43397688945715,0.0738993046333426,0.109499654667298
115.446660341136,41.0409886510099,1.72190427683503,-1.22917479562778,0.0300348915405543,0.0802105759284835
109.609493342596,40.8802031056392,2.3279709865055,-1.57186956135978,0.0384561149426691,0.1168548151034
111.51002071633,41.0094515474992,2.08706294301819,-1.36665239661057,0.140609142504068,0.0130288870909324
113.029845478531,40.5707771612837,2.38166834666998,-1.30227777633584,0.0515484283233143,0.0488559180673318
113.50406579478,40.6888267091331,2.20917412626869,-1.29222926561198,0.197010294587736,0.0530936575946217
112.903270171887,39.7883666304065,3.24408206865512,-1.61793098566098,0.217589645725039,0.154275590706799
111.012834782049,40.3555334093783,2.48383268194415,-1.16521119204849,0.133065032671324,0.0911783797215514
112.198976311048,40.0198657636544,2.93006532479935,-1.46655167211116,0.0130226922115605,0.0363833885189367
113.822495462089,40.3947881689017,2.47821138449437,-1.61616831976969,0.11587816002615,0.172510188975967
114.184750926706,39.7222696557565,3.11865649548108,-1.79951259546432,0.051674975046322,0.0273751800718294
114.647664368695,39.8682314279717,3.37338645221752,-1.74478364034632,0.164651843187332,0.137648001879639
116.199724166807,40.2899726094847,2.33142327965425,-1.68604744076982,0.0324191247999537,0.0639843427093736
116.540240797294,40.3260059511518,1.93192180434145,-1.64060331622152,0.0458444585411951,0.144253534178613
117.508609519173,40.1775180884293,1.19617972851134,-0.403594261590138,0.0414656099608519,0.283640536453539
116.173075742054,40.3315660982108,2.16296630106721,-1.58954637577797,0.0774958155501455,0.0196204262172725
116.494012305352,41.1573882014922,1.32465245594783,-0.915168001273678,0.0915002488226459,0.0898107179973655
117.20568949155,40.1432042220909,1.42623917096262,-0.930831488689208,0.0876374352548112,0.395547207086015
117.675198910492,40.1704122628564,1.1216795221675,-0.250101304643152,0.0652429843967313,0.203597426470594
117.074966544489,41.2514187585435,1.18147288139186,-0.825147404959652,0.0729869079041431,0.10077875039761
120.514089034238,40.5904523895422,0.763828135470814,-0.657764244740445,0.106196445214188,0.0515786655869481
123.828733509313,41.6965616254422,-0.181762551933794,-0.6165679359335,0.13701807229183,0.0233678355425497
123.059040446862,39.2054899224139,0.44340100542599,-1.17672555568496,0.00603175335277248,0.143055384255759
119.650434258553,40.6945786240194,0.844752533030019,-0.756998327988365,0.00672937947410224,0.0331432209138035
117.758852230667,39.678127494436,1.85179942896675,-0.697826353022894,0.0958872248584876,0.154960660668612
117.698138048227,39.2853584132516,2.94939011627816,-0.773669488731891,0.197325684228526,0.238084331874741
119.518770681163,39.880656487632,0.839315933776944,-0.824504492827954,0.152765094517118,0.147267642156939
123.854463818126,42.1155326072999,-0.0669468581694915,-0.413021648506448,0.0961130439640902,0.0597214636578789
117.293130473741,39.3078255462641,3.39789404491327,-1.00152437774596,0.249430046268583,0.202581816292008
117.022474729881,36.3571265725823,3.03991476224042,-2.55145916808594,0.0492709617759208,0.222386438581581
115.015960003176,38.6033323918907,4.02513863366234,-1.84033400579925,0.0317478449431774,0.0314798414165145
116.187261277398,38.0837848149384,4.80330439953928,-1.88328995994373,0.720757368822777,0.177876311337536
116.510923708387,39.1837418917038,3.81332873067044,-1.69981668389451,0.383415940034826,0.263456068883928
120.734413839676,37.9502236135007,1.59144662180448,-1.72195476792445,0.0659064002311949,0.0585460132998816
118.855194615162,39.3887829173309,1.34673812883249,-1.42545124244173,0.316022177459344,0.248182240975006
121.350190718988,38.6190681051246,0.962603820543949,-1.4948907068114,0.0731555490048695,0.0442423985161425
116.233764815914,37.698042956473,4.07072303495014,-2.53505625531855,0.0681368910988038,0.564092422598829
117.413397214705,38.1316547958932,2.69482773120132,-1.75541466262003,0.280319196548302,0.227051645718866
120.647740478253,37.6560941578405,1.77390553888909,-1.82268466702725,0.0913966238598372,0.0725336028898433
119.482395306019,35.8616849326391,2.41851406174284,-2.21995291228099,0.116661330253723,0.0882422752651239
114.523848473334,37.9040853269414,3.87738669732834,-1.88748493212301,0.158459361773086,0.20993672960145
114.8106745178,37.3991841324606,3.99242359516899,-2.10697154191268,0.018658998909821,0.186555430333647
114.999294352701,38.2840406283628,4.61796239926573,-2.02489419003002,0.25130303501147,0.0438385285552259
114.827520564813,37.5755956075878,4.16301500290968,-2.09185157674966,0.0591550418062462,0.140551298498547
114.949968427472,37.9656777518462,4.47776401655324,-2.17242330643087,0.0934616995280179,0.0555172912858584
115.354313884608,37.7305187008912,4.90648253984114,-2.21213624845683,0.589349361206962,0.035806174582645
111.807820431767,38.8024760831967,3.45571742444916,-1.59886061220084,0.158831383962393,0.0815018121891931
110.5608876633,37.8404054500437,3.59563504210318,-1.46234729869911,0.10206393931536,0.223408561240004
112.569298952436,37.5707918686087,4.05795048173087,-1.92243119418913,0.363438700345046,0.0784946031810083
114.639365581108,38.3697123826999,4.06143539998022,-1.84997371368968,0.0264467779795518,0.137719007339813
113.782659673761,37.6022229344111,3.45506674654647,-2.6223654068661,0.145767746798397,0.284380882122412
113.20299471544,37.0562694246698,3.34381576775724,-2.48037717080961,0.213665098951292,0.144848284458831
113.981600496001,39.0145170366056,3.19230053666298,-1.99093645109388,0.213633974225931,0.0193223757893605
112.107552044718,36.5448761175836,3.96004620448407,-2.18472086888881,0.0155154428287238,0.137726268428186
108.49923047753,38.1716265921601,4.03741467709223,-1.4992208417503,0.0817371963320077,0.0496542689110085
111.231322824783,39.0018713641716,3.15663560591105,-1.64800665292913,0.134852108763307,0.0357910792741091
110.891816231015,39.9079657751003,3.31632597774851,-1.1677863216476,0.186425162837546,0.138911129556519
111.831987064885,38.414262469283,3.38304203825094,-1.46935108140405,0.0884457283705698,0.0672935753142716
110.105372179681,39.9069365384589,3.30297390036207,-1.4381860417831,0.0596656795114862,0.151414582142809
112.041136996947,39.1349577562949,3.38422339054343,-1.63270731471244,0.227741203741322,0.0945980950374431
111.383090222206,38.0840310770996,3.64920164066266,-1.58725139154381,0.150907000020994,0.012077994637125
112.720773142383,38.9486122855675,3.54083999570686,-1.66288602355646,0.0160274318600394,0.0366933320240088
112.798361677991,39.4560773485413,2.87834035386861,-1.82831643833513,0.0336435879472114,0.0594513538452894
112.914616917238,39.6491951191973,3.26539869894061,-1.58553471817033,0.191680694585472,0.203623493128632
112.806828299879,39.4095961552346,2.81095118355318,-1.8104226498442,0.0548166646268305,0.0885406357939313
114.493263645895,39.336622470418,3.28186767133064,-1.77523484343418,0.0192184624324189,0.050718558200212
114.936825507807,39.6830478502033,3.00390731499453,-1.46182411296968,0.063884857599,0.0217002555639491
110.020547892751,39.1513201810723,3.03071877708634,-1.36343768779723,0.235606492458786,0.0822336738391582
107.406174554612,38.9032571823999,3.37219596781474,-1.8856866383349,0.183085379488511,0.0592802629533579
104.650714099522,38.2732602564421,3.29228616984196,0.501810514390704,0.0465872280499892,0.107338629985334
106.412497081406,38.1948799808995,4.01945444653213,-1.25863501028293,0.12526573811194,0.111101597697961
106.37972390281,39.2762570923273,3.52500672856443,-1.49866807744105,0.211009380427221,0.0554580212852044
106.726611036747,39.165998807006,3.36898753400827,-1.91758792930027,0.206211590765378,0.192064231620216
106.861365736496,39.5207875978976,3.62921269411139,-1.88280184914352,0.104057053595886,0.0994663642781792
96.4332730438953,39.8239186384425,2.27568976804128,3.45371033740351,0.195713201446971,0.174707422244034
100.498534939726,39.9194548976201,3.04044348703904,1.33219252566277,0.103755808100126,0.0364245406840051
97.2734274858831,39.2926292952508,2.90906979438973,3.252786278148,0.0881065183723949,0.17272039300942
96.6565674479109,39.6420735564263,2.49751821869492,3.47286033597295,0.156712677841732,0.158774433114475
91.0202844553697,38.3959300959202,5.05169942556842,10.0300174743745,0.347907079758359,0.7794794728785
102.910154492784,39.3217756642705,3.79570623307196,0.521266385139377,0.207088703921106,0.0175968338313868
102.604694280799,39.0763397611256,3.91456306658934,0.705343826404679,0.047189626803781,0.0435395276568352
101.991464961264,38.1416251386389,4.13411575845746,1.37373827411002,0.203705858527802,0.0769661056695272
103.847804994835,36.9759574747599,8.34023524174614,1.29772142607818,0.270386660723224,0.0388844792346552
95.2476797406302,37.3304637331784,7.33186476419142,6.80044754948089,0.50068415305525,0.502009115319889
100.449502296589,36.0658533831673,9.11677068805267,3.77826384663295,0.137001188500904,0.0955245659354786
100.734189438542,38.3911153277418,3.57005665390546,1.71241322179003,0.229699857469763,0.0219168159489971
93.4600922503947,38.6577297318762,5.0328579117412,6.83983350943618,0.482905320934919,0.161390714921467
95.0778599497497,38.129297211664,6.26356873811789,5.89037198950232,0.593565252515279,0.0683949893084256
92.1508825879035,38.0650765408279,6.17046235892943,9.14396093995516,0.271868145070806,0.225669456561827
98.0519313556876,36.4957415990077,8.8826677992324,5.87211460924233,0.406327795942094,0.54663517248418
97.7382375416529,37.3121859799678,7.12761746781022,5.1299849443217,0.116421762273173,0.146706908683318
100.286350350601,37.9344985843035,5.54113974268258,2.28888332339176,0.0811565645304995,0.0594341497315095
101.700306009261,37.0715682012076,8.18026102582353,2.15031487205124,0.348118965078523,0.0775092278878455
101.635631640287,36.5284716165653,8.55949493362631,2.98149290862829,0.112741493188474,0.212583839278316
104.15974759952,36.9332763010667,8.35109787018671,0.747861199343202,0.503752566801323,0.500643251879198
101.757373096623,36.6625614362761,8.5625777803669,2.74793386445535,0.00248650641739226,0.143413911418678
102.231403019281,38.1815640924526,3.9477011127466,1.26548689567349,0.277010566377071,0.0603069526520645
103.07982582896,38.6229379989743,3.98752495055448,0.781331071271344,0.0307375123342328,0.0428640747614067
105.466978342027,39.0068460592326,3.62413843061667,-0.334114250704776,0.0423668544949987,0.0359871553640803
103.729871097958,36.9966269078956,8.06414866910159,1.27825500329954,0.0650135878599701,0.0776736398745279
103.696781199548,37.2281282233877,5.92690781254389,1.13316490057047,0.444422590636874,0.0209004077356932
104.124631115512,37.0660367815617,7.43857989551909,0.9665014756859,0.215870039769882,0.348289468568912
106.5653868357,37.3611851603948,4.35953783222892,-1.88381330559878,0.084223756149433,0.304771092338029
105.551675846299,36.5688177047824,6.5318893876899,-0.819205935581798,0.194316261210589,0.207641419370075
106.655855442759,37.0038145594013,4.37945450838149,-2.11792529346377,0.111360395856587,0.329813697468077
106.331703755276,36.3999816485318,5.16657860264982,-2.17057796404951,0.350411389865909,0.0424122999036328
105.55196547508,35.9607686299775,7.01709486618533,-2.10676137764073,0.181034035931215,0.210007626531809
106.07906743861,35.8465706810447,6.13226163932638,-2.51627305741787,0.109901200440999,0.173733879004904
104.603839214753,36.732556337603,8.08317674126099,0.260059896223596,0.202766282028951,0.327486663334777
105.700899641514,36.3166907171086,6.74029711587329,-1.64625676933206,0.289256728551121,0.0469264465889511
105.619725257477,36.7447349294921,5.52628150097791,-0.546715723532944,0.257785850967423,0.287173971502446
106.128314763215,37.2264888270383,4.52285622138267,-1.415148371295,0.146334587963712,0.30698713476384
103.458776051225,36.5364014106165,9.37314598329702,2.22204548539616,0.28061528374168,0.504264699462876
103.603489901921,37.1463807867304,6.76519650996789,1.08938722210201,0.236272101985438,0.188730943482717
102.934681618585,37.369382886709,6.28912368579846,1.60665683939042,0.0675361032971123,0.0292154027730844
103.931088696174,36.606890279153,9.34470473384768,0.94574737060683,0.445420237982368,0.230233438073143
90.8137322981539,37.2956011079131,7.35251258141181,11.9745712459828,0.274640315357753,0.578290791010276
102.154657034681,35.6004641275572,9.01133570842803,3.06068777841911,0.210633107365325,0.0728788862665162
100.406286951973,37.0636318555843,8.10609784801357,3.03348745522544,0.201634460548556,0.0478689635938291
100.355251755124,36.5529949743549,8.64656533286401,3.57364660857558,0.0079810152792024,0.0621766875049766
103.294525958971,35.2925432933751,8.02368166732014,1.28869836231612,0.237561090986831,0.12636196659691
103.590025985281,36.247010808595,9.08856945044963,1.65726249164681,0.0910924061963086,0.12435284446984
102.75991866007,34.5929544516602,8.97467383742965,1.31677751769407,0.134194301509302,0.0859762531011871
102.975858575137,35.5296393019822,8.39760178600274,2.0011915784013,0.24872841333058,0.123199050710381
96.3258634932437,35.5105843969746,13.2127416477381,6.670205381078,0.566142549066372,0.860733409541107
103.677950836217,33.2366519375747,8.75947920190038,-1.06200826185423,0.782405181959507,0.301471939458866
105.927416562879,34.5712131845925,5.66135017063669,-2.25777502698773,0.0623066033435476,0.0652015780030968
102.931604522568,34.9743275532665,8.43716760801085,1.44442778264129,0.144325985425349,0.208374146195704
105.03569590252,36.0264536111216,7.86044645816664,-0.889333811682467,0.180468999206925,0.148451218238048
104.607361412929,35.0570229260474,7.03044065881207,-0.686112735591604,0.0672952006622197,0.0639265816534659
104.927150163036,34.6184318398167,6.58753869730768,-1.41945398282857,0.00853305963204991,0.105952198036406
105.316489501204,34.2689151326902,6.15683465049317,-1.87373518322016,0.0302526107857905,0.0223413371159264
105.946569820247,34.4245317571759,5.66249358335865,-2.27626810255361,0.0496157867716864,0.174250610368602
104.492614840459,33.5598672851837,7.2260514592586,-1.2223918458885,0.248134225104392,0.165344484887878
104.491337587078,33.905177097317,7.17067532589178,-1.03313315542764,0.126989863459071,0.161597904733832
105.486880261057,33.8184606964641,6.03434932093436,-2.07732775253476,0.153163568992829,0.40681846709431
105.8083818152,33.4153974590716,5.7364171623351,-1.8871740908512,0.273312631612711,0.284351417640788
105.484425739947,34.2263402747352,6.01136884385927,-2.05270633104604,0.0437174586669501,0.0965716714250637
107.47583431969,33.9784943820449,5.68645052800096,-2.30079480150552,0.0210051355105479,0.0363976431153915
106.527361663987,34.2195485287524,5.69240591970858,-1.58881837517463,0.185360408831997,0.154294823863725
108.708069056308,33.8419703282776,5.30656949474373,-1.93918513881691,0.11141334725842,0.177410423606376
109.230146556148,33.6303831073985,5.19774595445069,-2.25465303854636,0.0190362401953899,0.103451412608979
113.212853725184,35.4272601983395,4.8053899122537,-2.40845817611546,0.0904202487080881,0.102396845156559
109.103015189346,34.4422071760109,5.08225365886243,-2.07333038548083,0.373417440677609,0.030026904985409
110.144260326551,34.8921966855915,4.87436293779124,-1.99002194348895,0.0452948773351741,0.0431364651601493
109.56413901451,34.5695515733788,4.96750564721198,-2.17734064548801,0.17856227063994,0.136561019568878
105.765869481367,34.1669148915749,5.8127327921156,-2.28518252452833,0.112852719815953,0.395908793008115
106.295581470413,35.3930441606556,6.15089414631613,-2.7022032698473,0.211888218355146,0.141808961178597
107.220168099877,34.4033964008123,5.54902425079106,-2.42516986557219,0.155786316303782,0.14515102490441
108.08170952225,34.7716367667955,5.7024941145612,-2.21440427280038,0.227829143670101,0.0881967089227248
107.082081972345,34.777475937373,6.00465408898712,-2.14960408348138,0.337748251268385,0.0471957982497513
108.448985562733,35.2419843131396,5.12045209700807,-1.78474771840063,0.245243101067229,0.131438770315283
109.399466274197,34.5854571686276,5.02452496654892,-2.16947392980953,0.236241993675232,0.196498129681785
106.746316600996,36.5330852890327,4.61677138335944,-2.23936885712805,0.407316718759384,0.31341117879577
107.382572048708,35.3543919932626,5.40705728298511,-2.38955289066368,0.186990502296346,0.209386847832166
109.145074834385,37.4336189393512,4.37077599502732,-1.45553331692681,0.117747876558827,0.0703761256507317
108.921882042198,35.5967737983131,5.03433915724527,-1.62252816349627,0.123439326409991,0.07147614813101
111.365366484799,36.0810708950152,5.06870388774374,-2.08026225735552,0.357226853696715,0.105439050044652
111.789342104673,36.8043962750071,3.90028409944774,-1.96932115631697,0.0562724631143734,0.0980652661760447
110.080204097021,34.6880488061644,4.92583305441211,-2.11894852698485,0.015917711635758,0.0674931434758044
110.707937326667,35.2497893630826,4.75504938829243,-1.6940758167165,0.0566363903919388,0.048198987397887
110.955392003914,35.4379527489228,4.54193100259992,-1.4276789748825,0.0133098905110167,0.336558420131898
111.910567172807,36.2840496884949,4.38752463028556,-2.3791181396768,0.0188435212942166,0.0581019578692757
111.51592700464,37.2635194507369,4.13771524920053,-1.71137739767329,0.0408140225583984,0.085285490796993
112.637744741698,36.7627840764063,3.56348533944572,-2.29406908846646,0.0547609852137479,0.126816201490402
113.229335783034,37.3929016879495,3.33478092173047,-2.5594251239036,0.234335539191922,0.025571902873652
112.750581445399,36.2558425983253,4.16570791064102,-2.31190361145296,0.270911518488546,0.22658021544109
113.311634806733,36.3290077368546,4.19489866290206,-2.46326883358522,0.0871254092992875,0.0911359739034907
122.543664684473,37.3791245714165,1.41487434809982,-1.69037938432191,0.171647303490945,0.0343991224563771
114.430275401742,36.318361961476,4.6224580515948,-2.57325376658388,0.300229348286844,0.230120174231977
114.272930734741,36.7901763482895,3.94562247976219,-2.71331738559361,0.172904363208178,0.308621522177203
116.189940905791,37.0935389657538,4.02439974184038,-2.33232573865796,0.207755266555015,0.0836981763101665
114.860846524039,35.6668575637973,3.98802655694325,-2.28123128020073,0.147105730291342,0.103034591892676
116.634103838129,35.3080742396834,3.79988600182805,-1.32453969703764,0.0583317450538169,0.153425192236102
118.388909533301,34.4690364386359,3.23764146272159,-2.58991939838709,0.24236111095552,0.0960807635695838
120.188815994284,36.1525717798094,2.15912956089025,-2.1040414118166,0.0455999152636701,0.173734919156729
111.030366442991,34.8692767956874,4.77060919302494,-1.98700778369335,0.0621361863438237,0.0541259777517001
111.96426135713,34.699584719896,4.80714231238165,-1.85552402629831,0.0925719719210372,0.059225901764407
112.132609297375,35.5824794245641,4.45388388120057,-2.37697503636318,0.0985986951275792,0.0462238283471902
110.214331979923,34.1825950143095,4.95232015012425,-2.22462886211376,0.00802928145442903,0.112132094044608
119.121615198152,34.358684637696,3.05814612874614,-2.68473493743729,0.166998991253927,0.111698998667204
115.779526613292,30.5033088546371,5.017994444127,-1.84754544547701,0.160264826963881,0.0947567787059316
117.875965568385,34.578861602265,3.49244670103189,-2.38926338823777,0.316419125473892,0.369130660395748
117.261336373763,33.7879042422075,3.71251959617251,-1.79576201754948,0.0266126328588699,0.233530858119398
114.703237100321,33.4653525878146,4.88371112026548,-1.63788886374794,0.157058473408595,0.0395435327266694
114.915998683404,28.7946703308261,5.34151407180353,-1.8002550848972,0.15547885249176,0.173102536583148
119.64488148122,29.0840700185659,5.28907718936463,-1.44386431225087,0.203029793703481,0.187903243561118
117.641356973679,32.6241819037045,3.45265048517492,-2.35299499296357,0.0637238570356922,0.316031145233526
113.811815636601,31.6913954049976,4.56612863672664,-2.12679384244247,0.073653765817929,0.103975861565401
115.355136560405,31.7669652647973,4.15657787034275,-1.55255932803174,0.0227410788235242,0.145201546365661
113.651651069445,31.1198628492991,4.67679238244072,-2.30572608904803,0.204372187476902,0.156725607047231
116.824011481614,33.6384706158873,3.76136556598745,-1.40399061381077,0.0698977078440209,0.279699290985631
109.208498226042,33.0462253663656,5.25405021432839,-2.2790701843147,0.0561669557328543,0.153244572499624
109.915757360806,33.0313439562696,4.90899242657123,-1.77447652028732,0.0298680346224608,0.243505164864728
110.03676268119,30.9436901702283,5.42354041110397,-2.193957794078,0.0622730031706019,0.0700180728302146
105.462578276174,32.6300837650531,5.96136897483114,-1.53177728131403,0.183596019050529,0.439594953955026
105.797332770631,32.4263761069763,5.64901018439099,-1.96338582063684,0.280362133557648,0.180484049168736
105.980193863561,30.9335593434585,6.28183552068922,-2.79783548299542,0.0752077506714584,0.0643478611368093
109.100474429385,31.6612929675586,5.10912288131191,-2.13816262324309,0.0746824008729663,0.0817762953228658
109.695784747851,32.5305647180999,4.79136215401205,-2.07374680264798,0.0360360781179225,0.0438747702615649
105.754129121974,30.8508601310254,6.30926451356251,-2.71084745014877,0.101100797079829,0.0259356332878323
104.723902152642,30.3631174817725,5.87184636258983,-2.35459480300994,0.190488665553194,0.0356901591757273
108.315558184966,29.6099109559401,5.60994920954733,-2.08746670564108,0.380045313829403,0.0196086236792086
112.16855861668,32.0776915417872,4.07617287454481,-2.63107869969501,0.0972203759563876,0.183074553819949
103.45011921719,30.1691370612986,6.28856580930875,-2.75604431009719,0.0316280776419475,0.0718330852648458
103.866322358978,28.9700710130552,5.73949498011558,-2.19269475217636,0.475996205470413,0.108001914655242
105.099289962004,30.3427455269596,5.87199515757286,-2.61054521646906,0.104972022652427,0.0539181552699579
105.395571360637,29.7361937257678,6.07303205086802,-2.86152301852182,0.0363679670431155,0.056950806019408
105.416424324011,30.4599551733588,6.15505486216917,-2.70541513401942,0.114123461682225,0.0435004365090912
103.455853652099,29.0062428437237,6.05011462474759,-2.99774095353241,0.116251586320579,0.30187349336744
105.417276894467,29.9211781878336,5.84763855858922,-2.81657294037266,0.197895635584196,0.00311644552285935
106.366644054772,29.5643806366724,6.17991854147524,-2.53026042112865,0.0376382954728381,0.0641275219481552
105.42910933944,29.0241643546642,6.60076791300556,-2.96601039297141,0.102859229559904,0.112158008980336
106.437482745937,27.3370671559501,5.71697406915165,-2.29396682299109,0.502860559805749,0.0904224013066139
109.828460579948,30.3340860841724,5.84259859739954,-1.91389847102345,0.214400699623525,0.276513385470338
115.774065101736,28.2169542609941,5.16128778411218,-1.879695390094,0.312727271636117,0.048928394106467
116.971002175176,29.5779845021836,5.28079448366178,-1.8405199169953,0.0724387140616595,0.0466784128004989
109.936412405427,29.1336563923092,5.3636369675463,-1.90142606640256,0.292020038014219,0.171253292407075
117.961780695827,30.7675850683135,4.85986169433871,-1.94549464992009,0.0711114814578581,0.0652577786435949
118.992005596047,29.4604545514664,5.11084228550508,-1.76785613910952,0.0278781917991824,0.0429456720250852
119.267182175871,30.8702900344826,4.84255094681908,-1.93345845322618,0.0561736595237534,0.113187056641074
120.231506067366,29.6414186772244,5.19228974843991,-1.51048073787707,0.143664435418477,0.187827100535835
122.375449410267,30.6927383546838,4.46175875840917,-1.54389199293623,0.21115919403791,0.329396179255977
118.822546985086,30.8063269648316,4.83196400917007,-1.89957045846227,0.04142548137893,0.0841758838051664
121.733067076091,29.6023221002133,5.05962408306602,-1.13305678479724,0.150074044322424,0.0798241080050569
118.557740742165,27.1572451284731,5.07688615207197,-1.54016064833355,0.0569322305526209,0.0232951794867397
119.7317657095,26.5411871527971,4.55894635295551,-1.10447554282422,0.217779590837589,0.235398282385146
117.574170759395,29.2932549063769,5.24301419324076,-1.76817526799026,0.0533715149529481,0.116837378695793
114.773387093446,25.6413232032598,5.78582693704629,-2.0789464845299,0.0722375820090778,0.0938235309569507
118.369346204422,26.3332532320337,5.01582469753444,-1.74338706762846,0.0360599284784457,0.0787190655129146
119.611436410984,25.5192993843604,4.56875765026358,-1.67990819483389,0.0911654861985284,0.0584686039351839
118.042828697822,24.9053603754493,5.18671192964073,-2.16776142191598,0.181642455615056,0.052994603105421
119.345198963512,25.4328858224747,4.70041314693081,-1.8026350881644,0.102123772640468,0.052147296705842
120.579098287467,26.8683684469639,4.82789709869507,-1.19971570575913,0.143438976268601,0.0651528103270151
116.562111448365,24.5255364678899,5.49280349026665,-1.90870273238221,0.0869825270622221,0.0742143059970399
113.927084070287,22.4665318574466,5.60103824480403,-1.8085065064676,0.0856644363955152,0.0376695851905145
118.154854422103,25.1968038015733,5.11480156978231,-2.07588090964009,0.115961481826613,0.0681402169808479
119.004939764333,25.8819485668648,4.58097013358534,-1.79900126948634,0.248025630389132,0.156187190990876
114.555536763761,23.6983714750061,5.52168722568191,-1.76028781203462,0.0409720561915746,0.203377044066825
107.769673221628,25.8002921978387,5.52928585338652,-1.99991775015351,0.299546150151948,0.152753511452251
113.130891786934,25.9869023489441,6.01563629448232,-2.03354457384323,0.311034597218792,0.00706162622277015
102.28661083644,26.5685879040237,7.28639210159127,-11.7970035070753,0.249116916220243,0.203514460394898
102.094750635151,23.9787573483121,1.55329689283323,-9.26311240161875,0.23800048287816,0.314757289344598
103.556378323348,25.0402720812807,4.84226614172785,-3.6144375001504,0.0196713744137157,0.562865354114708
103.046121070467,24.8884702632423,4.34978485824632,-7.4899605247679,0.0361566050722315,0.0349338752773761
102.839573650607,25.1066263498228,3.96356490603534,-10.5739414140265,0.436340827118089,0.876502120531565
103.089152454343,25.7918714181949,5.74141272713655,-8.53750661405608,0.217181744023448,0.172301035915268
101.171701842105,25.7433842206355,3.65056607237344,-10.8913575440076,0.0167087817902395,0.124004126942854
103.34231614119,25.4250201441335,5.07628998487512,-5.43728735119111,0.0582616494176637,0.527692182861609
103.241535868589,26.4130005264115,6.29967890599055,-6.83068017137477,0.179760088978711,0.256772433895113
102.876579222702,26.5603061943231,6.85778661894794,-10.1712897347445,0.220682506997384,0.178946160374181
103.913142467087,26.3992217550175,6.12011281422974,-3.61901846236269,0.0564776728560919,0.222485282977308
104.742124764432,25.9494352504034,6.36307417287725,-2.79371619317336,0.0761511583056437,0.0424070546190105
105.353102391623,28.6724904582021,6.53159830574092,-2.91193458526898,0.0475610635636968,0.0829046389059032
108.897641293944,28.7096631606255,5.53762579959201,-2.07838912584378,0.135675384090119,0.0755715322800215
106.381904277213,28.2174372678471,5.90357483464687,-2.48523952165232,0.364238542523317,0.0596706304673957
110.399961239016,26.2068948120986,5.50919608283567,-1.68323038759205,0.169180501637765,0.113915877375709
103.10318174743,27.5269669206705,6.83299629291496,-5.66835713686299,0.249744806682178,0.528214213910667
102.94145047213,26.711197935845,6.81734744915529,-9.41083457724478,0.302565529422705,0.192829146154816
103.751933027429,27.0787233837354,6.83790855465995,-3.90159162932365,0.205898830418197,0.166142439489341
104.037605708858,26.6341820893189,6.38465749629825,-3.32669105941809,0.00791459231515296,0.315710118652414
107.708702563508,28.226403437252,5.5823828840147,-2.14474718415788,0.22924513904697,0.071093763046725
102.219194821493,27.8862891068427,9.3686771802994,-10.0895656496362,0.0829677895495948,0.317636407131421
102.17234081182,27.792388027009,9.31568411633036,-10.6788947022333,0.129463668607397,0.556479560985422
102.188406713149,27.0329059813212,8.57995593034264,-11.1337746701068,0.0387918300158809,0.0429001374647202
100.835819267599,26.4966439744354,5.26528914215514,-11.723806837812,0.253043457429757,0.383571200448
100.93778577437,27.1120350434426,6.81552607650728,-12.760960530921,0.119961767450011,0.46569196928097
101.196184185228,27.735761305906,9.37220062160177,-13.5285408249628,0.618411281407774,0.14634157148048
100.706995902789,26.7752152820304,5.48275041236881,-12.3421441850566,0.166345002799297,0.435257289493193
101.434671658024,27.568539311982,9.06736561748727,-12.8983167692265,0.341767385347702,0.237484249200827
100.171672963337,26.0829443679383,2.05735540562496,-12.1041294951932,0.464119628360771,0.136259838567264
100.729629167616,25.7022394884946,2.33611646290174,-10.499939451282,0.318890806860975,0.251694498836246
102.125929505671,26.7784886607452,7.94012220800089,-11.3970916204171,0.169318875030737,0.173157116320055
102.337515284649,25.6759044403601,5.24064921150795,-11.7164815212271,0.225916647849399,0.155704449527047
102.798470137482,26.8438320356614,7.54575156940112,-10.5398421477263,0.0742444446211865,0.426597001751594
101.768765547905,25.0606269022956,2.40099823251398,-10.4852280031088,0.174553442933606,0.511823719985698
101.387383413867,24.9244410307081,1.66313405260426,-10.2309601503263,0.119781549026618,0.130874722442721
101.911187530032,25.6558439654591,4.60132623328851,-11.3691306044131,0.0627326912683152,0.308123488998468
102.546036406195,25.7194126240483,5.50531375513014,-11.5918005541759,0.34418933697955,0.421237737168105
102.014101227988,24.5511307612442,1.59747056808602,-10.3606745363751,0.382199429974476,0.389032748328857
102.284886610697,24.3606690165028,2.09421923973809,-9.78256771011915,0.342284370982729,0.233879894691013
101.17608447661,24.7381290297375,0.863318840094681,-9.90202982198574,0.172474652305975,0.159253076275887
101.117994580613,24.5008712552683,0.523041688419737,-9.73934830531316,0.0815722128565357,0.176681483718059
100.701663091815,24.6373110766194,0.35591159738418,-9.47386846611696,0.121032007944838,0.153393056427368
99.5316750664907,25.7695898256688,-0.201145884429797,-11.6376199218226,0.0679965039234018,0.0829057827537543
100.193665104987,25.6028013420328,1.0771356380034,-11.3036075184864,0.0616967668628583,0.21814584012259
99.7875040541507,25.6278977434304,0.482642899336977,-11.7294884941968,0.482491721008112,0.180529762879556
98.7447639869307,24.5454488018568,-3.73330648144499,-6.43375207624962,0.0523192085157009,0.216692679894784
99.1835408609775,24.1525675287942,-2.47416440584869,-6.0807744468572,0.17066683329811,0.448100145649077
98.6684949136026,24.4048105812472,-3.96060949727137,-5.76059799630301,0.139113585928733,0.0683823665195955
99.1699233576636,24.3715246538627,-2.42361089051571,-6.73714912828654,0.257795944820834,0.232356785857265
98.3216191226074,25.3589389897829,-3.78097243360691,-5.6029592528587,0.447810650950694,0.200775350649938
94.4131498031101,24.3172092818724,0.427206001497048,22.7947323739905,0.12033476182497,0.413265747494019
97.9027390456923,24.0769998712962,-4.1881839611497,-2.62911425563743,0.0665565711580844,0.383169640381847
92.636332193759,26.1669768678184,10.9354063274727,31.1328468111566,0.1326710979623,0.166810563700878
90.3650594222763,22.5621689603846,11.7160142220595,37.7079782202718,0.662324146134128,0.250029048776723
97.3215510479004,25.4111991236583,-2.50348811397662,0.52349994561491,0.265596143419361,1.24474361280273
97.3671301663715,27.2660462815731,6.91477205017398,2.268061509896,0.192965025425966,0.347267083675735
99.6504534272758,26.1487777774571,1.89052229965907,-12.3053480479912,0.660837780131233,0.0497631094983132
99.9109440878862,26.2053716503233,2.04479296898806,-12.2309512435565,0.180385685540433,0.244180187262762
99.5666348566518,26.2454321940532,1.76437674870764,-12.3142940256171,0.623464590642718,0.0428587410990562
99.9271558469925,26.4785577096147,2.57999408128291,-12.586912557642,0.109739360742297,0.24088526226748
99.8726522132201,27.0308438325522,3.80342729766519,-13.6256895089456,0.533925070448777,0.425753714423417
100.040363927953,26.7654189208204,3.39787809694211,-13.3468234579021,0.120635733113045,0.24470482594697
99.8776629697804,26.6756123695634,2.5934126168123,-13.1903626488708,0.29412819043737,0.174595757438764
98.6702427627638,27.1413914441451,4.11491844001153,-8.44077657084552,0.711771289942821,0.463654678473462
97.1984648796055,28.2587148630472,13.2215656104385,4.08227127486298,0.667087072496229,0.78741371498313
97.219285880918,28.5559401560271,14.4684839667764,2.68175719785188,0.500930700854528,0.608548484743922
100.10131393412,30.164394844904,14.2260548373018,-9.40127692278575,0.368874318241229,0.43240659849762
98.7426870602592,27.8414186048697,8.00730261588243,-8.82837130538915,0.960661780189778,0.738334194882213
100.10248562928,28.3258596536059,9.80311294858448,-13.5923693503544,0.566048486561046,0.557719153483043
100.757390897131,31.2812722049335,15.0790510427155,-5.71977149396869,0.538578197309835,0.0968807656937548
100.860444480655,30.0097365882384,13.0983064692636,-11.1031689867544,0.22876921823571,0.170222900536037
101.334925449788,30.6867974857706,13.7074430787317,-8.72155115312877,1.16061563354531,0.723336620283209
102.87507383,29.7917039484529,6.80446662718593,-3.58237850122874,0.480958246784766,0.313659053979946
102.366547126471,29.28301666548,8.78254987445717,-6.93565968195009,0.157551874097913,0.106802685575491
102.401346997073,28.2964562740194,9.4844776490965,-8.14342641087768,0.153330600271728,0.0696657461171697
102.532797810982,28.2094444736121,9.02981135311538,-6.95875135892267,0.154624688334081,0.0435536731297135
102.928343455301,28.0676349824356,7.76181791556219,-4.50549838555925,0.150099052952646,0.112215029645453
103.408778975552,29.9376925193379,6.54518267458651,-2.67910351769161,0.153534424424951,0.0448313083380554
102.98370544275,30.1844696675842,6.72800568605626,-3.45979835323003,0.103206000868098,0.138462033374232
103.510429228172,30.7212731586616,6.52196288804648,-2.77140759658953,0.162015294098732,0.159062475373968
102.290086605278,29.5206774516207,8.95682650513553,-6.62806204997939,0.190956012531216,0.443004529341163
102.756541218279,28.9438394789053,7.58305006886412,-5.02864312375999,0.0672076167856413,0.211493826791405
100.795391196955,31.175941671321,15.3947019595247,-6.54914306109094,0.800829382180585,0.397217508226156
102.253377860098,29.866016325248,8.66669715020264,-5.77176805252511,0.136775620347768,1.00787743933612
102.781235261301,30.4768717222655,7.70649368477481,-3.96491890994047,0.408761157046654,0.394398739220311
103.184336735225,30.1370347948031,6.44360921894583,-2.99520632143389,0.114864255856387,0.0322371212177686
103.296379255917,31.0955760117047,7.53590289976419,-3.03887004741647,0.0865215654558179,0.357457579845402
104.523418777876,32.8179946016779,6.87479931536206,-1.80112154422069,0.190409994781475,0.0725119778007565
103.576483774137,32.8159362057576,8.47120524581509,-1.8529492199891,0.228594946160182,0.15799380493694
104.473745622291,31.7450213783339,6.88220519813328,-2.39479444752245,0.0696843570300151,0.115480266505986
103.539459895849,32.2888833463241,8.10558622807262,-2.56059792420278,0.234950030228444,0.457112474402797
103.560512404492,30.9766449451664,6.95871058629156,-2.87273107653938,0.043069273942491,0.0916999031383804
102.36690886166,30.9191657583805,8.72625978073358,-3.79287918062227,0.392418883817411,0.556822385971595
101.834254998812,30.878048512924,10.3902894650749,-5.02984250981018,0.646008276401883,1.09725251563906
103.272443456882,31.4197703958701,8.20555161685426,-2.88239460860786,0.341588538837609,0.257866535276119
102.904956417361,31.8721412866575,8.68250831774155,-2.86705768459819,0.144204957981901,0.327920644340734
103.532630573489,31.540558022277,8.16856146063848,-2.60942393876055,0.507793540535932,0.0569525901940525
101.059772309514,31.2533690617649,13.5978027765929,-5.38914767564779,0.414886357027128,0.61764390295159
101.452523328645,30.5134788885469,12.5978761203144,-9.03471850290022,0.575169568114846,0.778072304988284
101.306456457588,30.7805941032013,13.7991133463979,-8.1505729184074,0.963876810955463,0.325309082166739
95.9099214672087,29.5173923397528,15.9643961998535,5.50242039679194,0.526843088456175,1.69197463749848
99.6484275136116,32.6731730892717,16.1975928993123,0.0501526590405757,0.160937641657667,0.22775203580627
100.316208570487,30.8648939479668,16.4183698416556,-7.62101692043688,0.949618122307208,0.325172438296104
100.363264079881,31.5957265652109,15.1692041736529,-4.12571094697628,0.0638512111884552,0.241422842949455
96.0473505769835,30.6504695140753,19.9830048081503,1.63462573469046,0.182531941745317,1.53992758314359
95.5546941338883,31.4999185632304,22.6095032020651,3.02839677761841,0.613830723562062,0.551741069038636
90.6731985242857,31.3414726065242,17.3094983579226,16.3857488650111,0.885814153133616,0.248277080019356
92.6415702661167,34.6815698961192,19.2429344632676,8.68645003573344,2.11307535905001,0.670454142916579
91.6285738654479,30.9630473182929,19.0789607662028,14.8176124830155,0.388203712661981,0.557744359784634
89.775916634777,31.3730467153597,16.0283668291248,17.9968438711084,0.346495054580685,0.327758235680216
90.8977617167467,30.6498412405104,17.3897818176456,17.1118579167849,0.469930704474735,0.21115254841024
90.7809528591672,31.1137663650208,17.2667143867532,16.5307852927904,0.965197712015976,0.231494455231876
90.4828072485218,30.2554206621528,16.6940870672877,18.6477555636224,0.125822592509645,0.148917055233059
93.0849028046925,30.6749050970821,20.8891496898479,10.4966098822485,0.59883273337033,0.120875497920896
94.920616876697,29.7900884128036,17.4269233775361,6.16455196554817,0.433772468297492,1.99489206677214
95.6083117960153,30.1065131483329,18.1958225874541,3.60316899583694,0.224197584953623,2.03063603571232
89.590712707634,29.0930969518224,13.5862961849529,23.874809872926,0.186526696683603,0.361601451169119
88.5202626365066,29.4337626566676,12.3637930019622,23.1747376176257,0.280346067972423,0.323932101760053
90.4585842493009,28.9996179219699,14.7142066111253,21.9114824007281,0.223309051580156,0.275207540272727
91.0037544162057,29.419544394242,16.6292905783105,19.0869471103317,0.533879737599768,0.270793276855668
84.1439824931417,29.3983102129229,6.35098646220999,24.8514235647693,0.523615405023516,0.847621962501582
85.9324524155677,29.2787562535691,8.75691010006027,25.3683893713936,0.342897077950309,0.776195414954846
85.4191453880337,30.107610902081,8.16893975680416,23.2838954406287,0.121770555530895,0.249307358732077
80.4593264251108,29.732692425765,3.27172581597018,30.4895031816307,0.745756585636262,0.427511171922244
79.5568560358354,29.8989192845207,3.9284574034371,31.7824304011489,0.179874576721568,0.28350772618875
80.8037796773551,30.0329987952281,0.858109301272901,28.3742577622972,1.77992869960461,0.869068344396498
82.2206805571313,31.364483525644,3.37245309003355,19.584281310667,0.336301421884305,0.654502945191444
80.5373783982774,30.8721477474761,0.89705514367612,24.5205997784767,1.09386965484299,1.06525800274178
84.6077011912777,31.9087087351602,7.28623212812141,20.2661530681682,0.246938042658121,0.118943805178233
86.4475567320087,32.1144779647588,10.9148945546359,20.6459778985042,0.355485184005871,0.731802183551642
86.9980843097314,30.710171533123,11.6079537074628,21.6648863943693,0.819333285046507,0.0585622114362676
86.1424373122165,31.6697163263912,10.2803862323543,21.2170732897187,0.347305626990927,0.670801476800074
87.5968386076963,31.9572770702375,13.1333823001518,19.7666230089055,0.589178864743379,0.369830110073294
87.1319000292792,31.8226566779845,12.2633485795281,20.3600446571385,0.59226157546943,0.435173434041794
85.130983317568,31.9410430547237,8.2596818253732,20.7329249153328,0.187042751812225,0.499223048907254
78.7403219565582,30.5567760706711,2.7938651572155,28.8305877257176,0.0206835498837148,0.134509165819151
59.4550313603708,32.8413080903457,0.165128664828015,5.7999229235718,0.0274476082092442,0.633761904147559
52.4043675357349,29.5087078572441,-1.10928389446919,15.2009346174886,0.0368205683562757,0.608759529546558
55.8156874203427,33.0299381102283,-0.230301166011903,10.9526199693721,0.402721362088219,0.171019864948116
48.6625128050605,31.5369928736632,-2.19754534891948,19.3353652912952,0.538673371501869,0.0807329017565407
51.5497443655925,32.2211418351092,-1.80701045710554,13.6013334814595,0.196094626415328,0.344303436287409
54.783814261294,30.0122096177017,-1.1199870280019,13.744863970142,0.212105949285212,0.3415814451798
56.988108987532,30.1812801682495,-0.0329241418586653,13.3080804807482,0.873767140893208,0.628922725794811
38.6890343764514,29.6016853466268,0.267928930965582,14.1231402753206,0.124417502096042,0.805762408837774
44.6140183288699,33.5130937761814,-2.81950045373661,17.930097257867,0.430706167370498,0.135450073842151
52.1546645083982,28.7313353433799,-0.785658541672631,17.5410193071354,0.585016307633459,0.408555735708288
52.7013467482713,29.9772852842595,-1.15620898773605,13.9293586701127,0.297217515886667,0.996574289010149
56.6127383016056,29.2139280877826,1.36349690892856,15.2047196953432,0.1107358648418,0.694284760092496
67.6155753319757,30.5814640121201,4.30310145825143,16.7903792858955,1.43606232859228,0.21326622240926
79.3814301131773,29.6256056526747,5.32398594340641,32.7274616952054,0.147519400107082,0.522231053140069
79.8333787655304,29.7405755703937,4.21758873914768,31.9850267058118,0.493633736962505,0.299570270960983
57.0904994810277,27.5580550258518,1.91852002573234,19.4761558245441,0.750472170086399,0.290920744244989
57.1579329451795,26.9569172518483,-1.16284874514707,20.4847071115165,1.42621366364863,1.24115570834727
57.4045908123568,27.11561228217,-0.391411453662255,16.7619966846535,1.18270064251454,1.1017304125782
55.8435868222165,28.316538275816,1.55093477622761,17.1204070643349,0.535614171145091,1.98148026907667
55.5993597965033,26.8247769211306,3.62898305970272,22.3520600824792,0.992566344144733,1.25262210541193
55.5166721951111,29.2556127047307,-0.131478623472885,14.0314080112465,0.276031656010465,1.57095216869197
56.0259279400807,27.7811875003484,2.59352542183064,20.135666586607,0.169706923640467,0.483334108040567
46.2159743814467,25.9684839691491,3.23892973730054,19.2754690793807,0.0289448801526643,0.0972886116317207
42.8906353789005,26.954781054989,2.46374807462498,17.8854852929453,0.325917109491438,0.458863090669732
45.5655495436694,26.380263689038,3.06055379115834,18.9403741179929,0.158664265101726,0.0255861905113081
46.2117918998103,25.5913511691888,3.4051506145873,19.3747306102567,0.0240884123446901,0.00938879001411953
50.4520831388069,25.8535920487478,3.27033745634036,21.8007825763085,0.129497861633622,0.120532208962745
51.4928681173645,27.9614533107211,0.635579919263189,19.7655480859998,0.028371662149919,0.553601532823065
45.8888988226819,23.758236310047,4.49473083326906,18.9329644746556,0.235928148409359,0.175234326192215
42.1420346292446,26.9341308124781,1.98547040350045,16.7808370966258,0.237026723445713,0.24500674178691
41.7025525199014,26.7726556015453,2.15282030590541,16.2862617279258,0.147630226787718,0.419893905488479
42.7232134812468,25.121283550134,3.59365429274176,17.1410125434585,0.00688695839365312,0.0174604170124661
43.4466905625014,26.0116103501807,2.89952547728639,17.6252424066224,0.0848836812105671,0.193703586135569
43.4510884351473,25.3821086009178,3.25371110517872,17.4162144449992,0.188164757286386,0.276008277493343
46.8714496726941,25.1544634182085,3.71601856934386,19.6747925187977,0.0150664666055783,0.150280934094246
49.292400073366,24.9142204844974,3.64742998105161,21.2883292227861,0.377664760710734,0.14220208682574
56.1868902684074,21.4582216020415,6.84825247284073,25.1450764764556,0.639375354981282,0.768028943422117
66.7137276900666,30.193982120974,1.95019228436276,14.184776369838,0.065459986769077,1.04986880772079
70.8021699595692,24.7483953775546,5.45823537098041,29.9805219376988,0.0267252095115141,0.551602557286421
87.1542684760688,26.397364530168,10.5653015407291,36.939800976062,0.180720059479576,1.39673544513885
83.8396355895571,27.4799081382969,8.00146461401784,35.025889980831,0.14367239404662,1.32798745742784
81.7139019464081,28.1896238527224,7.05086889260557,34.05800716927,0.656243912342341,1.81508510236721
83.7514362610454,28.9760326825741,6.80321859598058,26.4713912672226,0.0370002053556693,1.15314302981318
84.5765103471758,28.0945239112189,7.31913164710776,30.5505501976415,0.860623831619817,1.70529271993845
83.7963576848632,28.6438195753937,7.39808600747254,28.3184033675758,0.249197598755712,0.744729709238216
87.3500984196992,29.1162274192426,10.1796077716752,23.9648288326392,0.0855668294491347,0.533700460603504
86.9889917365975,28.4152798097653,9.28878323554262,25.8307110515005,0.220433571820307,0.696463527159263
87.9465640494466,28.4437858276439,10.5820781043673,26.8729820489164,0.120575513722896,0.48183402926841
87.0827593587054,28.6419288403838,9.3397841794469,25.1677176696519,0.304560492061682,0.608529169988542
85.9497909849228,28.0006951276244,8.61671942196357,30.2336899798931,0.238871776802271,0.559835895296734
89.003818197253,29.1742629439886,12.8080680976064,23.8729638384772,0.0248659591442161,0.254358642210003
88.7053812187975,26.8608632699537,10.6109592322923,35.0955259059561,0.0842628674005013,0.905384392112273
87.749483612911,28.0928252746764,10.2704805941798,28.5943286005535,0.0806973908282531,0.400190394991677
89.2855766544992,27.8964935275035,12.2546485739502,28.4712732946453,0.261908950566641,0.689312379601283
88.6834413921713,28.2564970928624,11.5407890313358,27.4298372586579,0.298971012803971,1.15104920724035
89.4818466756433,28.2663203972574,12.5619989113438,26.3856545338494,0.634082185076496,0.729470695163603
89.9236203414,28.8156759118351,13.5286104566041,23.8647360928315,0.558739314286717,0.132738564544411
90.822651704897,27.2813306933611,12.0358912964449,28.611217400783,0.821690549471067,1.75506436166872
91.3920641121627,25.2442137631294,12.0413930535189,34.6407620574425,0.369842559004213,0.452444314922523
92.4933966199303,26.0468305380338,10.8866953344332,32.0371533466313,0.21841022171831,0.158382064265929
92.8525204124309,26.1774965660514,10.6486013617517,30.1384730778392,0.131978786300777,0.377973752599378
91.9367523414947,25.4701650210148,10.7552452098738,33.9958992275952,0.544550995113712,0.179572612843778
92.6630951074392,25.5251701402659,9.42813693947486,32.1864099278171,0.209382699963627,0.743954312750872
91.7531971237123,25.45795941571,11.2119139063271,34.0748616516279,0.420056751919534,0.220052130623538
91.3460035320512,25.0377737704751,12.0727352085821,35.1274814899543,0.784219592541568,0.447761982338165
91.6774410256022,24.8408568770754,11.6335830637557,34.8241027493143,1.48852609875968,0.520795219333112
93.7720969503214,24.7991832231381,3.13616826240847,26.5747396756051,0.0797684473654045,0.38226394042878
93.6397383508022,24.9868427247855,4.68685644174667,28.3958878000169,0.511665787044284,0.613431173774972
79.5539409704281,23.2504009845847,10.6008163454367,34.1749874853466,0.227304353454405,1.82742287541038
77.458504625078,22.7695666340484,9.33431105132566,33.0476274928196,0.960456949710188,1.02706856608297
74.0869307210484,18.9753387309276,10.2699696599167,30.8551848080274,0.230371863178719,0.417886448350885
56.4462799103999,22.0432161306952,6.05593968329388,24.6959250949692,0.302202177810559,0.885164592839215
67.7716984862584,24.3690963323557,5.28798186494812,29.3749355235841,0.445811546934887,0.236852630369458
65.0273586353452,26.4407622495856,3.77496684861512,15.3765537096702,0.265699213194485,0.947897058142447
57.4711115738862,26.3113670634128,-0.198933168927836,17.0614155687624,0.529845836795345,0.208767395503241
58.649360736162,25.7212187346925,0.64951024798728,12.7444596319243,0.952155637500541,0.91356903933328
53.300523128008,27.8675546916461,1.02295898180721,17.4548467931602,0.241943416497733,0.326113260625277
57.7855341700171,25.6097292435125,0.0202297856551843,16.284178974539,1.53257268779354,0.381886314236476
38.9593175288282,23.3412359195797,4.08921630446001,15.1968813158766,0.383350530629817,0.164760027399383
39.8392546787354,21.5383410252308,5.63965957021348,15.584905409441,0.10162947561558,0.0990063990111314
40.0345199827001,21.3621415879963,5.93928548128759,15.6081726422439,0.0487055726833266,0.136389990519139
40.1780862695047,21.9312873267171,5.45342041591775,15.7523970530514,0.325587371217599,0.111962735341773
44.7269641001533,20.4355238388551,7.28398414709469,18.2882026156943,0.367024116335923,0.202306108129377
44.315288806748,18.5165377059466,8.01012129529457,18.0271081434262,0.363878574961504,0.366265332843885
43.2008511752431,19.1311049631993,7.72024238682176,17.8083151681158,0.338150991461456,0.0622616920823307
45.397512083073,21.8315762703267,6.3676306068895,18.8203863892206,0.285895865932261,0.141009056124998
41.163361823996,18.2178970568279,7.38316906033302,15.3075312582462,0.708718104749131,0.705227267024157
38.1658081397754,16.5313322925325,-0.273229254320907,6.22668075947597,1.45891064940434,0.406525389001149
40.4422057013832,20.0761554977016,6.64613738475148,15.3775625308738,0.206884224648833,0.361527597478497
41.7263924494549,16.9186795051388,6.92861159509975,15.0715679670868,0.94110131764743,0.606210695234766
43.9838509732028,15.8806580711741,10.3459247577858,18.5937338815369,1.06272902606366,0.350046804645746
43.6343183717869,13.2707328556742,13.2386724329131,18.1706945311588,1.64022455041488,1.05398557646241
40.0422824292277,15.0142161081787,3.48027120946361,6.20239991315952,0.381380933844357,1.27788133326571
39.833914896012,13.4971254541366,3.18688463010043,6.0224685544739,1.30142768345647,1.2491522036665
42.4009489841632,11.5812112671253,10.4587221717826,9.37739565458319,0.58041704458468,1.9052795472641
39.8022055472494,7.07181446541893,0.966321819777169,5.80347737580219,0.3695072108095,1.00522853665172
37.5456199592904,6.73416181530661,-0.685042703741279,5.61391300098701,0.132038364881291,0.0862585998018198
77.385421728746,12.6967871726041,14.6719156958901,34.4960605061594,0.211965038493499,0.203128712069563
77.7529933318871,10.5341356389774,15.0406176414003,34.3334032150531,0.737376022640623,0.507166910740482
80.1970581877641,6.82561748306137,17.7618411536775,36.1359818496671,1.40281671194488,0.926959235198519
96.6747716296821,20.6384124354174,0.278270923134488,1.81109955407298,0.33702562001989,0.843072775083944
93.8523459266505,24.3155805491305,1.42345442651179,25.2607693295154,0.750829280641932,1.11248661942419
95.7369079469527,23.6003846482124,-1.93742519895785,13.1316695962484,0.749712519601125,0.873233415244137
89.9696404327227,22.2563218471354,12.1991696091401,37.6890989818267,0.579558117090448,0.180596180847433
95.6526255147587,21.8992089795254,-1.59003390877705,15.4869241191799,0.0520280026478819,1.73650781788924
95.2342004156433,21.7271162690745,-0.739047660858873,18.4551124418096,0.959554863594584,1.05559659797307
96.2659389489298,21.5100502561768,-0.188387915324885,6.17712804491529,0.217922481524985,2.21844766081476
96.2397942858523,22.4174119089185,-1.50023374525412,7.39756327622695,0.145350938219458,1.24966413052325
95.6076005889545,21.4845571005934,-0.62934786750909,15.7045862368926,0.743613616755844,0.71035318662251
99.8403380587174,22.8829916760879,-1.69664979285587,-6.46996750626558,0.388825057353714,0.0525977185556812
99.51456841002,22.8016147435254,-1.81297233674048,-5.66706575489474,0.442991861065147,0.264210189671673
101.597364392987,23.9913911110519,0.988141825665432,-9.93417064017619,0.414248270840492,0.0156552796041715
100.533437760676,23.9501256335691,-0.565428129568572,-8.91948142016632,0.179925800570165,0.152944276153351
100.961211084149,23.937652322926,-0.025915553428277,-9.39423226270089,0.25630856973405,0.0170425581907352
101.446126195674,22.685778599395,1.54017119563817,-6.60438806563687,0.141481187453252,0.100526006215922
100.825618404752,23.5120312638479,-0.987429718275677,-8.90522479889017,0.214473767327642,0.177287874554661
96.3945266076565,20.5252806837273,-0.377752622418394,4.90163144346942,0.085631660110492,0.642878424659111
96.6592102933599,18.6823138525751,4.55382825269823,6.06471498677239,0.201323060564134,1.58784786981023
95.0649704173486,18.8745148848689,4.98862622284289,18.5785538283213,1.02955051079676,0.482066822720214
95.840546057525,20.7013919492669,-1.18219491344538,14.3693747984191,0.162823253928578,0.0868362834691297
95.9937458476566,20.5742787346739,-1.38591250180784,11.7221923768719,0.267420190855583,0.237464977695602
94.9910359858941,17.6237520210491,4.7117903938674,21.0904717044148,1.13471603044825,0.518278106292706
95.3830786735607,19.0623287771509,3.75336945937642,16.8893617505288,0.197354831880657,0.279732438989013
94.53087813883,16.7661646080781,4.7311177186267,24.1340456263051,0.0304345196155696,0.0543334712735587
97.169503134182,17.610287385796,2.43012838341434,-1.72974254121055,0.133272806379732,0.801430453158096
95.689818830669,17.480352121278,3.17179283461929,18.5138155600584,0.185748218200372,1.88513814033886
95.9645449591171,16.8678207091992,2.97499508710975,13.4198732484742,0.610267059943447,0.642272702771573
96.1057625099169,17.6341329911093,2.31041476593126,14.3143969411296,0.463832615281143,1.32868437190138
99.1477744570024,18.3505515946856,3.17868527687111,-0.745802915778572,0.819631238060042,1.81582339428738
104.114013251564,21.0400568543506,5.48611345954302,-3.64077237846171,0.251418406253474,0.0263189881893662
104.244309048382,21.1328454317433,5.58943463788653,-3.68990881459965,0.121899753394261,0.104208366089114
105.153177514305,20.9610263452363,5.57451811075321,-3.51585440166283,0.080464314837135,0.390818446454381
106.43466921849,23.5706943370905,5.64500207065524,-2.0249267680914,0.14007132886795,0.132953438223196
103.463899224597,21.7809602981932,5.93043137038223,-3.82355718327125,0.33400794526094,0.424210277239722
104.073960736789,21.2435609693014,5.64027625627917,-3.7265186355211,0.136777287348921,0.0441973044896565
101.810911264432,22.5051695272888,3.14329049594315,-5.6501334189123,0.133671850061027,0.222215489506839
101.926878498424,23.9471617652747,1.36028566296481,-9.59518245564319,0.0622113826906241,0.146531021343981
102.88568423231,23.97772876351,3.66527848625761,-5.77945053780226,0.129955500576564,0.235752334798772
103.356243489617,22.8098950223879,5.00297559015635,-3.50468703665923,0.054810765347507,0.020554651505097
103.29017244047,24.407775388456,4.8002763205552,-4.40787997030782,0.565238519833142,0.388851217719802
104.199343764629,23.3291303717778,4.99763082652313,-2.59141621710061,0.0762902517967075,0.217509413453125
105.717447282993,24.4416885865983,5.65915680565322,-2.33273124128175,0.0605663897190364,0.0149460217650375
104.539375806751,22.9152433794894,5.0339092085133,-2.51739672476443,0.310477495228623,0.248780312082635
114.320098678237,23.4192616513253,5.46382905673709,-1.68702761215598,0.088628761326358,0.250130711578248
113.256400527628,22.3527605909893,5.60779516517143,-1.8770988182513,0.0433912776737683,0.0535254402151761
107.174455918283,21.175233037067,5.23886650217589,-2.25751285221607,0.0487779600043078,0.230586922929246
108.031098094603,25.1391521690637,5.71255927711076,-1.75991699888537,0.0437853331867768,0.0529991315603437
108.41778361116,23.6033860103926,5.6382640494051,-1.67425134192789,0.0935904458625343,0.0915044088670367
106.072393299451,22.6665642333111,5.32080649846164,-2.01125222859296,0.0368497522040005,0.468720777447338
109.874726303784,21.4193855490368,5.55826745776525,-1.86787850844418,0.175085046959629,0.0927397800500132
110.303025592865,22.0771394287533,5.49631146797505,-1.82484280236187,0.0577374385467507,0.028976485989601
115.047137157618,24.2947188030868,5.66182243280987,-1.90573441156604,0.0760834067217416,0.116774080681774
114.016850421467,23.9102869472581,5.48501937282703,-1.7246054120726,0.100270339234219,0.282377790908296
115.091891112493,23.4449574171387,5.56386920974907,-1.96049250042803,0.0227002376484039,0.0935830333618903
117.049138016564,24.278029858298,5.58227658932429,-1.83712783480506,0.042654959890638,0.27376515915578
113.858096163712,22.9119511762403,5.49973416588685,-1.76525113003216,0.0523241751806228,0.070959265098303
116.58293512908,23.5666161857904,5.55125913261235,-1.81651928118514,0.062794755428613,0.269450448814494
114.599390482196,22.6757693898329,5.49331761139445,-1.85604055899249,0.00407798753202869,0.0283781413503804
111.367519928903,21.6276681434303,5.55613840820764,-1.89523401636624,0.148373928221008,0.0827309257911447
109.161665999244,18.2500922293813,4.38921756387114,-1.53929076581251,0.164591028953788,0.0188754836554337
110.746119570887,19.1141164109861,4.35995745457524,-1.53866829719204,0.0482461547194267,0.0558750066011456
116.903805108397,21.0757644288005,4.0153625276081,-2.95990671047554,0.136631771599477,0.0843487025766635
111.872612893706,16.748788612749,3.32264557024965,-1.30867776259311,0.211721154578236,0.158548989854369
109.61701873865,18.8624898301987,4.44697478635151,-1.55061781762219,0.00602402479752167,0.0625149692906537
102.272964152604,18.1114454570954,3.99320065515771,-1.12614158334289,0.535668973775314,0.422639857287366
98.8259403476968,10.4986342851015,6.99718319275372,2.04217917013441,0.0380817685894887,0.425693764423562
104.731634072801,15.0130823739729,4.74660993093529,-1.11146312420417,0.69851055671044,0.143241333016079
-5.62142723951172,7.06073248833735,-1.98652375089893,2.01598599410332,0.0216601758625338,0.111981643531217
-3.28224834321677,17.0113089744139,-2.64184021504319,1.82861247588885,0.178938198549834,0.242632166812442
-15.7789279758079,23.6407547904929,-3.39595779391735,1.54687899845582,0.278080261037864,0.465872109747388
-14.4704067483749,28.3072092748924,-3.80001087864438,1.6832884485824,0.0123098797789087,0.100085104854872
-13.9513827838661,28.4258860122088,-3.60720359083083,1.50077738719781,0.109118568770068,0.0288720509408626
-15.8988716588274,27.9453965661529,-4.06647766887706,1.15624047657455,0.133603966041692,0.0561658952718393
-15.3955538350594,28.1205226583067,-3.98242177204773,1.39401375991333,0.0354180754369173,0.0325611873643636
-15.5726835852145,27.8376863511129,-3.93581407827918,1.36605907128754,0.0426114982885945,0.0893142437676005
-16.6502455024294,28.2228138490846,-3.91722765534138,0.822252607372936,0.0462374623499996,0.0610074932379669
-17.0206939759745,28.0948293659831,-3.63624858731143,0.714472328438165,0.219536442723344,0.017278669760975
-16.7419208928166,28.0895561453963,-3.89814416283527,0.815037466429999,0.0310463469032266,0.103379311556518
-16.7660896719144,28.3941754450517,-3.74096341088059,0.851699631583903,0.183709338618156,0.0878209946387353
-18.5781090995354,27.7821795989512,-3.46763421503516,0.824061538497141,0.0354563740363776,0.172394388381943
-18.2448100813251,27.3736751150046,-3.53435131434612,0.824757600771246,0.0583086180010107,0.118273230709706
-17.8217550847746,28.0590858455422,-3.42523010426234,0.497365782646539,0.180938556265481,0.219137591791245
-16.6060519845137,28.5150745070707,-3.7838577604059,0.836178370648643,0.131685140763892,0.00504028487821489
-16.9975213517973,32.5145576357927,-4.34346107793548,0.903454583886615,0.269711939931315,0.0557463464943575
-16.0956749626361,32.6365188625423,-4.40326004340681,0.886204818672346,0.303419852884363,0.0446176293619536
-13.555585293938,29.0518962769948,-3.78248787094945,1.32439871355155,0.0617916224376764,0.0400109510067512
-16.1503267864491,28.4013755000583,-4.0154126223716,0.887100056254364,0.0412528057437858,0.15374251730188
-13.7985376263002,28.5855745330756,-3.57638277668178,1.34477212720605,0.105314673393572,0.0975816698504103
-13.600044799295,28.8385694280157,-3.69977716764661,1.31590055642623,0.0426164666357017,0.0308955016092014
-13.1818046501363,28.998858228065,-3.79790267827517,1.3192946381746,0.0791650453224504,0.0378047582351321
-10.4483759780351,29.1257121112176,-4.05527501428472,1.36909234948541,0.237576464639695,0.122115849500918
-9.37144389930459,29.9742582341258,-4.03400941351911,1.43157682622307,0.0396413402872004,0.122762512630409
-9.38144542501418,30.4593632240033,-4.05579629397755,1.43347652540369,0.0624316492178673,0.0875885089418042
-8.74173903035389,33.2801849372196,-3.91853180171886,1.29982067464853,0.241891285959442,0.118173412533157
-8.31708709510296,31.6104943382432,-4.07242783494637,1.57451985050065,0.0299061444519642,0.0522101985521043
-8.20802211376314,31.1296184438507,-4.11122276934831,1.62344234753337,0.0730619222442349,0.0139293188856975
-6.69034083097845,31.8267744736418,-3.8563724300078,1.6400827408343,0.0463672260904186,0.110947849501838
-5.59173407105186,33.9468767337291,-4.216308186468,1.09773002777341,0.0564524390093927,0.19634965976886
-5.09772706731032,34.2035296169407,-4.40698318937871,0.812366663014474,0.0517933876768075,0.399728193395332
-6.34175344204061,32.4077619890003,-3.79515798156209,1.62436998397501,0.0801619768750797,0.0477270324500758
-5.67908084663763,30.1800877322275,-3.9963174539291,2.08480210117402,0.0827907446318226,0.00844995706473881
-4.73498902107157,34.0939471630907,-4.03830985232344,1.14730416659892,0.166173541794412,0.450748661032558
-5.21022150867335,35.2985346241989,-5.32693400290081,0.388542206316717,0.428039719649579,0.418197295380175
-3.56057032101165,34.4804236704312,-3.81752618323403,2.50339047844388,0.139037686625931,0.251458947969179
-1.55343279368433,34.6783827401136,-3.29855217483057,2.73788740061844,0.020103325580636,0.245765834473467
-2.90974859714005,33.8845385604124,-3.78176301813751,2.53579371741129,0.163982158141944,0.18037080396977
-2.09544336255539,33.2252105257509,-3.8891791988345,2.49794559405314,0.227767350956237,0.312987770180603
-0.42368845247454,33.2430228711183,-3.91336060234838,2.48815485496726,0.119074652075019,0.222315232145758
-0.0660720416012844,33.647122709706,-3.712137003567,2.49404842082013,0.00901932730424647,0.0850108520207868
-0.693669656466524,34.369215203449,-3.42549929342708,2.46250420583469,0.0229106754699785,0.0188591792658423
0.822031510813127,34.2003833230666,-3.3166225565868,2.48639543818226,0.418059294931991,0.0496895556565579
-0.19381697449487,34.1048642474526,-3.49858017477154,2.3454313092547,0.0660441140103305,0.143684753526428
1.97942510730402,33.744081975895,-3.89556000818307,2.95948777581794,0.0337023232525769,0.0230557508468559
8.98193858846977,33.4623971262275,-4.12914064469529,2.20762934629579,0.319655846580419,0.213546024342981
10.3014557377662,33.6095376199947,-3.93365805518858,3.64109448738823,0.0669097730134148,0.442074023742485
7.80949681030505,11.4127082657015,-1.79123204493318,3.01800181250079,0.112918325616459,0.0701541716837448
7.9559148131278,13.2701181928721,-1.98242830466718,3.14926307124083,0.00474368382753471,0.0363979596479381
2.09804544134212,13.6567459446419,-2.31378121909624,3.05740086024693,0.021243828113274,0.0950829028677025
-0.429503980663547,16.3607759612452,-2.8086242879064,2.74367066425135,0.0897363733556147,0.0660363137814448
4.21043238284652,12.4973210720977,-1.99277109628146,3.10981016810908,0.0797790197642228,0.07054498648631
3.53279131991241,9.88874483123747,-2.12666615143293,2.89298907269873,0.056063014617605,0.107943650860725
2.83109773186473,11.370218510347,-2.02260858810857,2.87861182543011,0.15995794201068,0.0739133722071297
1.10691986838823,10.4179370947745,-2.42399837295901,2.93041888032711,0.0134289648508981,0.162155861301096
-1.05219572570043,9.21145206815719,-2.66641217918895,2.11486060392699,0.168613374529523,0.101334024181948
1.43646229536856,10.0257793901026,-2.41182420769045,2.84366951255911,0.0298432970909213,0.0353983616177664
2.64831474128609,9.09147299587973,-2.15435536322398,2.86569987723604,0.0172390035408575,0.152614994486076
1.87654270894058,7.87264744576134,-2.1009086663568,3.12591521710702,0.107593956317545,0.0867870478213104
2.08476150958317,6.95047958197681,-1.62775787907421,3.27156489860382,0.136640173863526,0.174251746956022
-0.287882033208735,5.59975876903858,-1.40225701212783,2.33442349052602,0.0509320940851017,0.12955928067403
2.26645633180808,6.03398076555932,-1.37846651944118,3.2511448925406,0.159812409600875,0.106597023268779
3.69273541493946,6.57136642361945,-1.42781732699589,3.19691659390128,0.233727761354756,0.0524698695362167
7.41363707547105,6.39007342199419,-1.74373425214896,3.48488696618999,0.0709798615975083,0.132201884748009
9.27584220738321,9.8465201498287,-1.36407368923873,2.48925255753481,0.50198868376159,1.02923475574766
7.66093383414874,8.95292272925129,-1.93164454542643,3.37108974172479,0.166871480681594,0.170886282527224
12.4563550381776,8.95155296690807,-1.77789181771715,4.11098392994998,0.226876274606281,0.149607143728165
37.8564894311265,5.95057953539433,0.126355663415945,5.77860066517082,0.608928878807259,0.115829517827673
39.552076011224,5.30904070615957,1.5230573754113,6.09206837622663,0.906018271168317,0.934488855454423
38.9770386389067,12.0165695426645,-0.668697360948052,6.21142779556588,2.34611523455297,0.409292365976708
37.0938657529227,7.48676697449709,-1.53632732837094,5.42270451799485,0.371440400318887,0.068152156901722
37.1343366604215,11.8243380044387,-3.24022898693568,5.89678619192756,0.628015641517757,0.119745919992367
37.4973867141207,12.9863922737069,-2.29799012447074,6.00113221061677,0.298170797855069,0.340156490724614
34.5065914692593,10.1128430109234,-2.80909754287782,5.77671874272513,0.93097121888294,0.148748745335207
37.3926803440481,24.4299737664621,1.91400156153071,12.7857739568784,0.829300574951055,0.549388566830143
37.715935446711,25.323256483663,1.9031586216604,13.6925751188883,0.61339959797976,0.565890658851483
36.0283495671863,28.114864514652,0.435147816159409,12.8911976096625,0.300850281104219,0.21716593184791
37.4977373285776,23.9173150296516,2.32999908249408,12.9772971169192,0.856429814656493,0.535328925890567
35.0587547757004,25.1446650934065,-0.8615212694512,6.90753636740637,0.176278896433616,0.268798224781171
35.0642056260095,23.4912440213579,-3.23963834423433,4.49282125510107,1.69359181880373,2.10631157545371
34.3539982200679,25.3047797957011,-1.37414827372182,6.39301911776268,0.154849228436767,0.323556530146757
33.388072801181,23.5617723207498,-5.48722236344387,5.17698055811894,1.11480853915213,0.715250409725896
33.8410084776153,26.4241589662699,-2.02225887205468,6.82980344012251,0.586763374924229,0.0745469443716364
32.7072842112209,24.1587741873801,-4.72007321573702,6.07710655146689,0.40936174200488,0.569321906364557
32.2190992221853,23.4973293761222,-5.64944509755062,6.00389187473099,0.485161805599958,0.0894611627593173
33.5503981038069,23.2822066927727,-5.69528261929189,4.55368259122647,1.56468133912293,0.299918717825491
33.0366834381054,23.6358529685659,-5.43466344174452,5.62256739414541,0.756145312742543,0.812449885247038
31.3005230541258,22.7052931875902,-6.31567358805692,6.82615796993153,0.499296123182889,0.145087543054765
34.7082024716067,28.4843884724992,-1.17370614675499,10.0564493894819,0.210372317464543,0.279480816664916
34.8800978221103,29.3036427474785,-0.797426976400275,10.3860458287315,0.0405851649490248,0.159298207447216
34.8573011853456,28.0203651715515,-0.685905779060902,11.0101004747954,0.330976362607439,0.340790892244111
35.0182187252093,29.6891840377615,-1.49392007371118,9.4412654439878,0.140960612872318,0.102864513461082
34.8981783515817,29.6244115958265,-1.68283900141393,9.21093625935198,0.000437602965927568,0.0206994907862349
35.123726665284,29.7931763713051,-1.62431455862988,9.72446217989889,0.0108375296718882,0.0693490472370042
34.9648446776587,29.5348235086176,-1.43781127349858,9.82621946753099,0.267980590385859,0.0501850379444688
34.9804446395721,29.6373878718071,-1.48578850450842,9.44792080333458,0.0626249287584028,0.108993449336826
34.9846746246098,29.7512817209821,-1.71781079294334,9.07372473358414,0.139346364158137,0.137111557139628
35.069569469238,30.0216639238151,-2.1360030474714,8.89464297340716,0.0466975271894201,0.107732043910285
34.9855511341284,30.1770509431761,-2.36318907509079,8.39095070191233,0.164876012106594,0.0333620861010436
34.6589750892256,30.3861906328343,-2.97935458872202,7.52763617727224,0.0183610923079143,0.0802244410104013
34.8452745414128,30.6987774732872,-3.38580350389549,7.70008465287247,0.161269263381058,0.0444865165436978
34.8698017488132,31.5208795567574,-3.559295766007,7.79987047499869,0.0045190263118863,0.0167408781877843
34.9099267508603,31.8302415962895,-3.67546329894759,7.78935438889026,0.0528031766669116,0.022990469921491
35.0304863295812,31.7286542222434,-3.4669732423948,8.1504703458937,0.0152775039649742,0.150238323848611
35.1825028676523,31.545354258081,-3.3607112744021,8.12674988030787,0.0678279435222418,0.0464614581457228
34.8918316483283,30.9646612234887,-3.2342266669636,7.53506724502001,0.0873682692329279,0.0226183874484335
35.0962840666877,30.3798213437414,-2.58354704692816,8.65594663166589,0.0254682847457418,0.0684196544834891
35.3251400078998,30.4043562252502,-2.26442548620585,9.94351524999671,0.0936678692012411,0.264870913659864
35.063093493412,31.2422295311243,-3.57798381200949,7.63723150237027,0.0261585430286996,0.0889205406632342
35.0577214789017,30.9942359789464,-3.18526040093412,7.56301181814737,0.194554177286878,0.0670259550854474
35.2479367882539,30.5784416610631,-2.59804538732935,9.1522223633365,0.0601979614342741,0.0624796191151798
35.1170737144995,30.5553005606322,-2.72537330011649,8.4820986900645,0.117192371069303,0.135166991106904
35.1358068721717,31.0949494640954,-3.41916579247005,7.64498694934127,0.0373802829071408,0.104047223587944
35.3034797498864,31.9102919297619,-3.32115370641369,8.75607831067452,0.001068213214141,0.0256669734126083
35.1505159292654,31.6223952536558,-3.32743895053904,8.1837615710695,0.0527366500591809,0.00664422349505507
35.355868542435,31.588291553281,-3.2442930166963,8.4961828789976,0.0390878411878661,0.181690026817029
35.3757276661241,31.8004313151211,-3.06863429379555,8.98511462169977,0.0899527395195104,0.00964165489412312
35.2739928997783,30.9901019226777,-3.06009039817623,8.35350747630367,0.114178376896611,0.01778081945491
35.3098198987286,31.0566156165792,-3.2763952086526,8.30773630327229,0.0515758236723815,0.167062371567171
35.2274853662461,30.8323975305707,-3.04974002230033,8.52699467151707,0.125787266106108,0.0849263672268068
35.3596376011993,31.1804734749633,-3.55109254278603,8.39245897811941,0.177944451765098,0.247370341969779
35.201145220991,29.9099641768953,-1.76445291913974,9.83806768501844,0.0159452978109885,0.0354919545843968
35.0196746746205,29.8829073374761,-2.01741735277803,8.88910458426971,0.00215755095264613,0.156148435474881
35.0379566953092,29.2695553275919,-0.334884785429525,11.1674167254542,0.0415980764191588,0.0583880911735687
35.0497305741392,29.0176763872686,0.070260798577314,11.7546880910424,0.224975902959782,0.215121850256315
34.9160848844251,28.4477183389334,-0.667303957625428,11.3493714212183,0.114223028974061,0.296292873909597
35.1358935952757,28.9531947560049,0.233142027133687,12.1859548348575,0.302605161204424,0.372732084263428
35.1213025893724,28.0611149723025,-0.144111507448944,12.000560772676,0.53924979562141,0.355491917206411
36.4297183978668,26.2082692282438,1.07397264678699,12.0038112306297,0.814767445324792,0.623736568272278
35.0678782871469,28.7656636865595,0.0380363776232942,12.0602300125456,0.422552031487223,0.474896168484674
35.2913444060169,28.0184449182847,0.015431088797487,12.2576212253101,0.535188983905992,0.31504424826067
35.5052718816014,27.426772611599,0.0202068358204357,11.8186128263894,0.502468380201299,0.448026428831376
35.2787473762939,29.7631762005683,-1.35595587531327,10.589083894823,0.155626763025965,0.0458246869219264
35.6634182336509,28.4053007546784,0.355226378366124,12.786641131739,0.394131836254874,0.277330919035042
35.4601036149491,29.0866086596225,0.430466988153387,12.632327526832,0.284020205842417,0.350058878207624
36.3598498286266,29.141764655517,0.248557710535584,13.087693654523,0.0543540131104135,0.146356964158565
35.5563342874996,28.175550789639,0.290824401765034,12.6496934033286,0.500830883444201,0.319188862493983
36.0324467958786,27.5259086420834,0.462686012594813,12.6072757949431,0.530606735301813,0.405119099593685
37.8312201318992,26.4642602315503,2.02352360776333,14.1263319464419,0.593429365337515,0.391804195700358
36.5297982867107,26.5960915610095,1.24226088094846,12.6486088185416,0.89088631331561,0.732295862854898
37.9924951808731,27.8238794729147,1.15182819115711,14.0592457621305,0.0508424356840419,0.166038230543865
36.684062798204,28.181108347006,0.539130588600264,13.3622566580955,0.0414179214180886,0.182226974637671
36.6331926274413,28.5070758292556,0.46035695179447,13.2948908554095,0.0929941199831313,0.0467674612420268
35.6739085379407,30.9586420619585,-2.68051695620171,10.8808339480625,0.185570894461948,0.431185555339514
35.7146056280152,30.1563639129129,-1.72582048828763,11.712511041312,0.312435205908168,0.0726127079622569
36.4359715470171,30.2825539432617,-1.26112473155572,12.6498695561842,0.3159468252452,0.302048753502434
36.4617613053248,31.3834961511226,-2.38240073758185,12.244468312062,0.0727385114084355,0.17549829025764
37.1960394328838,31.5704887695129,-2.08588145336108,13.0636956795881,0.171139506540085,0.302422164530674
35.6229675037201,32.1555907274371,-3.15079488876336,10.4986250654522,0.235629530472936,0.232180844064136
35.5853174914568,31.246155752342,-3.2319622814871,10.0785816323574,0.0521184666839549,0.429818332360025
35.9557205609784,31.4190547012638,-2.79623737866931,11.3705944815802,0.0665088298562099,0.15769596552142
35.7099066111528,31.0676603462801,-2.75587216287134,10.964217124748,0.042621205281303,0.509542766956713
35.3536232423854,31.2638399144638,-3.58365131011673,8.35929156353167,0.109682928509491,0.183393835851215
35.677587481381,31.6967024547032,-3.12734213015787,10.5328106323122,0.0969231229432102,0.369458031830983
35.387678135658,29.7767712519612,-1.29132206991317,10.9845556604963,0.274763795152168,0.180439310404309
35.4942660849899,29.6648948391684,-0.916168315452206,11.5624363635027,0.35681660073005,0.24301417805697
35.3883796884494,30.0715526327741,-1.78786318941821,10.6346539909984,0.0234377674405764,0.0888425168047804
35.5369836711055,30.671171941523,-2.40671723868915,10.6172886553452,0.0875338907744189,0.394520109579365
35.3437856544895,30.9336505622127,-2.9080220547716,9.0093848420649,0.0469725899012956,0.264152096668088
35.4202584000664,31.0508520248883,-2.99128421399686,9.20517071752026,0.147481645416059,0.202424166298703
35.5320187841633,30.9333590576867,-2.75191530884027,10.257783006361,0.113618672951548,0.472168708519054
35.4569265981109,31.1211770719237,-3.25300460616264,9.33812732610904,0.0802829731790855,0.227124648850858
35.6780086187199,32.7244813221844,-3.82029776048513,10.6958204053553,0.124252080458305,0.111354439002425
35.4696532163335,32.376524108548,-3.80765183297869,9.26956589038288,0.0525580174955048,0.0657589009649932
35.5296418425967,31.9649985542463,-3.22049937153365,9.93878966557151,0.0168874450300577,0.104420280324949
35.5472038444527,32.9871995128659,-4.02924600545644,9.74939313911771,0.0162211559217813,0.0517386082495204
35.6311862494317,32.5173004587809,-3.7568614149713,10.2019330791397,0.0259239322756546,0.0878520637290467
36.0064387691232,32.090828763286,-3.00863898704655,11.4755101592992,0.0416530347170293,0.176804494562699
35.9481939743336,32.3065898112632,-3.17482518416875,11.5254850876894,0.0532418551672301,0.0549906549602528
36.0797460678376,32.2058387194608,-3.06189432112921,11.7361347542333,0.0472719434228977,0.0990621403910359
37.2706975722151,32.3574984024312,-2.44784286790338,13.2377445774361,0.16726523200327,0.147272315324701
36.831073766509,32.4247560688411,-2.77978237882417,12.854213347618,0.0954310667111433,0.0631240953921418
35.9120179900757,32.9738039213096,-3.66965647708114,11.7229731924684,0.0281476733461423,0.117104337590584
35.9761040486989,33.7013211463382,-4.41665069598325,11.3215803903609,0.0896387576468171,0.0858945739344267
35.783495874707,33.2091963957564,-3.9878454590515,10.8890503388926,0.0495311175951715,0.0729981064440371
35.8729911678467,33.7585417604908,-4.65909202812138,10.6456417121652,0.0380610175070505,0.156803270523101
36.2674902463546,33.6433600367321,-3.90859472237439,12.2597999693751,0.186857464063446,0.0872144713219747
36.6113052225069,33.972322428355,-3.85154239308203,12.7421988878508,0.323150607616389,0.104440234315637
35.8671823082359,34.1670964336804,-5.35750043607185,10.4292022791952,0.396317528959539,0.0553472224926058
36.0439017116825,34.4808905163143,-5.13939081002233,10.9213173555605,0.196877817619284,0.162492583843743
35.8512123348866,34.0035296129725,-5.02125508234599,10.3540665427061,0.0800135456117004,0.10242601340744
36.3499429931091,34.0237073465593,-4.19917436183627,12.218457110603,0.282946288269466,0.104603777599469
36.0689451800868,33.7620173708741,-4.24287085451963,11.6864035162309,0.235377515174845,0.196124802143446
36.2433795858341,33.919316530835,-4.18728654540315,12.0634598416203,0.262085730938562,0.170452112169583
35.9541152913489,33.623111917123,-4.43246359475061,11.400782182202,0.00632739960779049,0.206674922935303
35.7997075474358,33.5435131981833,-4.8448337642135,10.7029586474069,0.354503571214016,0.128427371123701
35.7839720240194,34.0798759712986,-5.2360745537525,10.0543231414571,0.223512263942826,0.0986514714299953
35.7651895176565,33.0948313910688,-3.84957389689254,10.9889739424723,0.0511087347641957,0.0122024699145986
35.7875909338726,33.2665354212003,-4.16477186306607,10.8596291464124,0.0448647657033935,0.037662302515842
35.649293092458,33.3204834068401,-4.45481864666596,9.89674715452253,0.0738568709507117,0.184875952015731
35.5948323722852,33.744422735374,-5.15824679769458,9.43862252671017,0.297803506497608,0.102762480021237
35.5683900375914,33.5111221363493,-5.14355141016972,9.40546038328347,0.564953280011607,0.132178646001457
35.697591286316,33.7836358446904,-4.99462617960634,9.73039504861664,0.104310706841336,0.256846773628665
35.4959525918912,33.8288048618918,-5.02642465571873,9.14646646189512,0.0726803646614768,0.084816972391178
35.6382700239878,34.1156788747421,-5.26108813060887,9.53689907416685,0.182547217764716,0.160834673812798
35.3358030673251,33.665425357895,-5.10244060237053,8.7829809276375,0.335698908007767,0.0563255862420224
35.3198064092157,32.7604027175881,-4.02816347431602,8.70996923700464,0.00875043883148022,0.0103237314676066
35.3895818359209,32.8935646632548,-3.99478378775814,8.94281056477543,0.0529645075653635,0.058033703997741
35.5619913527406,33.1156180535552,-4.1779033037433,9.70616254638037,0.0520085909726839,0.107302717254442
35.4692532423393,33.2875609413464,-4.51939445015258,9.08432256898803,0.109174865652556,0.207962611805772
35.6203777014157,32.7338299148929,-3.92638740631299,10.2751811884875,0.0239096810411116,0.059987129655604
35.567006464235,32.7143593540387,-4.03821923749055,9.79587926038894,0.0843278206835813,0.0317874968680453
35.4713188092285,32.6622020487141,-4.0590124225508,9.10745793041313,0.0876541315655788,0.0947291379671659
35.5237323627671,32.3244905848432,-3.68567963909505,9.79794747464223,0.0919734992551652,0.173483185071317
35.5627870185088,32.5627695361355,-3.92502855530224,9.5889131416987,0.0662194073051496,0.147667830749416
35.3770992777271,32.0172598575591,-3.46427674824245,9.10010071030641,0.100082411650148,0.0339145410905433
35.50901990128,32.251023715726,-3.51558298418738,9.8176514864719,0.0249508578674466,0.16721563044125
35.5050375668616,32.4438438106251,-3.81368128642343,9.26867704256084,0.0242718523473815,0.217487027504486
35.6399797687979,31.7762532971303,-3.03401556580912,10.4204446419589,0.0549231601929423,0.329025374320844
35.444123509627,32.2109841310036,-3.49012564026405,9.38803681822131,0.115645733295727,0.0148672752500801
35.4895105108666,31.7940365590662,-2.9655540795767,9.62276880222778,0.185330013043568,0.1422704152453
35.4147564598901,31.8613667529237,-3.0786476606912,9.20301269234427,0.129515844579348,0.0606975558036986
35.3684632683783,32.2384746979126,-3.71080295181879,8.93117509051909,0.00894940828160834,0.0645901662956612
35.3666823543592,32.6096741948867,-3.9852518265781,8.70705230058316,0.0152122648320113,0.050171168453214
35.4500057428654,32.4973552716495,-3.93089420053496,8.92816103845751,0.017614625266158,0.222947485784949
35.2192582484332,32.8032426615644,-4.03816212787828,8.49139776255686,0.0246033339623303,0.0398647481541326
35.0822942729727,32.6653512137482,-3.98077798584236,8.13687948218845,0.0639527411954387,0.0453212365404405
34.9924570813581,32.698244825655,-3.8748150225773,7.99891164956493,0.0074610517969676,0.0391696333679989
35.2503207496378,32.8523851733912,-4.06109876999642,8.62465294763772,0.0434558495681555,0.0311373715179841
35.2479450903529,32.7562709624433,-4.00033571038099,8.50887390663284,0.0310566011419918,0.0641846276448457
35.0825809755917,31.7790382630398,-3.40823169873306,8.16598974715189,0.0391464078917881,0.0636817649772047
35.2899609307815,31.976985080162,-3.47070893039719,8.72642132388847,0.0643519221001733,0.0103540654178553
34.8227822115481,32.0711945594987,-3.67349881965495,7.58642317283249,0.0380995221268356,0.032679097095992
34.9025406582122,32.2117198575312,-3.80868132554643,7.7268964020314,0.0522143568060237,0.0084911248365311
34.9347468502468,32.3552471577466,-3.84729826823088,7.78854966611485,0.0248858175014795,0.0260908580528339
35.1355541176781,32.7078467974254,-3.98172681460179,8.26396206553022,0.0266601031362899,0.0475603458345409
34.9905109698844,32.4283458974245,-3.85907012502501,7.93259645519823,0.0117360938023362,0.00553877482815206
34.9769011286267,32.7581351177026,-3.81417587388614,8.07175680929433,0.0534853320260837,0.0595515028596888
35.2104174189402,32.8986820354521,-4.03958381998996,8.58958937323642,0.0153766059353645,0.0773311548860941
35.1408003435166,33.0168652257727,-4.1261184256733,8.39524489854242,0.042057911338514,0.0140544499015094
35.1523498012395,32.8789991727733,-4.01598466172529,8.43861429546083,0.0209909558902384,0.0289837393257001
35.2083608028297,32.9994019662316,-4.06528615408304,8.57806737033121,0.0366925729038011,0.0687650281390802
35.1334226656151,33.104282903501,-4.24746676634694,8.33369436724963,0.107544748300747,0.0493853989363708
35.2366705242167,33.4316878231372,-4.7230999321649,8.47763827052407,0.176906088307652,0.0875904045173412
35.4097614720853,33.5822335971868,-5.14994475453611,8.92018817232205,0.476861151077621,0.0630367538989463
35.3108310553899,32.9531706686956,-4.02934482370002,8.77904204011295,0.0351196652451803,0.0179282912816533
35.3343274916699,33.0253372229613,-4.09116631577696,8.81534827180661,0.038051342962211,0.0344764668920795
34.8945285852615,32.7957425954629,-3.73543234729472,7.99094697426329,0.0794489943010574,0.10470678047169
34.9873145093727,32.5695116724576,-3.88443698858002,7.90929486688862,0.018824585887073,0.0816132085388254
34.9401918605497,32.5022507947778,-3.82546085765754,7.81138569430962,0.00800916754692464,0.0854439906088457
34.783588849569,32.2546566324774,-3.72807531709271,7.57469786478801,0.0270112683081594,0.0169585792659585
33.5767686952334,31.4075393830299,-2.3244802825683,7.03859974364716,0.495156685753704,0.541001408958772
27.1131334204897,31.3606476690969,-2.71792546457671,2.33009103337566,0.665722553005499,2.77248603948362
31.8280007243834,29.9846015873509,-2.2861762819402,6.68627482333272,0.0915624604819421,0.116830461911568
29.5550733769366,31.0286623550202,-0.618405019474713,4.6657045517878,0.540130139401019,0.966894052864566
31.4092093999856,31.4274058270305,-0.755696695408698,6.48826669030421,0.404057659057101,1.56623751039489
30.7421966654063,29.787867910787,-2.2701881947986,6.38537733316979,0.493870912301564,0.46745510002736
34.4973104859978,30.8063226127218,-3.36718265595719,7.48995965317911,0.133696813911372,0.129279253911994
34.4406875231024,31.3024540055427,-3.25396923527896,7.27479381132257,0.0815062453594852,0.0254513617999881
34.5093547076716,31.7579676943054,-3.5843709372845,7.31831970856104,0.0919091797915897,0.0106815364584772
34.5630286743461,31.4994059820804,-3.55366150342876,7.3830252897388,0.0729216018655062,0.0153196641354152
34.6849774520453,31.5311923026552,-3.60896072462563,7.4809849081556,0.0494424027196451,0.0454556338672622
34.9419102188703,31.7547689384929,-3.63687466318347,7.99260989904365,0.0648915797722692,0.146150278983449
34.6719753336045,31.71255266354,-3.67607398955463,7.3643910333873,0.0583545774101687,0.14999268158746
34.5985556550139,31.1086254047465,-3.18353875677643,7.43580461381931,0.101651438809622,0.0108498750840194
34.7616561746195,31.2303752912686,-3.42472180191765,7.63921107803907,0.047229409289927,0.104366718738649
34.9375667571961,30.9124597606434,-3.24620087428615,7.58712067464981,0.0444869448161722,0.0464933857708438
34.7685490227318,30.5533995228353,-3.13723055231707,7.68003110614047,0.0444572540429974,0.0351891568157631
34.930471756954,30.6323209354507,-3.12873008269825,7.86468249091489,0.0346892394312097,0.00411092405420244
34.7163481799399,31.3183435530392,-3.46892394067661,7.58650130659878,0.0573722394794458,0.0381802251312471
33.9288378286235,29.7803706744118,-2.69262460029749,6.91632692978922,0.0365556825899746,0.0804504239568146
34.7057633244492,30.1133182128817,-2.88878719017843,7.71960580270052,0.303869054809056,0.115976060770785
33.4954472772196,29.1889774618083,-2.58870211390859,6.51825769814492,0.095276505422284,0.252247989780108
34.9133660941922,28.8705827509775,-0.290658587143816,11.265633806405,0.102607685883977,0.200659824806689
34.692760673028,28.225220989968,-1.40150875296323,10.0089932766847,0.302285808689257,0.183947565516229
34.8367428251521,28.1786982234341,-0.790101994555437,10.9618034161831,0.254365788134373,0.320484217118707
34.4122617316272,28.1135385341661,-2.2329156764105,8.5515983195151,0.848016150615444,0.596993130687474
33.9931419478652,28.8520036721845,-2.237627706002,7.1395759362478,0.197930435826379,0.548972530875805
34.0550775761992,27.9123198515058,-2.85327789740747,7.5533816013956,1.01187058051435,0.349543639671302
33.8765331949864,28.0820463026134,-3.23731597077828,7.13069103125352,1.19586193545408,0.344706443273854
33.4548249707452,27.7776647017704,-3.30384658744921,6.41930116919511,0.739763479613477,0.374796083258622
31.2104178408232,29.7262377898301,-2.49850072763423,6.37414983901116,0.42227186786759,0.475841162826374
33.3957865677168,28.2708900597765,-3.49559367324985,6.48604939296235,0.922310589096409,0.292744163038794
33.3642316629848,28.8929487426818,-2.8973943030084,6.45001950201261,0.260755435168904,0.301321041196721
32.7763284697112,29.4945055763972,-2.65483974008582,6.60003662487302,0.200215027156306,0.156798739480777
25.3156230765736,31.0726190693011,-4.94016838675239,2.9170312270971,1.189660288774,3.80675721794022
23.7742082745054,35.2448992078,-16.8718046797606,-25.1082831198432,0.0867033724816146,0.306601927438153
23.5683978231372,35.5296635205363,-17.2756207801648,-25.6771050795646,0.384409508266558,0.296328385527426
23.8866311659712,35.3212233926861,-16.7630243824073,-25.5967001606029,0.058762593551745,0.532653698677824
24.0918224856826,35.4940327281562,-16.7257775304407,-26.3874697991104,0.205428351608783,0.563431083465585
23.8397362117507,35.4434895122548,-16.9246497231199,-25.8726878950962,0.0825979766669751,0.3428922501876
23.66523711751,35.3106519273144,-17.0893444175393,-25.1484967174222,0.26848108069286,0.00701972291953758
24.2136114418249,34.9083924807037,-16.8633998361094,-26.0715708072777,0.0442381891501551,0.872794207206351
24.9199888035917,35.0651872129122,-17.0541227062668,-26.8809683054647,0.106112243267802,0.390155991462713
25.1103692508842,35.1136324854783,-17.1304016845465,-27.022874949482,0.195286232005517,0.297439706385057
24.7844322656157,35.4111246638144,-16.9844169550199,-27.2261390855396,0.146928617106713,0.301867009658278
25.1460557287504,35.3301426683071,-17.1031875709399,-27.3841653489383,0.125643199160483,0.127636009787464
24.5009466927728,35.4248538393331,-16.8087659172123,-26.9895061869631,0.285603380844288,0.491534483970341
23.1977755004971,36.3352554648519,-17.9734223567746,-26.5613995916651,0.114275083199047,0.157967703090394
24.4784696446025,36.6473795568594,-17.2036586230982,-27.0475304570078,0.371433095363312,0.770685884484054
24.424899014199,37.2810785260967,-17.6419518266883,-26.8092999863035,0.599787351243449,0.731668559064166
24.8857840111133,37.0672399189939,-17.1703190946045,-27.0183172243869,0.548379961219236,0.724877659288682
22.8468401599156,37.0623114622778,-18.8757915065935,-27.0179705404678,0.261123401864046,0.480091394262019
23.3754085774929,37.3076085687886,-17.8540579413392,-27.0230890612063,0.150392687923656,0.255120676253248
22.9150987931178,36.8284009718504,-18.7589816325085,-27.1529504983612,0.187452077411267,0.0644190240634519
22.5111422953062,36.7463468002876,-19.1981870080302,-26.8103957378535,0.189977833651589,0.0231698187166046
22.8776228605716,37.1872695476575,-18.7326869958372,-27.0522264887359,0.200993773103142,0.518356627427609
23.2067740804105,37.3731931470209,-17.7546480067443,-27.1084668151118,0.0690996839474455,0.197410706781214
23.0238691487408,36.6885737861923,-18.5766626017381,-27.041433915922,0.0573704942011488,0.120747922696961
23.4054931695881,35.7975924420844,-17.4402042009626,-25.9480319689,0.340629438209211,0.438343442483242
22.449278608852,36.6217491245339,-19.3179391117798,-26.6007843187258,0.242802956517931,0.281250560599347
22.5703900842026,36.4000957623763,-18.9823102954045,-26.1642433149358,0.520400104446146,0.342420048567406
22.5739004021706,36.5332752640846,-19.2256855434237,-26.6116219562403,0.545562144935417,0.385892053136172
22.9530139764499,36.4095679213043,-18.4220478741865,-26.5027822054907,0.196896954649159,0.147567685929944
22.4080461762087,37.0373498704534,-19.7661281459601,-26.9364073407094,0.366668213614828,0.422332136507441
22.728514946972,37.2948269467924,-18.9046867187498,-27.0418050191324,0.200741477381743,0.681816929108253
22.5498380510199,38.0407219438799,-15.8284055858259,-25.6092837911093,0.367382824170385,1.40500929153917
23.0203143749737,37.8164695528582,-16.7449100506252,-27.0389269293892,0.10536973446576,0.299970791588834
22.9141664077321,37.8278131239754,-16.8501347160151,-27.1576282164378,0.179888464446692,0.24820389154547
22.7528300706805,37.864852627486,-16.796583269787,-26.9282785037757,0.110399870128727,0.338143037144751
22.8541045362049,37.8888510474896,-16.6483756373339,-26.8296872139267,0.0943864392790981,0.224435428678294
23.1784638911477,37.8979983043053,-16.3766189543755,-26.3652547565741,0.329093473102235,0.343624586886576
23.0621110412664,37.3386001364958,-18.0554877738994,-27.1650640935446,0.0877930350407415,0.263163599845722
22.3172794468847,38.118027004662,-15.4377774366422,-23.409122064654,0.960479735462306,0.654662558054642
22.9406471390872,38.2253869520158,-15.918843829947,-23.6740522299404,0.3537700422661,0.110678369630604
22.4257694822139,38.0286087750829,-15.781155252821,-25.3513873888323,0.659180775931795,1.34183667891708
22.4756008487588,37.9094444918506,-16.7113984526468,-26.4233127608234,0.325255566456817,1.11477532020949
22.5153210946134,38.1101905194963,-15.4910066051011,-24.4728211985005,0.485311343532067,1.23538610385577
22.4946801549922,37.9909908459131,-16.1019726554968,-26.0122945182655,0.413760401672604,1.42760359290785
22.2316421273727,38.3266420532591,-14.5610438061613,-18.5453799247766,0.397282106813225,0.748845922427125
22.152262287497,38.1720683704734,-17.4281896806048,-22.3475382319723,1.22554442868383,0.290085302284622
22.3928392909149,38.142300770902,-15.1980774051109,-23.3507971950235,0.929046572905192,0.832650159745309
22.7165306962097,38.2831094898617,-15.5028452007616,-21.6780284255209,0.50116294400555,0.461995995931239
22.6251337614112,38.3413879951732,-14.9355606780068,-20.1774223697652,0.36575311785645,0.72179426289206
22.297284094335,38.3560861519798,-14.462299109791,-18.0635427568286,0.142271516897307,0.950775540077708
22.5927574475795,38.4999894216808,-12.9023282619827,-17.4261435272,0.0764651819944811,1.20502082831473
22.4486462614701,38.3650910684683,-14.5051016607877,-18.7756640765153,0.0824330735958969,0.766511882425357
22.88260457105,38.4056518188075,-14.312298283057,-21.110599502625,0.041147725735472,0.383822623014153
22.7976466149998,38.3154756847129,-15.3383749932795,-21.6194928987839,0.485584870496593,0.567371356316457
23.012753196076,38.0434153350412,-16.139104859067,-25.6995904188323,0.342870404901553,0.385219598340185
23.1261761624259,38.1625048746278,-15.9403770714977,-24.884212016995,0.212300029868618,0.526076090058397
23.5236872682806,38.0808102816583,-16.0774275306628,-25.2070015312091,0.386023358894459,0.150917794300164
23.2645998544166,38.4070122527145,-14.5104738589559,-23.2665061845175,0.176002768190628,0.416485448386858
23.3788250549587,38.2827612678793,-15.4292515929533,-24.2409088164822,0.188020725555236,0.118700702193993
23.9868043805131,38.5566391417701,-14.364369320941,-24.6804504648884,0.0550410751439703,0.304358844629476
24.0596589994727,38.3176320632081,-15.6066960361838,-25.7309980354519,0.0149070906786239,0.0970684398134875
24.0040001566596,38.0915136389261,-16.3820978649918,-26.0098971481275,0.0884162446849715,0.244602922624672
23.7597333757531,38.2275920513552,-15.8731028555206,-25.1340888135251,0.0393818533724521,0.219915300862422
23.7944494674057,38.0870290968621,-16.264518985116,-25.5201736112475,0.0878714088484261,0.312875703592352
24.3755256573408,38.050164376309,-16.6152477556986,-26.5450809240632,0.272573744196274,0.0966747821586441
24.7334341802326,37.9760513419262,-16.7828864486047,-26.2341867392413,0.294379846842632,0.140844794990564
25.1033367265269,37.307246983534,-17.1038560142046,-26.8499947141621,0.468341910313586,0.507565825369835
23.1059343724153,38.0706293029745,-16.0506257170928,-25.5036230330997,0.473448954085389,0.44720452928613
23.704514280039,37.9729358294728,-16.358309013767,-25.6141232707473,0.288585444439243,0.337395623657126
23.3639697399916,37.5222309101655,-17.1022651325114,-26.7577840093374,0.125171234550992,0.27701465560446
23.5155927220823,37.6621553007541,-16.7133906898154,-26.1678059264882,0.301585545529364,0.581487154789251
23.8596107110569,37.8074896181683,-16.8143048809525,-26.165444984642,0.0990297002114352,0.400761026868343
23.976769315982,37.7333124357072,-17.1096129915934,-26.4383484546322,0.148046404901464,0.40566289531492
26.5428366422914,37.7609385729837,-19.0441914346664,-23.6841786518846,0.254665190857705,0.26658685580879
27.7848786394245,37.8309570647279,-21.5828706328721,-19.2763222331674,0.206520856092604,0.371420312826383
26.9099749825011,38.0415066245411,-20.2566157362898,-20.1643340581988,0.0202357372145983,0.483691879664541
27.1001208360715,38.459006839793,-21.9421929602013,-16.1516733413313,0.0601862664773063,0.34212591144939
26.5550418455486,38.2279186459633,-19.5745449268039,-20.8331972319084,0.348505847961487,0.0466825035063874
26.0906795716158,38.38062583479,-18.7273684207864,-21.2038643013033,0.125428756171427,0.137880313603715
27.0300676956355,38.2976880382677,-21.3750935223154,-17.4107800819408,0.218365644286734,0.706198556722505
26.7880679546077,38.1788536116692,-20.0864825967749,-19.7728857666696,0.262816533636877,0.426533847145443
27.0773492384809,38.0500966681936,-20.8582990804472,-19.5742588415788,0.25471045330596,0.242865283558801
26.5868127054504,38.1239780911242,-19.3577240155145,-21.2653396509103,0.411956999001383,0.195212799040998
26.7459064206303,38.4478002383541,-21.1446637325823,-18.4891788271506,0.149488911164516,0.248918232951563
26.7553206861434,38.2602672821416,-20.3427813675796,-19.4834754079184,0.11780082162887,0.259720721498047
26.4349155727773,38.301830591481,-19.5543032425991,-20.8282371174225,0.168595845972159,0.111406227415669
26.5081383584265,38.4169284619233,-20.2525011943944,-19.8709186080803,0.0723479999195931,0.319897619869624
26.6477054153371,38.3954016860781,-20.6449360940996,-19.4511141012333,0.0962867208784106,0.309484197152198
27.1597884786449,38.1798639560312,-21.5165027179478,-18.1691917389632,0.512860833834727,0.288951205720573
27.1085796646372,38.3114395461893,-21.5684101628225,-17.1106301193313,0.132508992321349,0.517066282117656
27.1535225206955,38.5535943079755,-22.2207938134975,-15.3429579089851,0.0335604512881915,0.232348541259856
28.2745987900289,39.20053730673,-23.2740416625063,-8.02373071639793,0.279566197548647,0.344590560326113
27.0620888523451,38.1758159143374,-21.1683198600181,-18.313441137616,0.344560280593211,0.623776350231275
27.0103110265924,38.2284971961208,-21.135489530548,-17.9786260537928,0.263328082628669,0.80934165778941
27.1569909637651,38.3859944492904,-21.8379199688117,-16.4893515414216,0.0263223221491327,0.300445764666639
27.5040942039967,38.2285225983146,-22.2043559838455,-16.8736116216427,0.167480356756847,0.0307519809433516
27.9735068823672,38.2869397443756,-22.9766704621148,-13.4591236578532,0.183937702322358,0.598007878325927
28.1351388871429,38.1460191821664,-22.8801951255236,-14.3295445683923,0.274021237065862,0.357546013870924
27.3686441544335,38.4266580762122,-22.3910692875191,-15.6334826706021,0.057053178001365,0.0755458903091214
27.6104526953479,38.4258269113078,-22.9887051073616,-14.7526367522726,0.0371322034062419,0.0318792638071469
28.0180614591299,38.4787041780154,-23.696317982283,-12.1372928583197,0.158199252952004,0.394349391028882
29.4433786728617,38.0606653979955,-22.127569153441,-8.99611728131889,0.126132436777112,0.794029495470318
29.3277102243413,38.6505448975762,-23.7110170740441,-7.82651298818445,0.233723245076273,0.11056397212191
30.3075811544753,38.7181660095187,-22.5739548193365,-5.25673325067272,0.0433422953583591,0.075393097226242
28.5797944669231,38.379407985138,-23.8183224769361,-11.7046604223342,0.0640534270910951,0.296898275748734
29.0824368196878,38.4373497638801,-23.7344906798415,-9.33188278617021,0.200389867401816,0.223456829057777
29.5496985896188,38.3735034083607,-22.7765750700791,-7.9492662668881,0.0916672009201735,0.368285109662921
27.8982831813982,38.0066950187831,-22.1607577019582,-16.4793735665089,0.117294692659666,0.861287456857085
28.0034143689145,38.1859537955494,-22.7840974029977,-14.1331015118373,0.10525184190756,0.744311156749921
28.8451944467101,38.2637715494164,-23.6534312699747,-11.2629455734857,0.0992274833984055,0.174690853432944
28.7060746170171,37.8194519642374,-22.5997950900105,-14.4717301467374,0.0324620681366603,0.494095802361016
27.5205325620031,37.4454676688521,-20.2515350919712,-23.7110948685682,0.181245223080025,0.12332221266261
28.1689740567953,37.2678975303332,-20.0571115085144,-21.1713415493146,0.171245075911613,0.291276829094083
27.6521929471815,37.7475188695321,-21.2615911603803,-21.0093205844938,0.104925484144752,0.377895193428005
28.3091151295271,37.9817439558748,-23.1418613318162,-15.762306275447,0.0367247101440242,0.436701929847306
28.145985618477,38.0379772053088,-22.7994735178211,-15.7204385756527,0.261395653051968,0.0483924558351205
28.1069002718041,37.864655159504,-22.5529662753961,-17.9132677008145,0.0116020562229952,0.435769834127702
28.887234068284,37.7196628054286,-22.0203880370134,-13.4893131085913,0.0871891953414679,0.112084877487944
29.0557666494176,37.769744704945,-21.8963172419083,-11.9255671822117,0.177091867510932,0.446469009339294
30.1320343437682,37.9438774219554,-20.6209955435635,-7.68886196685087,0.058759927773336,0.148371504362853
29.928272695059,37.4930467795366,-19.2953142604196,-9.18927773912744,0.119752700103469,0.162128378149599
30.0781038923394,37.6205408450553,-19.5218015178917,-8.66708449122063,0.0621847624235743,0.378728449081281
30.2504235403929,37.0058558207225,-15.7547690122675,-7.74327819400184,0.0761540216449087,0.360043160761973
30.5303961515037,37.3158214057479,-17.1242977452875,-6.97276690653811,0.0132139921249017,0.322459244156486
29.6289783270574,36.7983468371648,-15.5488020545809,-10.3554475301081,0.0642963374298879,0.118275318357135
30.3507646633023,36.35770431356,-10.8497850091256,-6.25108437804667,0.562418329356809,0.0774969072177428
29.5749689375821,36.4892196883499,-12.8653413330958,-10.4087006971956,0.0410933362799731,0.243084171694623
29.0876634828507,36.4180681096548,-13.0877575197173,-14.9408546312372,0.294462052738248,0.57171285946989
28.1724887315431,37.5433617857953,-21.7971195958431,-19.9897228074131,0.366923284917562,0.393018524047708
28.493580329016,37.0467388761903,-18.6998042831927,-19.1726081416257,0.416749726032523,0.413328004295566
28.6364208617283,37.1996773200906,-19.5043504580802,-17.3889177998948,0.0666352600534157,0.219874624466229
28.9955696055265,37.4474589659417,-20.5381037662294,-13.6289156608344,0.331116737246215,0.176264167776303
29.6124619633558,37.7073616015138,-20.7618759927611,-9.48112826650326,0.0710710528938819,0.534871894282392
29.8789444209748,37.1912591018838,-18.1176701824311,-9.47332597820603,0.197604523160428,0.202495243682213
29.5648618354567,37.087681672039,-18.1365714054946,-10.8656670805651,0.253014826195291,0.0323408882241057
27.8858614564445,37.6406659629921,-21.7614840471651,-20.8891551209756,0.164563585465029,0.0700012681707368
27.7204571583533,37.6357865460072,-21.252363189571,-21.6282826104222,0.0969007668063162,0.0844931989402715
25.0014856672526,37.5717048092781,-17.124877409225,-26.5145847365654,0.414322440542152,0.300759826587617
26.2535000998583,37.5066455121868,-17.8366552050028,-25.8323042831906,0.295030120632949,0.119139200570559
27.1726401245726,37.5255650415045,-19.9476652057559,-23.4459884975165,0.353899655078266,0.49389702668138
27.385688366884,37.1276749411825,-17.5375054615698,-25.9944485065975,0.579925797567369,0.16809080624121
26.3112286239464,36.3814646830248,-14.8043578167786,-29.3380625540374,0.462911301797538,0.147387655371348
26.9417581667495,37.0567266874256,-16.4006010919342,-27.2078707213147,0.686885984006406,0.11260432783164
27.4412182884036,36.4443410135668,-13.657442582483,-28.7397302495447,1.27129017572712,1.60082176974582
27.2891886260133,36.6994055317626,-14.6035589654312,-28.2454967346878,1.39051865063488,0.685883084527431
28.3835877055017,36.6837473164549,-15.8966886563494,-21.6899846059685,0.67161071389685,0.39483993208064
28.2559542160413,37.0971504888346,-18.8601373339175,-21.0501712374933,0.242868128108824,0.612421890787525
27.7377742180188,36.8509833299484,-15.9796803853886,-26.6408263104807,0.726268532954307,0.850348838038709
27.922271692557,36.6611226960508,-14.8801495275664,-26.1343143956139,0.576934246722055,1.16339128850545
27.9445017678725,35.9355467886455,-11.2338164131593,-25.5120803672001,0.898807897584986,2.45859071091516
25.8493624423353,35.1908700765184,-16.6876998767154,-28.1066315004082,0.46912681864199,0.189528968754222
25.7223355811165,35.0880778565116,-16.7571945604805,-27.6416022048518,0.410237004441429,0.280479725540405
25.7910325193975,34.9479611860167,-16.1284944176342,-26.9472718181136,0.345760878530735,0.449909671523063
26.1637513437104,35.3945838674064,-15.7689130300994,-28.9093532803469,0.27709924883656,0.321539234867504
26.8997382885636,35.46794696696,-13.4824450319309,-28.8390970483035,0.045021311762853,1.87441820696215
27.0333404828951,35.6779398457478,-13.295727827029,-29.0639467855011,0.270748561054751,1.83943011681187
28.0413788035781,36.2382285811691,-12.3794146692496,-25.5470342223161,0.770962623450834,2.14017284657447
29.3229679191893,36.5582781520183,-13.9367640870868,-12.7358040914117,0.150138502740502,0.256274297820024
29.9253219868344,36.3067139517397,-10.7985514896224,-7.7720444533466,0.461162143325005,0.475747614102266
30.0050499707199,36.6230389994285,-13.1416510972408,-7.86592924003767,0.268927609087528,0.23411641195642
30.5390841292919,36.4474249175698,-11.4265100783818,-5.92856634995364,0.435234235243372,0.241962621010204
29.524460719949,36.0924035786361,-9.97179297637422,-10.5269578841678,0.361988604418924,0.136804883536447
32.5356800322013,34.5802294265278,-5.27099234456887,2.76347139205813,0.393154592741691,0.378062474510399
32.3933552349081,35.1650816786958,-6.6619261799774,1.35238235397082,0.0446229865886276,0.19975978094551
32.9439554921949,34.7397315284267,-5.63572399826738,3.04914715696738,0.1599891076441,0.0540899146401271
32.9805783609338,35.267488610708,-7.05557838164065,2.20018638984118,0.0515223911395294,0.0925379690102595
31.9768090012923,36.4782416282389,-12.1807298939368,-1.96052916828764,0.271304620424911,0.488372059451641
32.9515963819688,35.0531098794557,-6.3476410739738,2.38599271918096,0.0373363063800485,0.200079918820591
31.610246850714,36.8151129264087,-13.3626828511987,-3.27758447447882,0.0804880024722298,0.388913323735056
32.2141175928479,36.4025170717792,-12.0832518724833,-1.02548068725563,0.410611115656274,0.260921907625451
32.4095219231193,36.7424522853078,-13.1477049805286,-0.26524630481683,0.0803389631951115,0.0125103981750959
32.8058516141723,35.9951321986732,-10.0029600563608,1.31712600090301,0.261775945633443,0.109150852864347
32.3291565454284,36.2123823923113,-11.1830138999046,-0.454644647410792,0.227683750441998,0.113303452274166
32.9653004251072,36.2432202984892,-11.5536477867005,1.54798272756203,0.121724239394293,0.0853949236372282
33.1104133598791,36.129392883088,-10.7739694042434,2.09253627684298,0.26727821943569,0.0664660657256602
33.241801547576,36.3431339105665,-12.1975280455322,2.32971935594039,0.381163368767494,0.0987993546940299
33.8737860934845,36.4444923967155,-11.8368888550473,3.3349608206074,0.286945023856035,0.0839410714391699
33.6290618994493,36.6169010383471,-12.7444509353369,2.81886970025316,0.0606278461156657,0.182807696504648
33.7703726041037,36.3059538814594,-11.2951897491888,3.22322102363798,0.377038686975183,0.0423439480594611
33.786984662972,35.1784889590485,-6.97760091467498,4.45407235250158,0.0531420503522318,0.130366943375859
33.9560437405814,35.2582730367691,-7.24260123865785,4.70709936343513,0.107954996218009,0.0525697323819547
33.7773710682135,35.3440825890439,-7.80345476272439,4.1400964131808,0.172252451992098,0.0267127943756284
33.9033998456914,35.0923603026431,-6.61446526913653,4.84779914305888,0.0194724512341947,0.0948106577996788
33.1540496411703,35.1644299990629,-6.74232939593773,2.61509588133749,0.0229029638147037,0.106865429135951
33.3841643372082,35.0946984014585,-6.54085040119565,3.32991226057195,0.0394565255145156,0.0436449177881145
33.6581325997248,35.1652415220686,-6.96703652202468,4.09416488496523,0.0559046608663702,0.0883842601003905
33.3725764241901,35.1899000996958,-6.98917257638142,3.24631461245123,0.0726153697644598,0.0795808362981123
33.518929976215,35.0101161156689,-6.20047913727382,3.8273664218265,0.144622484340083,0.0481853106104619
34.0173047926481,35.3726147056133,-7.72970641698643,4.56309052872672,0.0850559633045832,0.114444725310647
34.3983433180609,35.5079837100309,-7.93149514223177,5.19390023190406,0.191560491273943,0.472645090243086
35.6895892952376,35.4853786898556,-6.32639279497301,10.1686534392992,0.334412445999943,0.455959597086941
36.3523407963283,35.0706883155684,-5.01155871805609,11.8326942143813,0.0400723462273236,0.067420771854897
35.8303479785666,34.3579604194672,-5.45359320439628,10.2949046953718,0.513485900230662,0.0399105964476114
36.0920697697435,34.2305791191584,-5.04371883270676,11.1893606443167,0.202323386496161,0.0674877231776093
36.525646250873,34.9248235225792,-4.73920491096606,12.3122293013187,0.133120200037128,0.0917501483826407
36.2665629188996,34.9551495673316,-4.99150507204132,11.6473128869212,0.0169772522323532,0.0328330393334192
36.3523124412438,34.3576028373111,-4.65242972821717,11.9442333421288,0.0862888375929344,0.0470796873570748
36.5875965681938,34.6888749992372,-4.56065849535635,12.4945575012397,0.161174815230429,0.15378894268111
37.7194973561896,34.565269823438,-3.79609891550119,14.1786518035809,0.24078378292176,0.655082452376056
38.6917396973074,35.5685056180069,-4.7975919250614,14.4166369577672,0.228244626610143,0.446511506801634
36.160667217429,35.2154274781269,-5.3488846988331,11.4167274263244,0.0595568381384046,0.0534674347233934
36.319273765447,35.1982499949924,-5.17493422322709,11.7395674458094,0.0207832211805617,0.0623677798012267
36.5170230630608,35.3872546953797,-5.2487182781245,12.1540077900069,0.0302129685606264,0.0479527465087086
36.5698747376547,36.2250305069885,-5.660996794669,11.5485373661022,0.87835320643487,0.58256727223885
36.4215194800003,36.0488718345041,-5.26365844833351,11.2186753713524,1.05221046934674,0.730776152577057
36.3267048465056,35.9622390947832,-5.48669225979685,11.2223613634762,0.693863676407065,0.446499081409763
36.7059887082964,35.6350030099947,-5.21020811328835,12.2661428703843,0.208621120099123,0.132157002684666
37.0128722222343,36.2559239946662,-5.81242773741241,12.7213453897845,0.423907427629195,0.0205416716963655
38.7964673912628,35.91846640891,-5.398343687755,14.3218290364249,0.265891157222089,0.371762593504276
37.2989863494717,36.8758351050381,-7.5241852566627,12.8346566252179,0.145755945040711,0.430651341922921
37.7412210177142,36.1739543798099,-5.98712930916964,13.3986872484694,0.101222913731689,0.205539434447907
38.7707237212941,36.413599304924,-6.63178683963249,13.9814623216148,0.204134675745861,0.0927855466144183
38.2973859778186,36.8601804516582,-7.80521815812979,13.2264313070818,0.306585746163543,0.342514569620294
36.3016926982789,36.4958917525865,-7.94568003526464,10.5052353728422,0.378318543495792,0.0215874088249131
36.5834317384791,36.529736824018,-7.24688847745638,11.3639457357889,0.332651906986248,0.220269730970858
36.8531171919816,36.2245974563741,-5.65405951004489,12.3632380591582,0.592886542406844,0.222133318392366
36.1527160381776,36.4859920166893,-8.47601756109869,10.0547610962936,0.348355967994764,0.210481044318539
36.3055861446928,36.703181502045,-9.44535525827811,9.863521830208,0.317612767735255,0.185794949319735
36.2037476235733,36.1074643156362,-5.85379084898961,10.9124532498374,0.964034345116992,0.147082965282979
36.072531361843,35.9571859620317,-6.2042117916995,10.9577625675702,0.336292407168273,0.283383162712066
36.281058440078,36.1658555857653,-5.76257857184442,10.9247658979515,1.12331869911958,0.374276879865693
35.8186236471371,35.6246659576089,-6.4035809072731,10.5325696065318,0.311221378154473,0.471553037037623
36.0537934915218,35.6017726769803,-6.0139909479316,11.142610641859,0.251437769247788,0.224907021520244
35.4319440527308,36.7294929997652,-12.898604239254,7.27675483904652,0.694689833255617,0.209044047421768
35.8802377224519,36.3735251397756,-8.78375895604831,9.49685547833884,0.18088520966736,0.455229696458958
35.6948036470839,36.8831879852991,-13.3056657874205,7.70865174940121,0.452476854712073,0.0748251480415623
35.9848612364915,36.8445508839548,-12.3537721781292,8.36812699480904,0.440544898811455,0.0903341495827363
36.375687182017,36.6166259005431,-8.46863468474573,10.42951668503,0.369947664544027,0.0516435126226769
36.2155988519141,36.8800416749001,-11.631103015262,8.69918112965645,0.35149160185516,0.0751831828079803
36.3336608762245,37.0309951835606,-11.7936410472337,8.27579427934277,0.340713320542167,0.36873166021696
36.069242997957,37.2051712553571,-13.0456739644353,7.88122640876032,0.232759287890273,0.171811904217108
36.4232323889343,37.2757784540948,-11.3598537033472,7.88041645751501,0.394734573909039,0.264842198101093
36.5166180433886,37.2270251655815,-10.7401730537921,8.53136085180387,0.623807852534579,0.0919481965971175
36.6085850405584,36.72117083442,-8.09650132675154,11.0462151527684,0.495269905388329,0.0742923193427215
36.4372346987331,36.8515560826695,-9.78080725909144,9.70489013343886,0.453011773184784,0.0370514227898587
36.8994723911822,36.74799033064,-7.55188042757311,12.1621271808741,0.256114551589227,0.162882264221737
37.5043874216227,36.9351372139446,-7.43145725132093,12.9124497421871,0.112307034874215,0.326058443644987
37.8284116745248,37.396119841169,-8.20578461307928,12.543691288523,0.550962694580958,0.0222634511380019
38.9793300713305,36.8551054024539,-8.17829008402327,14.058321049224,0.333959412127028,0.0537752530582679
37.905352532975,36.9898711973167,-7.44305515547787,12.9467622179726,0.0254052337614129,0.183761211449816
38.2722879141415,37.2700469229198,-8.00791469128093,13.5162093414691,0.23524999401498,0.105187581050467
38.553996905016,37.2924609714406,-8.45070013105162,13.9363228280014,0.0666638228783725,0.0460469468856639
38.1762683484593,37.6596816323203,-9.52004052257715,13.1635131215158,0.467493969323423,0.304470427342189
38.8524555531126,37.8701398807381,-9.56329991632806,13.6803477928899,0.448840901431712,0.445551471439289
36.9254649313869,37.1925688664681,-8.90020336001401,11.1037185150688,0.368841865415784,0.500504482661942
36.8701035172591,37.4616287504201,-10.2785358074081,9.72749751362999,0.477477542330953,0.272539007173705
37.5433210999185,37.1295167446806,-7.60413833904745,12.5563851627615,0.21112817774825,0.164479810142403
37.2028731119304,37.5114342452789,-9.63833484105133,10.6293264991387,0.521134962216631,0.052106587545175
37.047393726961,37.4141034969581,-9.36995967611752,10.5118009480497,0.566427308073881,0.155184989100101
36.9082125113013,37.7335957242869,-12.1473889818292,8.86837506279744,0.14751127514607,0.142540251580782
37.1541372213083,37.6884815963277,-11.2183934636428,9.86867338659355,0.228883837868131,0.12075743759877
38.6477302787597,37.6859751784582,-9.16028718897076,14.2347247258525,0.267156227677161,0.69571617596447
39.3849261473786,37.1987529619593,-8.13484384597717,14.1362905416243,0.0734300101331413,0.201495094542368
38.7112092416249,38.3224511030302,-14.6118446587157,11.3896358792046,0.978183178572176,0.124755902655144
39.0940199537706,37.8379653562119,-8.52034988173738,13.3445490671361,0.717604602439096,0.143102666246153
38.3570082845351,38.2445796035045,-14.8605137127251,11.5960875677915,0.537379054163402,0.101744800902582
38.1819901492835,37.9937118368322,-12.584464786799,12.1696561209722,0.0836293108613479,0.101748642442751
38.5235531595363,38.2033614739763,-14.1543625854202,12.0750726839122,0.709612401114044,0.179503360648545
37.6894945741653,38.1200646561911,-14.1334485500363,10.3593735987067,0.158755463446779,0.312629868715276
38.3078736704172,38.405526188749,-15.9559178755466,11.1807446741185,0.608383944531953,0.0177266470109164
38.0296084343889,38.2586976759487,-14.9830010529886,10.9592562942967,0.208241341336607,0.240084610984464
36.3572988898377,38.1860650409575,-14.8450328359952,7.5637102639026,0.443328940600748,0.051623731635339
36.4310462146321,38.5030428379881,-16.0268033706289,7.87696777513081,0.253258982707069,0.344851985333743
37.0183750969678,38.0659039578043,-14.4610304863719,8.71462845338508,0.396778297404387,0.119825664136802
36.1907388882388,38.0474738839068,-14.4360019056096,7.30680695743811,0.572264655957155,0.0948602011835921
36.2299392734377,37.6288663406525,-13.2417954057155,7.30511013124053,0.0194853846138648,0.184401728130321
36.7797612979659,37.6040738333247,-11.4827171880271,8.83090584070241,0.337863745118469,0.10481598674584
36.5654064677448,38.1467833244131,-14.8362956375186,7.93210428872506,0.0717674785274802,0.159782652330758
35.1204132205901,37.8947597674488,-15.8255159572355,6.81467074046682,0.0661765427167107,0.295368434200953
34.7652577371054,37.320812720338,-14.5554807281403,5.76744049035969,0.0660329227645217,0.0778826251019757
35.9061553234504,37.734186536696,-14.358277832352,7.50051550559799,0.165119501226257,0.310124520131838
35.4489015518679,37.6935286052221,-15.1353929231796,7.23810205994995,0.368335299037788,0.155402007531558
35.6387545392584,38.3973300823553,-16.5100901787147,6.68479229917818,0.186829006814298,0.230534593857404
35.3049414263019,38.0622172328925,-16.3190656518319,6.89402157689188,0.385744813345696,0.107361332062117
35.5659918336239,37.837598406905,-15.2290382789979,7.3849954512118,0.196880962623401,0.290511920815921
35.7336011300689,38.2678584723648,-15.9907340248196,7.01911836462987,0.0899024304945562,0.0411420831964191
34.6396777454246,38.1207942618454,-17.0883546814883,5.2651422772236,0.124361863047647,0.204543344695849
34.9842743507875,38.3076081195736,-17.4485036070902,6.32219187494754,0.0398508873673169,0.364174732418505
33.0258898969738,39.4506479220979,-22.5243611668685,1.59054030363643,0.148269443664072,0.242951799920745
32.7602028487801,38.1457677573739,-19.1033244619436,0.882016933033117,0.0138580669199719,0.0841771629132974
33.8487611305669,38.9721885497107,-20.8446603004761,3.66444229548724,0.168780715457714,0.21650546186367
34.1115076901009,38.5767271726386,-19.295964481887,4.25950139876846,0.323036018449999,0.289393550143854
33.7525481395057,38.3127914544465,-19.1858331952316,3.61576439135684,0.074317032834884,0.0925558126250928
32.7207477059888,37.9290054063051,-18.1178520790318,0.439522936083596,0.052237950708967,0.194483136074182
34.0785041080748,37.8799935130868,-17.0452117029041,4.41264799456089,0.0739644780619529,0.0780063578668832
34.128389322686,38.2410656673481,-18.5765760816048,4.06149193604446,0.154051601373652,0.187529254705313
34.3637325252497,37.7430865782108,-15.8970015810037,5.17400346391264,0.10865847807808,0.17420103189893
34.5872536841901,37.9330558383849,-16.2043434841811,5.24265750081835,0.317527841620613,0.238122584492282
34.4986761432191,38.2212414054708,-17.8606193383344,4.74503335163203,0.0565837820820361,0.324177753861632
34.3285708495496,37.0001054142722,-13.6208697307876,4.63269814555013,0.289202391586637,0.0733821418459544
34.5499306322605,37.0339939220721,-13.8544283056412,4.97849694763686,0.128101280285277,0.0565101949273719
34.822294322894,37.524346053805,-14.9028684850722,6.02617662782829,0.149459324443389,0.099019152989563
33.8808391042205,36.9647466237151,-13.642342525233,3.90364079517433,0.068675706989073,0.329816263711555
34.1192799689028,36.6076957098581,-12.4154491485561,3.89902480668289,0.249611295115698,0.0532540314953746
32.484933151875,37.2438840497372,-14.9766801107254,0.0634441158399123,0.0458619897029388,0.298150329908778
33.0427213546465,37.1368184896615,-14.1109847319355,1.59733693456471,0.278306195933021,0.0305587296122704
33.1427603198334,36.8548663643144,-13.5638628165017,1.84597252924717,0.128310313440874,0.0458040216766791
33.1916296886165,37.0085854649667,-13.8400446903885,2.00832370687241,0.0234559061783612,0.00365683694935456
33.1505358677137,37.2936330213893,-14.5847084707626,2.0394534560194,0.434239636841465,0.209284100474361
33.688441339844,37.8342803206464,-17.3065626438726,3.74530589917998,0.0736544560089264,0.3554399838833
33.2573158631239,37.7625034708116,-17.2383730796963,2.22117708143129,0.111716282003916,0.124941364972704
30.7366222654284,37.364592050328,-16.918531026887,-5.99794959459468,0.163369529842469,0.0529474774452045
30.8734598425626,37.246606261911,-16.100708828938,-5.43777201560681,0.0693080960310588,0.136853562420219
32.0384032502684,37.6285001727601,-16.9128161405624,-1.82843497532585,0.102310444469978,0.100952787525999
31.0136502706736,37.6082341466979,-17.6962453668706,-4.92302062468611,0.2981082017518,0.123636594688382
31.0736290326956,37.2218281791866,-15.8335144948019,-4.88948013932456,0.104830971447065,0.0485932647417859
32.1964461490399,36.9960567122335,-13.8063070624231,-1.02324306602513,0.442664772700089,0.0923793689960908
30.9381051111319,36.9815481894972,-14.8088593470414,-5.32860119720839,0.507681225224108,0.245217495729018
31.1685552954737,36.7783599290724,-13.4449199975231,-4.59058837712338,0.230046596916888,0.340467852388018
30.9643588370043,37.7860792694374,-18.7178820161415,-5.01071241851161,0.0999126701649991,0.013920537065395
30.3117201943157,37.5595097963031,-18.8332012676037,-7.93544452512908,0.0117499219258651,0.505480484500466
30.6448447351217,37.8852637170105,-19.7272948006381,-6.06187691466755,0.138092177080167,0.176326688473448
30.6671349737367,38.055955216302,-20.3595353376442,-5.58371950891751,0.187417569738788,0.0393052559819399
31.7070466538989,37.8431612203974,-17.9058721700268,-3.09448920076867,0.557571578689613,0.245033872327132
31.9899659515882,38.0815893119862,-18.8835655012479,-2.08617192591825,0.376915896224907,0.0777577987796447
32.4138462715584,37.9562405366991,-18.0391544235243,-0.540844466764282,0.372935076502068,0.128519317549349
31.9378996433984,38.3963035611471,-20.6378347740293,-2.28617239332339,0.120485492997254,0.314091790267754
31.3916268969409,38.1255872732791,-19.6962591629326,-3.96400838698181,0.124010329105559,0.631104768725136
31.5320401676771,38.3936607225819,-20.7031122980227,-3.46295335745904,0.0617590247293594,0.771565401466523
32.8756854478987,39.0835588106184,-22.1258623703693,1.80723961454572,0.118346509571982,0.474791564129266
31.3000132784957,39.5247807462859,-23.6149096657997,-2.52593481455301,0.20926563711008,0.0654793133866609
32.5934665051853,38.2251264765333,-19.4077560221724,0.25991763235938,0.108647208637282,0.0889607311285099
30.9105949484168,38.279979418206,-20.6904118856833,-4.37352667013588,0.0493801268628021,0.11369598816825
30.999449622161,38.6151901680268,-21.0604408427943,-3.47990856343361,0.913496739234073,0.199014940686873
31.1671067023142,39.0640291517806,-23.0404423147115,-2.4258620646011,0.0606649550485891,0.340194441994957
31.5626597906702,39.5048987542442,-23.4357664344377,-2.46019948602417,0.452619286954935,0.387590587108166
31.6608580151118,38.7634525757859,-21.8632014796311,-2.50031159877567,0.38018762365309,0.315836272325419
32.3550968045292,39.103669345986,-22.7579709271545,-0.688049541465058,0.00920557713577958,0.229861805039404
31.5417104810986,39.1736055399526,-23.0943496613909,-2.17203853806304,0.119215401788684,0.0398571937185835
31.7603848152507,38.9120977886631,-22.3468918630719,-2.24041080890797,0.276442145796242,0.264107920638926
29.9399343082938,39.1773346622454,-23.2125757093891,-4.84651487264484,0.110823997368839,0.186492101014076
30.6107574556738,39.125488455534,-23.3106659333359,-3.9519894980667,0.123996687866155,0.0478428759847818
30.5018553034122,40.0961464786816,-23.4966729834317,-2.89806731107876,0.18317417748779,0.159146683788286
29.9328238251611,39.3482751001277,-22.9803088597146,-4.35643903506808,0.335590824516487,0.318469345943058
30.3612912842407,39.3541368373713,-23.3456022530767,-4.01758619065327,0.0451864516229915,0.128297358815258
29.9209102579911,40.4290376266146,-20.7596050918423,-2.28116518281548,0.277415982873561,0.148628073534755
30.3826955188437,39.9542484741678,-23.3906214641817,-3.29325851027167,0.0488641981197046,0.18236215629641
31.3758003300562,40.1996020729861,-23.1139357432534,-1.86369772647259,0.127231760780825,0.508119332296363
31.7768366142114,40.1860118998016,-23.6630671743141,-1.1932338754438,0.113928788038648,0.155044066891085
31.5391897350682,40.1060162441502,-23.8324720116893,-1.52991175092622,0.0698703349154609,0.0606205649435577
32.3374441442776,39.9837397012687,-24.2580921681958,-1.40911525999042,0.021865678696908,0.275664902926397
32.061841380048,39.7779691708677,-24.5832300734915,-1.18478013344574,0.278127222513962,0.236315903758356
32.3849900779795,39.4767376405901,-23.6524263290209,-0.513875189529428,0.0880757678879508,0.0109519178400857
32.4626053894996,39.6602839745158,-23.9692874266544,-0.634525065529925,0.100543066182273,0.215329695369255
33.5203399890684,39.5410668974525,-21.6642995715728,2.5697374908286,0.293687984212574,0.177151294007654
33.5165283433347,39.7156333594149,-21.3833589865584,2.21245327127632,0.929402382429722,0.135085338685161
33.7708080726371,39.405548669966,-21.5900442207128,3.04598375583451,0.298398184796606,0.0466139123682332
32.6755580885682,39.766668120486,-23.6395917870772,-0.37487574758201,0.117347750808326,0.342826017519532
33.6023885080887,40.1688729899118,-21.7192294613056,1.10704623445425,0.298093885732843,0.0806517511054753
33.7789536062605,40.5850491254039,-19.4233184069434,0.507251746304185,0.366532847210716,0.0777632796202061
34.0900305565586,40.2006890288343,-20.8395357482138,2.49217546241218,0.217474970828842,0.404803925062339
34.3131782467723,39.9611666182643,-20.4789717967667,3.67590304383524,0.540118440196115,0.559481092205159
34.7217199911057,39.955232052815,-20.4620225944781,4.29631480507452,0.09092592388866,0.0341267660565793
34.4644335934368,39.5005208954174,-20.6058865919723,4.08212725527909,0.133568319839603,0.137309338682897
35.0512330074325,39.6880254833483,-20.3899620568765,4.85171776728378,0.208501847087513,0.084400292882048
33.6998493229221,39.1591199164809,-21.4951938092949,3.2627226328054,0.372574252086397,0.115522962256367
34.2979603101876,39.1664129285672,-20.4254554224684,4.19498671658083,0.0996618450408747,0.0681740772966984
34.2485612217179,39.3726180142906,-20.7446171663404,3.84714792418016,0.0166743484083354,0.0796824197145048
34.5798543114292,39.1228708091692,-19.945048599888,4.8280195110471,0.181696399523344,0.149916140122158
34.5018025057547,38.749610618393,-19.4854506314966,4.91031217809678,0.0443485075470343,0.169302024552406
32.4631345129879,38.9194439009788,-22.296997727036,-0.308551801870106,0.142551957486665,0.28967021745666
32.7851783181575,38.7770931095875,-21.6391776547561,1.59165226821898,0.139997191010786,0.396347239056852
33.0695788062611,38.9986121047498,-21.5570955814192,2.15313744833477,0.336652741551449,0.136358735493267
33.4166295151229,39.1516074264047,-21.7411656469558,2.6435607929409,0.246250720449723,0.189520794705507
32.5162105389856,38.5380185016511,-20.8959432713411,-0.111760546751334,0.0695617886121007,0.228413766877815
33.08002383219,38.4022818047284,-20.0419130799759,2.09186691721624,0.102370471921236,0.0982461609170336
32.9973191380693,38.8199671614212,-21.5401994660762,2.30067432650396,0.126580935384036,0.286238701614316
32.9795203365815,38.5397227539927,-20.6825289855479,2.03441421359243,0.0465457207416767,0.0825040991262001
34.1217131863792,38.9866600478083,-20.3704228734413,4.0887042959285,0.0848386681792653,0.118156702994439
34.8727470045916,38.5096829314828,-18.3133948803022,5.79922154479409,0.0213291232628006,0.214324215171399
34.6581191822481,38.9206013313395,-19.6419566099935,5.20837714452534,0.00705652974799921,0.326116339176278
35.0648917282011,39.0380579259531,-19.473822459421,5.39396607175432,0.275083327503247,0.0109423848409617
35.8824374411069,39.0107776708648,-18.5998004331802,6.73883763258437,0.520040732787849,0.331946621279596
35.7759018118291,38.5875842018157,-16.9874150857457,6.89821390385986,0.173164624239015,0.297220481639646
35.2278904402792,38.7233864488269,-18.5491911671741,5.96633694181589,0.275540656596414,0.0259718945028069
35.6343480429621,38.7189542443645,-17.7799444053846,6.49232602937583,0.082535570210568,0.108220312761967
35.4311863181187,39.3224522658648,-19.2397250220649,5.32986528188291,0.155970936395682,0.347106234498475
35.5370946967662,39.1795411279357,-19.126810992053,5.82586217879133,0.275077525795547,0.0441972470700447
35.8850284873041,39.3233704697731,-19.2228816692859,6.7143927638753,0.15264134496,0.31248724212711
37.3174657474017,39.2258118631299,-17.762171687737,9.02067886447001,0.544552715017536,0.198252839977386
36.8930921020325,39.4867668694275,-19.143875374294,8.08606346314564,0.307655857689925,0.184566636882309
37.787541625878,40.3242182814898,-9.66693747840793,5.28697504878067,0.435146839841461,0.356652993343896
36.3226498359474,39.1009950102167,-18.5713907407167,7.08517085961501,0.504949827526123,0.270181331594197
37.1056057403024,39.0651497091764,-17.453052599835,8.69188332030024,0.252728284817301,0.0712617840939439
37.1950867141099,38.8416057161999,-16.8078944343007,8.81273406834884,0.146263491405157,0.141832299391323
38.5124302348683,39.0662797812967,-16.3493379949418,10.0802988923764,0.433965149704801,0.0470324810077942
37.9620277739166,38.9302890371307,-16.6675895727834,10.180880655356,0.329476820566694,0.199081819767607
38.4311173659301,39.570431870269,-17.5836166992682,9.25220685126519,0.315974868856058,0.249913357304991
39.1521813680427,38.6197578080937,-15.1033001854114,10.0876026514613,1.20710017332383,0.501342318887535
38.694620840504,38.872064515293,-16.1585986759413,10.1956559898697,0.0315395869866169,0.387469905825108
39.1607271065905,39.4099968269724,-15.9474831792018,9.03124253258141,0.380873180485561,0.891208675423118
39.1454844230375,39.6819274199348,-14.1203076831948,7.43279885826324,1.16643191528719,0.731856503776693
38.1802575131847,39.2505306076707,-17.2097329109211,9.96414841505797,0.541837746300718,0.103002065323759
38.35502524734,38.9907148882523,-16.3884681742347,10.1197902261066,0.352134258867755,0.245113196905702
37.3913041368871,39.8740918959067,-19.768139389286,9.17338608474987,0.620481263002435,0.297801264929984
37.7511908095316,39.7480158531437,-19.2351904767457,9.62828328340858,0.632198506153801,0.47874778290031
38.0755675444512,39.8552719985008,-17.2734173294824,8.81009935605809,0.917488704436644,0.538049612765374
38.7255889055521,39.8928410399891,-12.8752961148882,6.69291625511281,0.667205923974974,0.178298586199714
38.8661058103771,40.3158549807338,-3.34831904692858,3.58777837661378,1.01023193661815,0.0880658557319424
38.8666337772394,39.8050709528339,-14.0012764535822,7.03285054296214,1.19878432448565,0.293340013252063
38.722285563086,40.1693753261972,-6.56998705347012,4.58095261166055,0.84268769896293,0.0392128788214828
37.658544218147,40.0709277920769,-16.7436730681606,8.18645412570377,1.15084396300747,0.481445481189968
37.8801239959627,40.4670908517418,-5.96506931654991,3.95404858332882,0.880592763721272,0.431199115744706
38.0245325468545,40.1344926516565,-12.2777297666705,6.35837594229358,0.107108736265503,0.125472828314862
36.4552112796603,40.1755022929589,-19.5844158745756,7.34736176167614,0.683578039076435,0.301367100431664
37.5188265129199,40.2142398603493,-14.566918156705,7.29594150889415,0.588957835467556,0.331679016918657
36.6598051867886,39.9287001764947,-20.1479607648032,8.08099243031351,0.0676651457562208,0.216899456370674
37.0013559532846,39.7668563501679,-20.103671528849,8.46357380880509,0.289071016376456,0.138435931292678
37.2211277820637,39.982217854279,-19.420251945245,8.59458736560196,0.479843546047654,0.1265226248251
37.0941403639228,39.4959575364083,-19.1323313385778,8.51210086977898,0.390597589813017,0.256799835004203
35.4347704824595,39.6289695851429,-20.3143337486468,5.59063315487413,0.300617251119049,0.0598528735645193
35.6698992330531,40.2053722724911,-19.9944331401494,6.37002897002119,0.37127512405222,0.231619347906845
36.3033688535077,39.7429951618956,-20.1764670953612,7.24911050848853,0.164575836652062,0.0748448117639182
35.834215081288,39.7190652910809,-20.4890375694222,6.51027908203903,0.0605849683517395,0.0440017799736693
35.5891501500722,40.5794143066836,-16.8731258845304,5.69004794120175,1.68981731415634,0.381937095698922
34.9345345150343,40.3311449399396,-19.692892781447,4.48082091771001,0.156924968820596,0.227556023968999
35.6498943565059,40.0352994143832,-20.5491364061382,6.22225427023023,0.148466011276249,0.0418609585476795
35.2579456643125,40.1649846480897,-20.1257773510324,5.39409524661554,0.138452069052905,0.202108462824283
32.5529192231317,40.8531560658161,-12.3068269640497,-1.18719120291438,0.48752054377993,0.00921715983618397
32.129580993853,40.7721556018385,-12.234174842554,-0.39189198427059,0.109370815631686,0.0639566311474829
32.1596714662233,40.6590831524513,-17.8458957578476,-1.76160807274826,0.786974994986293,0.484660236469528
32.4653513939246,40.5736338508982,-21.0885761465969,-2.1986701521844,0.445061151843861,0.0613243600284854
34.1071798223307,40.8955944628104,-14.6883885821912,0.805934466868068,0.61829337773399,0.443229150433785
33.4190373234299,40.4818862265012,-20.7555572597478,-0.0179705795077609,0.0908913559853201,0.156459340674825
34.2984977559607,40.469282999843,-20.0360196955391,2.3648915930446,0.368141009980031,0.234067909357669
34.3991571104195,40.74507014147,-17.284533847776,1.88912449321031,0.561750120208776,0.101413295414083
34.9408462697409,40.6288262714246,-17.532343519517,3.94538411573214,0.371996985471597,0.172061513947656
35.8887247335799,40.3017463618383,-19.344927820093,6.48745314360794,1.03517617456461,0.330346738588042
36.4376393971865,40.7181727601899,-10.4952665203539,4.19622061798898,1.56607127415849,0.0594522886592122
35.8789593021598,40.7266141879064,-13.215787585245,4.93860001927907,2.02931775307158,0.352150586169889
36.5832203881126,40.2595197806334,-18.4928848619069,7.34794935722412,0.876162403553245,0.425167507352565
36.7837243573378,40.39932680046,-15.3018188915099,6.60806410632335,0.86143312316983,0.47850857987786
37.2872405373432,40.3926926717842,-11.7728073234581,5.98401044125641,0.0808922291545502,0.159721912196104
37.7243733538324,40.6158006349959,-4.440619295708,3.36314367138458,0.750697022343785,0.395970535143585
37.0777032821102,40.6722445400301,-6.95944005234251,3.76560931683257,0.595003970558629,0.470131682931387
36.8846033582338,40.4806929509878,-12.6687370419564,5.8194885682727,0.447826175741137,0.246548736510435
37.7861296423201,40.7894755476472,-2.48195063627346,2.55793910829259,0.272384435852872,0.177799505171691
38.4378782093608,40.684743143473,-1.72456280464789,2.34625736353971,0.105519955132817,0.113204821427003
36.3810542504765,40.8736194485562,-6.85257113296064,2.93940488015199,0.466312844921762,0.419422381568702
36.8276033945241,40.6013922937329,-10.0905029257199,4.68745451535779,0.144242242818111,0.0620677928507524
35.2421667245217,40.7092959823922,-15.7672367702206,4.7135368531268,0.968124609089051,0.33699950948911
34.8928315364,41.3622142297108,-4.44168590914678,1.24542552446792,0.424616415545122,0.288419926731892
35.0690359026273,40.7606034910078,-15.4805887305531,4.03896379789973,0.685202967771757,0.138906721705559
35.6452516152293,40.8520512619607,-11.2004333039766,4.47147618455972,1.13014941114883,0.447369033419521
37.3191902990569,40.9683124551159,-2.37997287359538,2.36839084856256,0.242313932158359,0.134349736133761
37.600767179825,41.0019562904158,-1.73107848351606,2.23729116878493,0.259941351254668,0.11708592366841
38.0447729274675,40.8076255851471,-1.71251687726386,2.29821604484004,0.0754718793594932,0.0564032733870654
36.0982384753898,40.991195666036,-5.09894161946681,2.7535952112098,0.530496962203504,0.170307482179125
36.4735532535153,41.4156476125807,-0.154343721820339,1.28551083363992,0.632149450564439,0.100598335180612
38.4768821630481,40.8935390373212,-1.02967668763095,2.25225165362583,0.432730009209107,0.315925574626566
33.30247255849,40.8942511791103,-12.5084428280356,-0.200469242588807,0.741466894621132,0.419971931541793
34.8301836853968,40.9237092156222,-13.69225886386,2.70682560490687,0.821229918203692,0.0250492494813483
35.8397376485753,41.1133300122479,-3.90877917930414,2.40928206456695,0.925849578311872,0.108750622681214
32.6970662789529,41.2004254867956,-2.35210811563939,0.617631870274661,0.0366223829521905,0.0709915885398922
33.1227871837234,40.9585837367014,-9.81324082975376,-0.206842561364543,1.19441760477869,0.652229943586955
32.6854740508318,40.8919338832502,-11.0268474760936,-1.05655416787607,0.996330688987506,0.0516123911418661
32.1137864805146,40.9633469561976,-4.725457458521,0.93116757509236,0.488041109607558,0.184277393759339
32.4314006876749,40.769603197319,-16.2540078062796,-1.51766602047965,1.00114431116349,0.06615763885107
32.2494773786467,41.1762162936866,-1.90561997973716,0.796422947704031,0.434505776894183,0.136026556469113
31.9908257441791,41.174115611493,-1.47345699130933,1.20473630744121,0.131094918169359,0.103448140185153
32.3154290240516,41.2742199256526,-0.905594047051222,1.02015852218224,0.112501776579104,0.0737945838963454
32.4299533387342,40.9101805365583,-7.75838279799774,-0.388654459472577,1.11524541863706,0.0356129153514088
31.6509470484317,40.8851108790081,-5.82847871013419,0.753567891326698,1.14802034063518,0.119672961627627
31.9583126337733,40.7726734326358,-10.2439274112416,0.310906354181962,0.977067840026494,0.168430403801087
31.8500072949072,40.8825775753955,-5.74599942384141,0.765436327034617,1.18511447804562,0.0367424130873132
30.4325907909422,40.7374329673223,-8.634372340155,-0.754723705426582,0.0806360807424801,0.147913521762322
30.7040419321931,40.5808628470492,-17.7329363422335,-1.87547194828489,0.190341775908444,0.151936797343295
31.3477542529236,40.6995789334372,-13.2760601894591,0.171108205294728,0.297087240558528,0.557805727892264
32.0831373380824,40.8341895163472,-8.75357730728027,0.412384498286887,0.62162835317835,0.220089309901419
32.1000492618063,40.7113790119616,-14.9080393246877,-1.04097802812842,0.332654722842649,0.347693795871985
31.5328362575177,40.5294612666526,-19.133969944445,-0.10170003836966,0.586384098575799,0.177734646465006
31.6387868411637,40.5941461535382,-17.1308272860194,0.272383582076872,0.280787006804103,0.266381830182359
31.0488772757303,40.5680947585675,-18.0584124490486,-1.36822210300776,0.618613006411011,0.259762477274331
31.882329089737,40.4276372075051,-21.8486438076517,-0.986194848067153,0.300702951285545,0.065200751630927
30.7293110178586,40.5450679350418,-19.0422264394999,-1.93059080496739,0.228768137561566,0.348622428401377
30.7938095026341,40.5989499740847,-17.0806590157497,-2.5093150123592,0.641174570913953,0.41946025313613
30.8884562570769,40.5789088652121,-17.6619271619577,-2.30934286166478,0.884764656159173,0.144251619042701
30.8896569440635,40.690590684756,-14.9887060991963,-1.95367731614986,1.39185071004647,0.25770553388915
30.940817629772,40.5934156364423,-17.5278468389398,-1.89645160035775,0.437121506695709,0.176271637825811
30.9916045419942,40.5519370444576,-18.3151132770142,-1.72021505541702,0.97748138569547,0.169681139857956
30.8182994351791,40.7906550962556,-8.47170310276274,-0.672763450706414,0.652850520689187,0.374204284280049
30.4366972341915,40.490276135483,-20.8106015966872,-1.77921418401325,1.89272717107057,0.153549988403271
30.3290011010851,40.645237031688,-14.1204438788176,-1.07319915971708,1.39162673195078,0.372713075153782
30.1644942447612,40.7335932193102,-9.25583647714139,-1.23561591874396,0.832918461067694,0.0543110437041559
30.4750535097987,40.7103903378917,-10.1969356914585,-0.677597928179909,0.0446660263696576,0.270840693208827
30.2891489860737,40.7586374921527,-7.68631218903546,-1.14867572088411,0.34870049654915,0.124241182541455
30.381137813244,40.815172693343,-5.23945857131053,-0.926579235866604,0.18842937037042,0.230060694322684
30.7559770766759,40.75113544723,-9.71449613136407,-0.888436961589746,0.839535985979943,0.201185065311715
30.6317056449517,40.8664807424444,-4.54471017657598,-0.306441243921027,0.533556685182697,0.181454419642302
30.6378736265159,40.7971513825663,-6.5015744216425,-0.337173327347621,0.885049630293416,0.257073178588525
30.3502042868278,40.9259880314305,-2.47049605259196,-0.802344144912632,0.295089236652692,0.36895371281992
30.2667080367553,40.9392603424699,-1.79639670605452,-0.757770552132937,0.499401576105318,0.108636114292626
29.320121707483,40.9935090134015,-0.643307019749937,-0.521711961909991,0.256612465540014,0.326678673965937
29.4546224162525,40.8788276814873,-3.38032623022102,-0.786085344830227,0.406919395619807,0.205601399634548
29.8834250025858,40.8092406915404,-5.98508061031322,-0.692659446978069,0.206270207248259,0.59013017563401
28.8925694019781,41.0702012036432,-0.953914543318908,-1.16993008001747,0.470054311883689,0.0651185908348942
28.9928720715056,40.8697041802035,-3.14207146256159,-0.721211174584518,0.153581744578725,0.149751102780206
28.8253608013484,40.9821192961657,-1.40590206845724,-1.2114717594215,0.101960087439156,0.13233237089922
28.6563308812276,41.0832747875592,-0.490294098333458,-1.1970558579419,0.41234801568444,0.117806820766567
28.6838757612574,41.0484376991772,-0.791717539037238,-1.26547274802143,0.188553940214681,0.0884474475778931
28.6591473276597,41.0077019153191,-1.22365406578792,-1.44009417431911,0.430233503995491,0.109859365629743
28.0585790333255,41.0172971988789,-2.80084872339268,-1.89749651005774,1.51747474591603,0.414509602492921
28.5916794050661,41.0743699086104,-0.558133550818122,-1.2153467010024,0.652597177319141,0.20963659694258
27.2230431971091,40.8771095228216,-4.80115649930815,-4.85343087507157,0.222092730784981,0.437030580759784
27.4968837125527,40.9255546967737,-3.9171963823921,-3.8668002824584,1.14814632070161,0.323929473998532
28.4479096718381,40.9999429308883,-2.17807489175656,-1.35874029811374,1.20899997909065,0.290333293580598
28.599521443862,40.9772057970961,-1.85873509812474,-1.34588068823282,0.975836480641484,0.0391409316431324
29.1165860466504,40.8151521204367,-4.34224291513231,-0.286903167457634,0.824926168365742,0.173901820125938
27.1693844844605,40.6316522945507,-11.0816634899993,-6.44294127002561,0.769866784494317,0.702442647798617
27.5717144291468,40.62333724224,-12.8932556336273,-5.24001124267189,0.727871740773203,0.181988451647528
27.3796737255187,40.8301578755534,-6.11887873949899,-5.02183518278978,0.500504594349078,0.254734381690026
25.9957544765829,40.1529694551119,-14.155593653194,-7.53409525290407,0.819047823185359,0.355116431344863
27.7588598775804,40.3970828690786,-18.3278513618823,-5.4702358527572,0.396441933338522,0.144648953420508
27.8950064449607,40.4471367909533,-17.7850054547409,-4.61631605009163,0.497249692422938,0.231683215668108
28.2799694345695,40.3562282444361,-19.8602263341952,-3.96477703786812,0.453990805254593,0.0563673387839327
28.9241694409384,40.2856065801062,-21.8546867940059,-2.30951744538285,0.555807292254245,0.467859020079163
29.1989648950309,40.3529561594117,-22.0439526346534,-1.69158880016899,0.219559600231177,0.143327461495105
29.3524796167648,40.5416604626371,-18.8023097862957,-1.53917034547879,1.38174883260141,0.101101169542559
29.2416623520652,40.4981983849573,-20.0363701873264,-1.24225983627998,1.12255100018667,0.225286915028874
29.637670216424,40.4127692184155,-21.0286653612465,-2.11000886281082,0.331257922664702,0.118754946257717
29.0162206695657,40.5434736780201,-17.7619165832517,-0.973459298201659,0.808289366673301,0.188346095010994
29.1958743743913,40.638100630449,-14.3802376645812,-0.609432544467001,0.912229729035219,0.364392237686175
29.2710149050282,40.8653447910217,-2.778038637092,-0.47410148359172,0.752861818259245,0.0772373734718791
29.8164608512698,40.768893599615,-8.2566009407816,-0.714502249288766,0.965825788644667,0.732401099568348
29.9670418555937,40.7218344002805,-10.1565889493849,-0.720521624248135,1.00590101654189,0.694567531631872
30.0038037752188,40.4347334287557,-20.7443266587843,-2.36402411863625,0.339877704932485,0.0623600124896604
30.0329352514988,40.4789413139667,-19.8084865313354,-2.1763918431151,0.240808638231195,0.043600432016055
30.1097265604758,40.4912742871443,-19.7455277424774,-2.21517016467091,0.335298638706701,0.185161761156485
29.9130663479578,39.9983697033845,-23.156339494603,-3.58527352206144,0.176396550610475,0.280272832735344
28.7527057746774,40.1810651080444,-21.8708382834595,-3.53422878091605,0.508086450839937,0.173954393584129
28.8847878410632,40.391864003119,-20.7193152464013,-2.00623061954771,0.192828058822732,0.241371523667002
29.0362825635413,40.2791933505595,-22.1875974041404,-2.02089107938016,0.471812738232634,0.386965663748993
28.4718927327047,40.1202978799117,-21.5413010301758,-4.71512404879668,0.456913721507563,0.245990887629241
28.998741512625,39.9429767317409,-22.5027181809539,-3.63815074844821,0.418683127342455,0.0945191528369812
29.1211912824557,40.0606748686441,-22.7161513974308,-2.87096570268651,0.421717386161648,0.0596346515503623
29.97821391719,40.107910204655,-23.019451211324,-3.49070844605414,0.220603880060637,0.299556508575436
30.0513738994317,39.8898235703357,-23.3017754595893,-3.74349985061608,0.065886538877237,0.174744864348972
29.0409181017334,39.744724747464,-22.6564091273787,-4.31034299243577,0.219003270990941,0.164600916794863
29.7063858712061,38.6494161376052,-23.3161384122684,-6.84591113571483,0.24200506153566,0.10471578361094
29.2778701430014,38.9878577030452,-23.6443166139103,-6.70423869197787,0.143818404735505,0.12226790057552
30.0846408246009,39.0482196614359,-23.5078142109341,-5.11600294360877,0.306402963616081,0.0642742193460218
28.7628842367944,39.0573633955948,-23.6834053873846,-7.69988941661618,0.185432127327106,0.0234808791131595
28.554910691189,38.6957895217704,-24.1427357957993,-9.90437901175547,0.392042657429899,0.0923256469905868
28.0282355716187,39.0364795578865,-23.196919244488,-9.3364216605323,0.0339352292807222,0.217250840897707
28.9451776688314,38.705129993745,-24.0697239381492,-8.73107493414038,0.356486257940724,0.0450276454086649
28.7408514844466,38.6199299871504,-24.1291981310585,-9.75217998989374,0.343108946564918,0.0406397425991641
28.9467797485546,39.104480844992,-23.5532581877268,-7.07966100364484,0.111400947612837,0.0317760688876883
29.153920871235,39.332927887233,-23.2363650981881,-5.73784876619011,0.0905788402132998,0.0806432773380849
28.756790555816,39.6081281144413,-22.6456838243445,-5.77572939041421,0.108999433802537,0.160104470832297
27.8526554788194,38.4693248088398,-23.4912034566316,-13.0801790468336,0.0568053528623136,0.0674406127437647
27.8062656066396,38.7575273422102,-23.3336187780227,-11.7723843136049,0.126740989800071,0.261505719666325
27.8932825535002,39.0965953411242,-22.8634228902008,-9.53546012249534,0.0904646089702866,0.0973230769341445
27.8996661228315,39.6394701511474,-21.8677349987756,-7.15392892188206,0.365916175480106,0.754169221855526
27.618741477002,38.767703355898,-22.8055474014849,-12.4486969014228,0.472075029591958,0.286795744094004
28.1959225189627,38.6738251151661,-23.9701899577737,-10.8696752228499,0.321149539034503,0.100884731708334
27.8789018583293,38.653489224899,-23.7082676157214,-11.9251904570701,0.183399014336713,0.0416811341327882
28.2762114862063,38.9273095069398,-23.7734269873651,-9.3057724652208,0.283682356478072,0.111040588965893
27.3693134185628,38.651093991024,-22.5382544162539,-13.9168127741485,0.244341467961908,0.169904598791968
26.7477927647845,39.3043161893234,-20.9583258280927,-11.8857172518988,0.556752266265271,0.670477102270613
27.7820474002884,38.5626082774348,-23.6115816681416,-13.0959829340238,0.169353228503642,0.364051654027205
27.240577915317,39.0895706556735,-22.1145611536856,-11.8511493269092,0.127018768384622,0.279286731806196
27.3444328592092,38.9196708438096,-22.3686897701903,-12.442147091068,0.167491100617851,0.0627082830575306
27.6013199935176,39.1749666888792,-22.3656025417311,-10.2957601737772,0.181174375019217,0.0841068276797533
27.4017457471664,39.233098865958,-22.0802198365289,-10.6376826300767,0.236618137225517,0.241375745844641
27.223009329005,40.0429565414703,-19.8566084661017,-8.83925825607434,0.0715511789980066,0.146310398208205
27.1186337217222,39.4985509066238,-21.4103970427283,-10.1611630130428,0.318252637101883,0.841186777646245
27.3203282148246,39.7605446615866,-21.08919045651,-8.99471693852699,0.353911007002114,0.447022621055062
27.6037742980331,40.0595020494308,-20.3195088620501,-7.43265005506323,0.400602937431231,0.152759497323723
28.1898379610737,39.346275057092,-22.893840616493,-7.5617316818578,0.190964357553486,0.503004313270909
27.8801001411084,40.0090543499613,-20.9078229240063,-6.3158219935063,0.555907358281844,0.371888247241291
28.0118740718528,40.3908315989453,-18.9957054995066,-4.40117516150155,0.534337066516408,0.237587960605982
28.1266901333213,39.9449160818217,-21.3255879705085,-5.72451541120082,0.705696352528375,0.426982446224035
28.326153185315,40.0945723614239,-21.2884517441197,-5.05313810178856,0.620982885737023,0.0883424019449908
27.2989162956755,40.1842415934328,-19.1072780277375,-8.42848176833741,0.322551947082343,0.460866035741133
27.2248044135086,40.3236508849888,-17.3978472094629,-8.1540618512201,0.758374749074694,0.720396125330521
27.3549458645562,39.9199142220538,-20.6001154876436,-8.69908324637394,0.363158059464735,0.119526848392213
27.8198940947465,40.218947719063,-20.1031257114207,-6.01611948779935,0.0572032521116472,0.0750846876306767
27.5653075919284,40.2832060700574,-19.0636259141917,-6.93938517240344,0.350997204055775,0.0323909379989854
26.8620819342688,40.1077254094865,-18.7489099951148,-8.95835968528,0.809902132137229,0.385580439379544
23.5640876315809,39.1912664231702,-8.19769855868893,-18.3330590219369,0.148891853984981,0.574015890915062
24.375703536407,38.9127396258315,-13.807339821211,-22.8540691526032,0.224358529801281,0.98616401073218
24.198114523316,39.2860936780648,-11.1258434351155,-19.3466952792602,0.146094504197705,0.675836099559896
26.2379150431732,39.1496104533472,-19.7102978314654,-14.3006675105941,0.309790135932665,0.825190091298512
26.4133467982136,39.0756252733389,-20.2023278011537,-14.4034829138832,0.381909296090402,0.500581700557274
27.0482382644481,39.0737655771134,-21.8915134893725,-12.5999045454633,0.130636444644414,0.305053891080902
26.6403013414196,38.6340014643083,-21.2880606523307,-17.7586756313627,0.314101865522556,0.552498859978105
26.6302381178636,38.7543654374575,-21.3876604508863,-16.7945290408028,0.384425810240034,0.497103707964879
23.4251446404792,38.7777371867876,-11.2946431934296,-20.4992428619666,0.167174946089047,0.35341787208277
24.1052201039844,38.4818575527819,-14.8915764523423,-25.3084326676551,0.0663138447380729,0.399147400421996
23.6340303538307,38.761889408383,-11.9502970130214,-22.0096303800984,0.32178124200237,0.107506597606449
23.9385367417237,38.6873518870746,-13.4247485303819,-23.8954213642304,0.137062176439601,0.425149066106975
23.7511513911525,39.033393980065,-9.86633669169362,-20.6700682266533,0.746164758633502,0.428719855355129
23.3436199918865,38.7450139243258,-11.694703962303,-20.32141368766,0.306458484210799,0.23029889078072
23.0718748679955,38.7330733251758,-10.8216406288722,-18.7619794218859,0.0542305414353106,0.0565530862843239
23.3504285056082,38.5422202911905,-13.5291701218745,-22.1798733513026,0.0513986079464157,0.0906951690677824
23.2191051331256,38.6925605727848,-11.9568112402659,-20.2253303726779,0.407446793006077,0.0751257022185022
23.4861858635353,38.6446365336224,-12.9020845108426,-21.7906709677546,0.0292167956754102,0.50026947520927
23.5082820697165,38.7306642424485,-12.0164690572521,-21.3363481690291,0.141593536315046,0.431368940331153
22.5936730966827,38.6672219349405,-10.4064316204562,-15.5173231435577,0.545589015176841,1.13195295292859
22.8622084560377,38.6730768496165,-10.6121152729583,-17.945209648821,0.467443464174917,0.0954520290721373
22.9581485272965,38.8445835992271,-9.12011570444843,-16.5369080437848,0.0339927070714325,0.308471178844708
23.0178923658451,38.6435458993262,-11.5406252424533,-19.6117802945938,0.15561543145497,0.224824384188341
23.1161240327777,38.617913005071,-12.1997067665053,-20.4978946775692,0.0500280202832085,0.203712396520764
23.0910487628966,38.9078940898792,-8.96393409699626,-16.9046899308256,0.229878754536064,0.349287988618577
23.1758250879984,39.4023195861593,-5.97983286089757,-13.7563731414639,0.478856150122261,0.515296655455013
22.8248343829345,39.1863782875927,-5.58878672484255,-13.4096282863505,0.800553726759568,0.282881246763106
23.3348716693298,39.1652742937046,-7.25687729899009,-16.8829575745281,0.332119238563839,0.228064804076266
23.4422977809874,39.226367015532,-7.45373973910567,-17.1864450593956,0.112612842101187,0.419198977860013
21.9127418363189,39.683453101798,-2.21931520578904,-7.35761305866855,0.0648253777703291,0.35460136027708
22.3161484039794,39.3825665165852,-4.83281030108961,-10.4553180044729,0.358836156642181,0.48211415011898
22.840213572612,39.2923266897038,-5.69618264769778,-13.1464327910641,0.0938876022370414,0.0255978687449334
22.3689243335677,39.617379504172,-3.16922812843403,-9.34986354665935,0.11082305681056,0.133892438857482
22.6855380260346,39.7638759137298,-2.3827140480019,-10.1615905443841,0.120762755790473,0.146104099232669
22.6728516306713,39.6023621969851,-4.49231823189065,-11.197347900352,1.30118290161291,0.415577246070196
22.6687873583835,40.2616849962079,0.782309149672086,-8.1459309067953,0.282051500200803,0.0720622870350614
23.153483355504,40.4413232766042,0.170905748836116,-7.98694033774358,0.364935756199433,0.250798327565139
22.839517897883,40.5080766295386,0.450468489958121,-7.57065042386829,0.319393631074649,0.166737216984621
23.8480149945872,40.1657068730968,-1.59153979326469,-8.99790349630517,1.44376989733349,0.702997456652086
23.3640455175027,40.2781995490848,0.101077060670843,-8.4769817619475,0.522521325130241,0.23332784112629
25.173832200987,39.9967162814745,-12.1807658498557,-10.5424584283949,1.41210919307836,0.514163314899944
24.999797552969,39.611429625839,-13.9810633606577,-15.4566038825604,0.672365912430974,0.660197805441112
26.3564464377265,39.6620846298731,-20.1455255257659,-10.9584091197841,0.803614951809477,0.384758309268031
26.1807990690373,39.8084956971915,-18.9711231339997,-10.1297661324067,1.3144745118965,0.471029893848757
27.0319937438832,40.0031781185117,-19.9369241276807,-9.23934422986344,0.382211536643036,0.137943135937738
26.868161857019,40.281013265579,-16.5110747429712,-8.25205467610201,0.812277782816212,0.730990806375234
25.568122828703,40.4555176138055,-6.80829359042594,-5.38457413160235,0.708191811497856,0.596948674722226
24.5364422321582,40.6481802800958,-1.69467386809628,-5.39452310607169,0.685731032857789,0.793297468651464
26.2255364256266,40.0013055925523,-17.3964307249294,-8.9044797074355,1.21711373879466,0.045645822855754
26.4605509654953,40.0843818995535,-17.4478884103176,-8.62223517763072,0.994849816563552,0.343857458992447
23.7269115218759,40.5374312251536,-0.318407526462702,-6.59229344001684,0.167352792584824,0.127725107919333
23.9713247202129,40.425909060744,-1.0054764874793,-7.0310513191933,0.834948213417777,0.489070627539536
24.9568753273474,41.7959875271857,0.00295540869034624,-2.13011082605557,0.115131282245508,0.171464254245475
24.9463153186227,40.8801037828083,-0.902347961185378,-4.03075687560291,0.71782459196663,0.456061915454935
26.518747583107,40.796123491314,-3.17165010996039,-2.5875276850612,1.43279643163855,0.784501953264262
26.8694230888165,40.6339714244332,-9.21373971272322,-5.68026477655075,0.174989866900135,0.416939232929264
26.9200957876029,41.4934029367787,0.670735002557367,-1.82471081823603,0.0541575724581048,0.0856393952323642
26.47265486475,40.2912168970135,-14.2246226634438,-7.04976415658671,0.463601334174875,0.296832620357252
26.5459989761517,40.6444885974756,-6.32260277294839,-4.01259419732464,1.38508306175737,0.401008584516297
26.238519650396,40.9188009292596,-1.31377958349264,-1.90586537510069,0.43154766302645,0.32317574892055
26.8219188974474,40.9194979945409,-2.6601530302475,-3.01270062870494,0.672340177961079,0.533295027261079
25.1247868062039,41.0358079023981,-0.281964777602191,-3.27461777858483,0.479844610372355,0.30929044961958
23.9720037753321,41.6319958720173,0.492130528239679,-2.80697734324885,0.0645620443923467,0.022808787792817
25.9241211377643,40.9807040511192,-0.84853372747004,-2.28873328853191,0.170737253732111,0.113579529922862
22.5990098612761,41.823034498366,0.535962644230978,-2.85887303928212,0.0986175973459806,0.178991899095869
23.7951854085888,41.402057430181,0.546971934636654,-3.53332089420372,0.00449038492535725,0.138322120010182
23.4941045734077,41.031328156079,0.22686691177752,-4.85140539840813,0.124331603884699,0.102866016319772
23.3629153889552,40.804994286295,-0.0224828637436936,-5.93765022082411,0.284501076865274,0.061212201601562
23.868836097851,41.0036917151813,0.0254339443073605,-4.55521928672257,0.134588184603222,0.0174745005625811
22.3425320363977,40.4225426038636,0.745201550162838,-7.14657006198168,0.206388495106281,0.254691099571627
23.0784593342538,41.1607899058911,0.72504025621012,-4.80809370544968,0.0828037165683726,0.0450125217411175
23.0743762250057,40.7880735982253,0.148798205837526,-6.3027414266459,0.284744230964269,0.0637764913094329
22.9375637223459,40.7082869354758,0.246937834353046,-6.70264762426309,0.298428248856102,0.0674483294178383
22.9640452725865,40.5962995655967,0.263017085789071,-7.24385887414892,0.320567678051517,0.137101036415839
22.2238694410907,41.5620093175097,0.785511046453633,-3.30835755231115,0.228717420848523,0.253953658589892
22.4664873703628,40.9674332592884,0.844735354472648,-5.31152321067849,0.153289807445406,0.0234338086438245
22.8229215767456,40.9149991496278,0.515529619065247,-5.80323739309656,0.160509699914928,0.0679956045586484
22.4361870349245,40.788406152593,0.746498437989569,-6.01200414685622,0.227500925966074,0.108800630857563
22.6864552634752,41.0162896150306,0.805694721918463,-5.35630976157126,0.0298321058097503,0.0979875052989801
20.6517965889453,41.1474634614727,0.343676523064034,-2.42090079059052,0.0856551339340825,0.0626412368500127
21.6038168354161,41.1307809399791,1.37479974437217,-4.01300741100293,0.239824959617169,0.0186967513679987
21.8360369776107,40.8381328213173,1.27380415521204,-5.10688613920454,0.0864413271885365,0.248043754205103
20.1770900788352,40.6661748646874,-0.64269926481689,-0.920231034704496,0.137993007999412,0.0859867266323448
20.7754543948159,40.6876756117099,0.342742980168564,-2.67937913588765,0.312651048971844,0.124374471106615
20.7237666435342,40.4986929695122,-0.101312750765741,-2.59889256684345,0.356089702135691,0.0703678965792366
21.2830830076497,40.1149681169243,-0.114466327921014,-4.03186668318598,0.42494738368897,0.151650368282479
21.2578822693997,40.4258085029779,0.37121011018357,-3.78220520438277,0.0987620476052126,0.321546513379079
21.5317327411294,40.4342398824196,0.657057780815875,-4.63851209603596,0.00689968677857656,0.288988346951468
22.0356265001779,40.8814777170536,1.15872759802903,-5.28075693297822,0.0381204330780481,0.212039208501004
21.6002382767241,40.276391222468,0.206276815216417,-4.94996130445052,0.375388218796823,0.322400517638652
21.7408968330705,40.1657558882811,-0.00456063701239965,-5.82247168699232,0.482490384123278,0.112008056776037
21.6727965700853,40.4826603391928,0.860065554222271,-5.33169431086538,0.00764666798680296,0.175298490026721
21.713453419333,40.2526294085529,0.223160894637586,-5.6203124769672,0.432391395404217,0.0793849524153711
21.5399903825703,40.2082829038821,0.108909960303489,-4.65814524890931,0.212532542961956,0.459063119608901
21.5652421300125,40.1374647830436,0.0518686762518501,-5.04770718371052,0.0533566187274443,0.048130404455038
21.9628634252488,40.1299333782238,0.100011025581369,-6.85939176373968,0.24591127502452,0.478461947143403
21.6529595040397,40.1186997078593,-0.0766202883932276,-5.47824219588839,0.291412446153176,0.0555659747387174
21.802922970933,40.3055282575805,0.435908174902209,-6.06018394212995,0.33401404341651,0.342680197377914
21.3925490330354,40.1378122115553,0.085821959190842,-4.28352506121896,0.355065519676887,0.278621016364273
20.5473699193063,40.2074788036772,-1.26947621803451,-2.10167019099913,0.0917325423870162,0.300563814371149
21.5184293050456,40.3432451935965,0.355921531311194,-4.47849148884354,0.196500775098455,0.543572323557468
21.3973537821128,40.4969166155796,0.720188348759405,-4.10163931766192,0.144203524563382,0.404124342368328
18.2045321935353,40.3860823845681,0.66255791067768,3.98533210700677,0.156017489008421,0.140434754224759
19.6553624376333,40.4014396537058,-0.767665699228804,1.79305558983573,0.352883279320346,0.44207593005364
19.7955079925294,40.1420759920844,-1.87918141395964,0.953188377908566,0.0500398699948187,0.0509525130957069
19.5410545614858,40.5607813662131,-0.611688713814716,2.17807821185393,0.105562021124056,0.461130039647039
19.6231518591399,40.2620270731691,-1.06462761237026,1.98280796947204,0.408840850430526,0.422678590048572
18.3428732271047,40.2602202371349,0.633762660243033,3.9712632586566,0.186238513025624,0.145187987749552
18.0329407370502,39.9439802321486,0.73782122063358,4.18237873462346,0.138994097362855,0.130149418651067
18.2691276596702,39.9521790839649,0.628280131970069,4.06571481241658,0.0374682416032135,0.0619097669920771
17.9265561979132,40.7192621573136,0.677853937198822,4.0446969250931,0.164207413867484,0.0433400826689203
17.613449193039,40.5182443039483,0.721885569502919,4.2125125769611,0.0318333989022704,0.0567024062061905
17.8351900850694,40.530307945842,0.726001112215498,4.12767444311765,0.040261240297085,0.0126948271404967
20.1441883516729,40.8054665000896,-0.597520397869433,-0.906862636236922,0.276697428444521,0.177400536320443
19.5498482760112,40.9249147760102,-0.806204937002117,1.61954374281125,0.340221130679511,0.122876802115622
19.9576240181553,41.011265761687,-0.696895897375873,-0.344229144797241,0.307763368345017,0.270699869552037
15.789369486572,41.0012098734733,0.837979742228419,4.46479778702403,0.0307763371802559,0.0919455911205511
16.1865831732459,40.9938342069958,0.935926231561956,4.37858269742132,0.0277709170341659,0.0273876061373884
16.7354625876859,40.6726401065636,0.7517660810615,4.33237826839296,0.0145492106023688,0.0354904738104921
15.9268098063234,40.9710380880389,0.871444335781111,4.39987383714475,0.0345692256290688,0.0292936403445208
15.476983700239,40.8536546100241,0.587779481705966,3.99896657401729,0.181746755534935,0.20472078764122
16.1507101195341,40.8766905472469,0.781017746619927,4.30402989925552,0.00516011486213282,0.0573638790170287
16.9773008321811,40.804642756176,0.82804749205604,4.18949969743109,0.0222812017097139,0.0244426751625621
15.5015935733154,40.7422452086323,0.301878423810144,3.61591890270887,0.105597988316351,0.0225907900491908
15.6556645845921,40.5874906477542,-0.275933940180445,3.40396273453399,0.17377828745125,0.129774394027108
14.7784103946183,40.940023243466,-0.876088843446868,2.00668553130317,0.160562505111969,0.083870560848597
15.2181812609671,40.9003957570853,0.127676248202631,3.03222835257479,0.120821790766542,0.161442493911463
15.7406695314762,41.1373831161893,0.851705235604049,4.48770854937521,0.0175654102773317,0.107768339881324
15.5648075397566,40.940758280722,0.721679184266035,4.34789273336618,0.138029657903087,0.225041031597106
14.582498514987,40.9230428575345,-1.06484461918455,1.83313317791332,0.0603892158617863,0.0708471300013332
14.7356630763209,41.1284916722224,-0.485132606350292,2.15439127797813,0.00685588125243788,0.0428627206372051
14.9939134165667,41.1116012094768,-0.217510689744726,2.65901140114334,0.0320630430634701,0.0462924566872511
14.1978590699349,41.0570185390291,-0.824284478726421,2.45179483967185,0.156016209004955,0.0583917847606386
14.9900512321553,40.8632046311692,-0.489281743274635,2.33537456848172,0.17789227076025,0.072831593227861
14.7371098580172,40.7857373808738,-0.851732447100038,1.89726825185521,0.0987319594374222,0.0279753092538694
15.185254241445,40.5814370574284,-0.557531621424397,2.57296077999325,0.171894263988108,0.0310535391004264
15.5562908346605,40.5213068611395,-0.569658709911728,2.81663974482585,0.316246379379642,0.377745992759499
16.4152929786541,40.4166444990191,0.481372423859746,4.30815902463114,0.0180544885952644,0.00311069866691456
15.7520213307585,40.7752755027362,0.442138656704324,4.11492937525357,0.0305008387349982,0.0493333089684505
14.2887588298299,40.6465819775581,-1.20337360338505,1.96615119312313,0.0753109653500051,0.0305303540825339
14.6142320474544,40.8233993939814,-1.00375031473152,1.75933453070382,0.104238121039468,0.133152246648611
15.5890887979686,40.3578810750607,-0.157233559073868,2.7509215975132,0.0279106678710013,0.222646679799936
15.610359641314,40.4403443820207,-0.437276791188539,2.8586332073818,0.188816424249114,0.297389273413887
15.7173089769338,40.2399561583787,0.42439995578676,3.37033769685675,0.199513980584588,0.0478219536416819
15.840357834917,40.2136396899966,0.485076224292491,3.77345880911008,0.182717469047554,0.167836165275334
16.0722510484611,40.2127046629316,0.238695756838592,3.82068038506194,0.109707457553613,0.0454652872916832
15.9022852761734,40.7577982120037,0.452399552861593,4.14581071488304,0.0259644709954369,0.025544383922937
15.8457107075703,40.3517653574092,0.272920785952188,4.10737264400947,0.0874311886989947,0.27420930320916
16.1087643636567,40.4937372198242,0.545489674137088,4.09249118548743,0.169477012917726,0.0806307657388261
16.2158141116133,40.5602560404557,0.620639139581894,4.20556280248485,0.120759437028062,0.0623647245879134
15.9849445064993,40.664011645868,0.413215397162251,4.08833360432268,0.0110042268095884,0.0711482442445815
16.2516520990671,40.1482349658117,0.380436519586035,3.94809063775282,0.0108123539260307,0.0326364966568657
16.3563278354591,40.5338110284005,0.548327832156754,4.36448335224405,0.0126708436394751,0.0440140421271693
16.6286762507802,40.5871568707121,0.669319305370098,4.4452380803064,0.0264756295904819,0.0466719587194088
16.4600767033431,40.6299093828206,0.649936296765047,4.50431201261406,0.0236931474100691,0.114404259317515
16.3499801414106,40.3205353495476,0.378763539905649,4.03665671254148,0.0766200257032359,0.217597688764888
16.7558322686939,40.2822306456368,0.451992359256246,4.36196785750525,0.206774655734755,0.0352225781451503
16.4276324330173,40.0299608276008,0.626289646921254,4.28188343118429,0.0305851056410336,0.125547065636289
16.3804214842695,40.1265250714655,0.566415847765257,4.10611703396187,0.0759052927812575,0.033146461761197
16.4414190825037,40.2066529424971,0.51058043481162,4.2210449915823,0.0143969995974211,0.0215444302692323
18.4740916525067,39.796429575238,0.460695875129287,3.82928053106593,0.0278101913610079,0.157567810510364
18.3633777945609,40.0960980468797,0.589461767168462,4.00849051973803,0.0926754397917884,0.0872444049461153
16.9385647184927,39.5243267834698,1.37608114876174,3.5164077282389,0.19078531761957,0.0568702311039449
17.058702539289,39.3153616375049,2.20315191247237,3.21972985143645,0.58813073476854,0.0426885446360578
16.351871059562,39.8882832910598,0.534339195701015,4.19516869320053,0.016372914517308,0.0941302357370864
16.6653394309423,39.5334531981969,1.3521926283704,3.87197954484638,0.0716263517616298,0.300549615976784
16.327394729361,39.6323990921233,0.842391633060276,3.87486301237273,0.0361931445711267,0.0849413943042452
15.5813240647517,39.9792208989443,0.0475321642519078,2.88451147753196,0.0260649750022731,0.0154092131599249
15.7517108700224,39.6857902645376,-0.0474726707111577,2.99735819529442,0.0369431329984584,0.0213729893805908
15.9139578459428,39.6983746551121,0.087637317962625,3.05438784259946,0.0287752036959798,0.0778221799480033
16.0357716898528,39.8179605336023,0.0980747522485276,3.19075028303109,0.113736266310373,0.189216902399847
15.9277551525522,39.5065885464834,0.303085117269012,3.30323854857901,0.021205560577207,0.0954292586538695
16.1781360208523,39.4135644884184,0.678866829161335,3.60120365783941,0.0379722015980127,0.0943920853301091
16.2324755293431,39.7764564651114,0.405818812224886,3.87034744907226,0.0928757088813463,0.0756335282432125
16.2043021199143,39.1221134066808,0.66452765275502,3.19646782330612,0.20594051236756,0.0222881394498449
12.9788643508429,38.8345050853074,-1.21398253282012,2.82578032919563,0.196857918916427,0.206466299611726
16.2139450455045,38.7274686736337,1.29069444564155,2.42727470166608,0.0815097026033651,0.464441606188114
16.2925164295815,38.9147551154803,1.10279724698119,2.76782502033711,0.131580691944672,0.242151074650098
16.5317414612644,38.8695103505789,1.55240077451271,3.13714981558563,0.201598009377804,0.0627082520124674
16.2514244750245,39.4887738605526,0.841308744663104,3.60389647936356,0.0696834336316063,0.134350895177458
16.3735014191569,39.1233779529476,0.731932147983215,3.20629549211743,0.447186740774427,0.0418483838029125
16.8137591224489,39.1573173750392,2.71238852073895,2.90434466346347,0.288010765471913,0.0551722356329961
16.6718391176765,38.8782317761936,1.94705810080023,3.36591229891493,0.277415205508192,0.0257149058826721
16.7046993725208,39.206174224952,1.76615579031317,3.05189483261013,0.520689838152734,0.0671121233192685
16.9020803977174,39.0664729353475,3.30448626958528,2.93549759726867,0.0691194085088201,0.0840741839577306
16.6107039821855,38.6893309791794,1.83990732111252,3.1601102523687,0.187731176713945,0.174988841997404
17.0462778271339,39.1114785368369,3.76126491766517,3.06449898043543,0.360998777468145,0.0813243122400366
20.0317528839216,39.3451246494844,-1.47332753254018,1.71742419099127,0.0376863749660469,0.621265226600883
19.8119949168532,39.5151252479019,-2.4832744310305,1.17964308800755,0.36085327910856,0.135940864967986
19.8280253101766,39.6338145866387,-2.97375078637428,0.824651424995764,0.35308174844429,0.495397242340236
19.7797977712646,40.0070723036468,-2.59878890807222,0.837835014837708,0.289497685134774,0.335767958510122
19.2556968879274,39.8007705751359,-1.54943366683536,2.91523722259554,0.212710680667114,0.619128501236128
19.7719661054642,39.7374645455828,-3.08310889139471,0.882752910596726,0.391401565406482,0.468060150353689
19.929101578546,39.9216959035298,-3.14933591497835,0.102930616306708,0.522761665094768,0.626101159489288
20.1752524219871,39.543125781404,-2.79123241556858,0.844192173381989,0.741224781788181,0.247169357248342
20.1273214408738,40.0766809418392,-2.47049816661753,-0.699125349680366,0.330367148198369,0.470143722390866
20.227341119938,39.4565123032911,-2.20584908136513,1.11225982054349,0.416632713774094,0.165711040445934
20.5140348452925,39.343153428312,-1.78120029017444,-0.659835030290318,0.207539501321064,0.13448695295638
20.6920962274162,39.6465453569651,-2.38765500891547,-2.06039809486437,0.318523172638659,0.432907085639541
20.8136538491081,39.7479327072559,-2.13778899794679,-2.72627799513472,0.1978026105822,0.456932516349912
21.1394431446235,39.8040563138909,-1.75550656244005,-4.00750638146416,0.0504929861919014,0.377899205823977
21.3836616513497,39.6404932559915,-2.53683109245045,-5.19703769584068,0.0479787324994047,0.296631805416135
21.8090781855118,39.5956212058113,-2.79413181294723,-7.105688856421,0.0667332585629651,0.332600356931361
21.6842761365247,39.7542778610838,-1.90258342468371,-6.34308380439625,0.173321794990448,0.455111809244353
22.1619504164319,39.7997581050215,-1.33490925564029,-7.86661127416415,0.400848726118406,0.0307905044315241
21.897015377517,39.8830082576364,-0.970562078638976,-7.00096807758364,0.0566390069776902,0.498329902564554
22.0324546432444,39.3296184669336,-4.67953012538259,-8.74952581681693,0.157105552934423,0.0309257225556011
21.9113908079457,39.2475273958737,-5.25281298979345,-8.32782300086745,0.24678545282861,0.137893802818504
21.9929000802555,39.4525326762791,-3.75348423028532,-8.1972139128742,0.184523532336431,0.0799935306647171
22.1088984026994,39.548113125202,-3.19675243397875,-8.46352768803302,0.149593702363368,0.0830813068372994
21.826897517213,38.8963557092935,-8.33797476075997,-8.92992251288237,0.375273043043023,0.956741586752803
22.1058110826597,39.0625270146087,-6.6505925818861,-10.0561439658692,0.276450260236429,0.29557600987004
21.1353179070299,38.861538354894,-7.67838327262433,-9.41307755250556,0.287280864517695,0.314875412688676
20.9440340958582,39.1330969304603,-5.14448823444607,-5.88552182729881,0.696475111785275,0.248021770948284
20.6363440820803,38.5743868951114,-6.14952587849356,-9.19778630402812,0.193392840747638,0.473868883430931
20.6895691067747,38.8745913132353,-4.19557846197265,-8.18331430211686,0.716056543202961,2.46312740388041
20.8369228812411,38.9573150242693,-5.04639360310678,-8.2886959588734,0.236672554290947,2.04747863659939
21.3543405853283,38.4231075271369,-10.5583015304981,-14.2617799272563,0.118555270327453,0.539611409977151
21.4712839872139,38.6415795042485,-10.4470557309637,-10.1335414542683,0.80467672075561,2.21239019204258
21.9729363608469,38.414517628317,-13.2150602426397,-15.2790660765181,0.106240445075322,1.60064029000473
21.8784368340701,38.3302324237665,-13.6684447294913,-18.0961511801364,0.30209501131724,0.112412842389754
22.0311974827856,38.392771366743,-13.596903342715,-16.0482924557751,0.0726608578983547,1.30570418106141
21.9354280479465,38.3707384010032,-13.4434014314173,-16.6746320635307,0.108741479600022,0.873345715208725
21.9490453241183,38.3237727003346,-13.7173157832607,-18.8784163861819,0.614953804034328,0.65551885273447
22.079848607763,38.4111822891415,-13.6807331581561,-15.5720747415291,0.14027887793994,1.58122799557612
21.2431386871049,38.4895985167229,-9.77184397242609,-14.9282997492775,0.251977117914734,1.91228044872491
21.4878245255705,38.469115204483,-10.6357017941933,-12.2208496013134,0.376445320664561,2.63616635374818
21.3445322090028,38.6806746209203,-9.85960619921809,-10.8697564936393,0.802734865649145,0.574011709446416
20.5660910412083,38.6676474309722,-5.2064817243152,-7.37282462897454,0.244917428830558,0.273259121297033
16.4443341705935,38.4854814677948,1.63459828019468,2.89349011579359,0.0813013986548947,0.167794271386974
20.6016796171881,38.4008035837461,-6.85459353611494,-9.70811150995558,0.00861747662167315,0.133229865871256
21.4986973490374,38.2671279464581,-12.3793523343298,-16.1125521547675,0.648969637837227,1.96306734876243
20.3400635571674,38.1875513900196,-6.65143568721834,-6.63281225702153,0.882314366878863,1.64950955356342
20.5565490442356,38.130658043775,-8.00528762069631,-10.6520396736661,0.927855282752502,0.209838011204013
20.7123999904048,38.3455726596736,-7.80268578231016,-11.9901306173316,0.243840398349078,0.667256332602694
20.6684957873559,38.086340704845,-8.81533006640832,-12.8300725648723,0.985404366315028,0.663753035638373
21.0728524408581,37.9053033166072,-12.927319724436,-19.0987850496521,0.692949309895442,0.165136158819848
21.7068675310836,38.1757585155986,-16.171295086017,-21.0563901908389,1.00441087961132,1.50684284396624
21.4062164189812,37.7675454696558,-17.004770824894,-24.0275377223363,0.254012426637499,0.862807267373563
21.6417181807022,38.1173530812838,-15.7097534631685,-21.6027288747315,0.397160677329377,1.2401461671447
21.7725334955325,38.2815597700455,-15.2827760833813,-18.8255587690175,0.912967464733779,0.728768800507567
21.6611888351967,38.2591902195009,-14.7953121618172,-18.4750613333304,0.793832385159351,0.564312256000408
21.7862468308223,38.3699089085362,-13.2973639367447,-16.0375205505475,0.279755746798464,0.946234757439972
21.8456823663662,38.3109219824259,-14.3268327893229,-18.4030839525978,0.136176225284215,0.21233085367579
21.9957733279068,38.2297983790149,-16.9104011346074,-21.6709463200287,1.03857692107483,1.13968674163298
21.9700489955765,38.1897871675855,-18.1830951014777,-22.7993744801534,2.0129136628317,1.88108272412664
22.0593874875342,38.2716486234474,-14.6903163952097,-20.4667155495209,1.05142596957048,0.572787744573233
22.1796206402539,38.3663956105854,-14.1643698540141,-17.1938906115587,0.258225221589182,1.18607856579827
21.896454559595,38.0937686243728,-17.7884520257092,-24.0959525817233,0.979422738544309,2.20065219265676
22.1992708420155,38.1426214077416,-16.8177392765958,-22.7931511872636,0.480293870684904,0.404243262530199
21.2928923621441,37.8619157264933,-15.0715270792364,-22.2982044582605,0.279015291486155,0.727341690563742
20.7673598966369,37.6558605919418,-14.8943398503272,-14.6248337043374,0.305745903226747,1.78535131778642
21.5578506982006,37.9395300439618,-16.0622214590802,-23.6381839067778,0.0614632323916618,1.07039215310375
21.4186784150367,38.0234565971755,-14.0790527556631,-21.3703441889566,0.544106136654753,0.442710935377275
21.3639177600888,37.6112644656254,-18.4303557638167,-24.3685615793853,0.709248557099555,1.13932062467709
22.2937343379792,36.8357711193919,-19.4837524486096,-26.5471171540182,0.426580492960648,0.315396361467911
21.6507530741199,37.584024340558,-19.4784026375427,-26.3846113633901,0.890515890742063,0.923921258008901
21.8164708546618,37.4030985532395,-20.2926502020426,-27.007255262774,0.464698910712329,0.445294508151629
21.8276918322518,37.7427267395711,-18.4529802688868,-26.3987998624411,0.219137002991824,0.998196044273197
22.0308489758911,37.1697109180455,-20.924552121409,-27.2858977723982,0.265540182978714,0.0666483014296752
22.258497996814,37.1942640031279,-20.4036121395468,-27.2116214278475,0.0245298219587188,0.253779505320058
21.9177647625618,37.2230219525222,-20.9419466038965,-27.2702956548887,0.383905506491449,0.208796392956219
22.3196047869072,36.6231888300077,-19.1963869689196,-26.2104056520122,0.164433731019385,0.0191476538823017
21.9292970564368,36.8758971842239,-20.4330584533587,-26.4257606260965,0.260779331163277,0.124791146770798
21.759454295589,36.838386981626,-20.6238571127622,-25.750093906793,0.614719423424842,0.348737240894671
21.0837806893438,37.3215576660824,-19.1044257542106,-20.1551365836663,1.13398750270419,0.700953420817795
21.6371687326966,36.9794291342921,-20.9034146367984,-25.6703094144889,0.833332331670687,0.591432312853545
14.9932111990395,37.1555260800036,-1.83701106424079,4.63798070898041,0.0416363425812483,0.198529998391937
20.6324529630958,37.888686798773,-11.3043625692687,-12.2276931409767,0.162854633952613,1.00510861825463
20.9675322166754,37.8378874632836,-13.3469622549088,-17.530828505805,0.523465634262862,0.642510511946191
21.1772927407903,37.8313873841343,-14.6642358746945,-21.1381011995807,0.401363142740613,0.542862363552158
14.840372473158,37.3334635419928,-1.6832611003175,4.49194699164091,0.0439023754763435,0.0193900669087511
15.0850844160642,37.3283464251632,-1.50740408958944,4.68022234073063,0.161275685766739,0.037909069844467
15.0151987140526,37.368181253465,-1.39587352471156,4.83031942031037,0.194352027450972,0.0933694656379411
15.0078581838542,37.2354003954721,-1.66359151532714,4.54875598502081,0.182458105890207,0.0871247587804072
15.1497220844373,37.2106253765218,-1.71034841108712,4.39767794961638,0.0443786356193457,0.147042011281728
15.2268799382683,37.2890986121652,-1.89397499870472,4.61638373713032,0.305702139701386,0.063197872937964
15.0832960466779,37.260286171296,-1.63419607734407,4.41767432027508,0.112882243376974,0.192778962859592
15.0540714460485,37.1156424188293,-1.62202972817011,4.47896335608727,0.103276391368858,0.0224101567973407
15.2172506977286,37.2270054025858,-1.82777857479534,4.51051410346759,0.230654645933261,0.0560079330162459
15.2024161971051,37.1024135298183,-1.507776604746,4.43491634189619,0.113975855881019,0.048468954907597
14.7738623671661,37.1945332456908,-2.42031942328063,4.34331825214869,0.529581518314247,0.0555975339819261
15.099289264715,36.8907381769217,-1.7167516258109,4.58491952024149,0.0482428074937808,0.00995364636451391
15.3041352282742,37.1186372356924,-1.62663674787122,4.49509337530806,0.0373010554067914,0.0469717609811586
14.4038772595094,37.1765178287808,-2.03108619903883,3.93324274383572,0.0675168877103793,0.187898835350444
14.9736413650697,36.7355536597195,-1.74581489187867,4.60344262983929,0.0184192303578925,0.0159198280341471
12.7294811315983,35.5939111994075,-2.37723960610549,3.47260719915786,0.136647198955179,0.237558207190598
14.8571440438173,36.8556629946822,-1.65859569135975,4.537121968417,0.0597635349976962,0.0620812314314851
14.6072213075375,36.9628442339098,-1.80756851040153,4.26318183738191,0.0555721322023816,0.0142495686897491
14.7190326417481,36.8473341042321,-1.67665106655973,4.4186265341886,0.0652719190031448,0.0590694205204526
14.7595470239872,37.349078542762,-1.73936235405036,4.24282662029548,0.0738094072290293,0.201971589848976
14.8912545991952,37.3787973354112,-1.46506205528542,4.78962579364171,0.155873284741929,0.260576995769564
14.8801064736264,37.2673777439193,-1.83119073271803,4.69023715418146,0.0374040352944099,0.30523573736132
14.0596226388846,37.2319957506286,-1.98586624080315,3.26675994161915,0.0439465971348977,0.17786453018004
14.5836854027102,37.5998321205904,-1.9894961315981,4.05051863532602,0.310047028473861,0.221805402453051
12.8112486111334,37.4797385215624,-1.45317911312489,3.09251056330685,0.0663794777149904,0.0676313611848618
14.1931372373761,37.4770442492921,-1.79791996547098,3.3526140342187,0.147283010945718,0.213362104378781
14.0714182648937,37.5860022807259,-1.48428786134307,3.17766209824265,0.319484468644769,0.43857435773175
12.4474214188583,37.8486976919691,-1.29601737612521,2.9379843357456,0.0642216933671326,0.299756571264089
13.0348707073972,37.6633988395478,-1.34589807590662,3.26086601003315,0.0523093636902757,0.0230441172972815
12.6739535532082,37.984246938645,-1.32738627865007,3.0300805348211,0.121233523177253,0.200185748147115
13.3777214972345,38.0088341910013,-1.14783795952636,3.4113929661858,0.0444885997786017,0.113794995224853
14.6081049658822,37.8809904186931,-1.58780636575659,4.70612354826826,0.145029641505083,0.202268936589172
14.9449205661831,37.9564982985171,-1.54735700213742,6.0022532087468,0.446872219924828,0.223352359805199
14.9865953651996,38.1829572513735,-0.949243777445487,6.6755421123683,0.117262157604021,0.542355864940991
14.6964523771756,37.6644858109226,-1.90423690042122,4.27943590700211,0.28229801740674,0.537223490380904
15.0150131944574,38.0902151521047,-1.09440749658586,6.60648921598831,0.284676040201073,0.313922161399536
15.5126310078653,38.204350498454,0.624902894430501,3.92231552136058,0.0392208881887807,0.0648187159029509
15.6433524579068,38.1305958287709,0.811131914734578,3.34653612675503,0.166701232536941,0.0685404613395965
15.5272071521327,38.0892344196754,1.07400597559736,3.7983338221527,0.232201056416294,0.255124576985988
15.7375518599406,38.0359025932737,1.31237671504588,3.27323143384291,0.131689894509419,0.166864399881139
15.1672619973564,38.032902624515,-0.406152683089831,6.21166890378084,0.140200517152275,0.132627241154771
15.2499656045647,38.0766453412769,0.601173860284161,5.80724309235379,0.713404788456812,0.0761868114118042
15.2776725688883,37.9151463194656,0.193888492099479,5.97220152446438,0.606886331291268,0.291172622432849
15.5600900668065,38.1754358465393,0.622148488584631,3.68788687262205,0.149252320337347,0.0227630385903866
15.8929605165188,38.5040733448233,0.820889743085207,2.9992715754171,0.0967279755528996,0.0785468692240981
15.6490696967407,38.2640764909836,0.455500949727784,3.45156254441064,0.0623201048621954,0.0466226306749662
15.6699673387939,38.2123481909701,0.479839558078936,3.30221497587735,0.199833090313904,0.0394253085628397
15.7263542364452,38.2048242015248,0.616789685482701,3.24920078981919,0.155263228737506,0.026592735316824
16.0995481197765,38.1241496021069,1.36411903579103,3.24300609846334,0.159774034036198,0.0443629433495271
16.2024663292306,38.3349598712327,1.25360781641612,2.95647228024699,0.132044644407097,0.0413902659410088
15.602834619678,38.2738741023745,0.484163938028392,3.7312224475344,0.0699999795548607,0.204113281575619
15.9591632067799,38.5932119292816,1.0298203380381,2.71399658270752,0.0106268408886001,0.139947071601001
15.2859565712534,38.2723663578468,0.0090330837245235,5.13085271759235,0.138202635140084,0.0414695861392103
15.3522614180776,38.1731880098989,0.585654376897424,5.04063321156568,0.0811430534120484,0.0231680162749949
15.5246036089394,38.2459113627941,0.537101742841617,3.99627439343986,0.0881782841558817,0.107470253608322
13.1377676752404,38.0596990690597,-1.25605218998994,3.27966784099173,0.0678150840304738,0.124768259627286
13.7692488334187,38.0701681887866,-1.19294354620109,3.79573518901206,0.0635757895179764,0.32400996245418
14.1351773599716,38.019016531271,-1.28732380337861,4.43339393980335,0.132360842612826,0.694618809224642
14.6964712146994,38.082895604756,-1.42017821066179,5.74189007079712,0.0788025099354156,0.342349270010747
14.8760054096015,38.2006798034944,-1.17308886059178,6.63705746272744,0.0666825200031334,0.718534607700805
7.12684704527872,37.2610877456697,-0.720391229550692,0.797421722768093,0.0643109127154241,0.0807592000351712
-0.979828453919168,37.5721429483096,-0.619952918728189,1.64187891114529,0.114548074675506,0.0605265491996169
-0.718178378574378,37.7378973076774,-0.507911011742243,1.26606176534744,0.0273400199073059,0.122965018329044
-3.86302219642078,38.0129408593071,-1.05736110710414,0.299115356019484,0.127244924236368,0.330700622358285
-4.4310093299152,37.5806556713418,-1.17343495329943,0.0921962520055368,0.0622487845014133,0.136204235964794
-4.00070452051814,37.2040124052314,-1.86830324846091,-0.265272967356189,0.0693107499346706,0.0700617334514848
-2.06188316314926,37.4198788246857,-0.814977003012219,0.842155740711281,0.142529182113841,0.017037489980074
-1.67789391157174,37.4967143499899,-0.592399058694485,1.37665663976255,0.0317507430252192,0.111878877248461
-1.92383188796386,37.4601548641318,-0.674554351116442,0.993595881027447,0.142574795645428,0.057385513339136
-1.72556217500982,37.2133175349874,-0.683383664388456,1.63470324396398,0.220130255341906,0.121239736985714
-1.58278537256603,37.7659827494162,-0.564707293111687,0.746974520695643,0.0262693290234302,0.240791232280197
-4.36151537617656,36.926714090132,-2.51805643484085,-0.222095966305858,0.154337763073801,0.292766990039091
-3.77579294402331,36.996439213317,-2.21450585416021,-0.296076800633131,0.0623257900382788,0.137435973997976
-3.47634040842013,37.0021403111254,-1.97452051650845,-0.319783887509416,0.133051271903732,0.226773608029206
-2.40424465761931,36.915805971489,-1.54634149530277,0.711209484690109,0.118294233656195,0.234171668221299
-1.88198991931057,37.1415595268424,-0.951870217418394,1.48867989454482,0.0290319722618452,0.0952276386013338
-3.22188729097196,36.7507685671763,-2.21040000109709,-0.0449342810571192,0.0212068227599824,0.372309746516136
-2.213889502995,37.0251099892322,-1.32303064487211,1.0328220221396,0.112928495009202,0.0254511431481232
-1.47359630934648,35.0820134219233,-3.06213065564442,2.56656836453748,0.0602972736561263,0.213355390662921
-0.36210966203454,36.0417626735088,-2.49385667934634,1.94418648365693,0.275229965758117,0.260908077818281
0.487261965612385,35.9696949039342,-3.02753469212684,2.24280662872373,0.12360772067717,0.0458695511111681
3.23686029513482,36.4574173616534,-1.41521867223683,2.16561864236396,0.2343420607927,0.240741541061971
3.03384596440474,36.7249806977353,-0.820385533479975,1.98080363491889,0.66889285884397,0.448239476812145
5.50200232819021,36.7122092759542,-0.810703083208858,1.65950692076921,0.342481297478093,0.227553023900459
7.11221261598811,36.5506640758274,-1.72633082225503,0.879079177755805,0.204832198012249,0.373426139302518
8.26094611662269,37.0455216766793,-1.09664810327607,0.978070481640878,0.184710670885953,0.358899303842395
7.37596561138044,36.1737406923747,-2.14811171997827,1.30212651191404,0.0674115644731557,0.0583401610668443
9.91030368748949,36.9662763088142,-1.32579620186071,1.51384463055751,0.314117225699538,0.410220512604874
8.44991882739144,36.249405091962,-0.937658903822146,1.98352479346468,0.83663770116642,0.445119681547994
10.5926557996663,35.5239502045934,-2.1232447416951,2.81066527174619,0.0798686720793823,0.0869055671852346
10.0439022347763,36.5555523849168,-1.77614010699056,1.64514279453147,0.723880129929028,0.587166444307175
4.14680021081471,36.2087847120945,-1.93363678564522,2.71692218923078,0.0119775283089574,0.13252954057755
9.10389799739422,36.2482824363957,-1.00505840657278,2.19973185946932,0.539692680112933,0.304244535625367
8.702444891553,36.4481476928008,-0.852107094182422,1.97886016753263,0.598669649092973,0.361058465054154
5.49730783424156,35.9116635520495,-2.77140792881709,2.33705469496886,0.0883962158235399,0.198974832351444
6.57823286223034,34.8452980987422,-3.34092328090896,1.83592620828325,0.0737925215492917,0.393138018298762
6.53501768608693,36.2089901025577,-2.55582159561622,1.57513280135184,0.337361780060473,0.107743630928523
10.689177629613,36.0878094518157,-2.00132722805261,2.42111124415089,0.492771627869199,0.0681560040311099
9.72490922535584,35.1939866942184,-2.260425448062,2.8259102018512,0.284112250268435,0.27301550667129
9.76428172659208,35.7285977647507,-1.86334414890227,2.287638751059,0.0409021882173845,0.162862625897465
9.29718769667331,34.0872877469636,-3.57386615585646,2.72304755327922,0.146120108869004,0.196237725545038
5.77228582798456,35.2310216560816,-3.38004149242014,2.26038754875294,0.143553899417369,0.0227236155700961
5.80762912904407,34.7938298366354,-3.84181711990409,2.30354548959786,0.212240909615593,0.134488947421526
8.4527744054416,34.9924236088379,-2.83855081287426,2.01183147138136,0.0171300793968767,0.0437929360572336
7.9155675427973,34.3407082971217,-3.21387237555422,1.2448232253923,0.256487706908719,0.679068687174747
8.66930046007375,35.3143526486589,-2.27326781151501,2.25466512746102,0.324050428998161,0.197655708367352
8.01783741855118,35.7137633213609,-1.78624590927295,2.08668491758977,0.722278107946735,0.541928766843883
1.61820432052981,36.2444761404426,-3.07942604923926,2.00485192193408,0.336694113550703,0.228262763764561
0.905894581005376,36.0122420181357,-3.48640677364704,2.36479692088607,0.437170047710211,0.109619087703685
2.04272845353984,34.9804040149402,-3.78177468224931,2.90102346410095,0.0623280151121658,0.0172786237250371
3.02746564554702,35.0253945071649,-3.81976279913782,2.94273899842361,0.0378907376812194,0.0639265290010426
1.45697167947845,35.2400044621349,-3.6270619026456,2.59717417330795,0.0726082720736517,0.0915550131656509
1.78769409887503,34.252734681929,-3.63190057511698,2.90874913189916,0.280500963277077,0.0339676388243766
2.43179953454999,35.2052871315062,-3.78677170316261,2.82757430970713,0.0370428976664029,0.0726232900201735
-2.81332699653572,34.6070242809851,-3.63355643657016,2.47263624512783,0.0516415678181704,0.114993455240451
-5.35725512125105,36.074300666401,-4.06446099201986,0.704471299933728,0.0554614508958539,0.099298243706411
-3.22098268011909,35.1817177183862,-3.57092462681319,2.16072933394533,0.224163471490565,0.131626969368316
-2.00687112987477,34.7113393888088,-3.39978629099412,2.64687627049563,0.0836793855698882,0.0799273748660283
-3.32023449468496,36.1251374455609,-3.03684068476086,1.24682875413777,0.10290348252808,0.324836179986163
-0.953960454254047,35.4980350408378,-2.69160060875809,2.14246119503638,0.101738153712727,0.0431473937645121
-0.44856748787511,35.4111239970036,-2.71672147425006,2.06990791774273,0.308431338329995,0.102453646999155
1.76713663486458,35.8293456384778,-3.77078133012628,2.36615379633127,0.565011089450258,0.193575731714361
1.09641989612718,36.3871754853906,-2.93843252532667,2.21141753480381,0.303133055667528,0.170046221902645
2.99409419866983,36.2449705221943,-2.26019522578167,2.00882485552197,0.311314132414274,0.0245107230762685
4.43048971775815,36.3475251001704,-1.55611433603291,2.7324955721507,0.136885410568817,0.266256136418563
-5.50285800625655,36.196376461017,-3.7526662949415,0.781346392497135,0.072700030932704,0.0959523853714358
-5.38527737725994,35.9110329607638,-4.35870924776928,0.755040306960636,0.0750559078968413,0.179209565673981
-5.74408497658025,35.950263916746,-4.16528550663727,0.91012555425484,0.0167216484354152,0.205293515733069
-5.34569912650429,35.5218269767751,-4.99179172246392,0.565625018020511,0.0866147268238928,0.075368152898193
-5.41813041608131,35.1193421068268,-5.39497828121711,0.486235363206161,0.580858349613505,0.280422998127524
-4.59333355666805,35.1718423327857,-5.19727534033843,0.64986143809806,0.58877726921476,0.630969912224288
-4.59674887556409,34.9196743421313,-5.18651363207554,0.815241302168955,0.639627870548054,0.623743040166323
-4.08785739715416,34.3172725860351,-3.90941692913081,2.36665577177913,0.257991899656465,0.40886530927411
-4.58774714087918,34.4568479958911,-4.53338419483221,1.13805307541913,0.105840564364177,0.521545197761569
-5.45949139771502,34.6361225905029,-5.16050078141171,0.619797191970327,0.526165214340611,0.201465179007604
-5.88292629124276,35.256083652809,-4.99806246045468,0.826881562851751,0.25762521985525,0.240786601329254
-7.95372242409582,37.0599879857231,-1.63929797597178,0.816697493038907,0.0284513026940119,0.0162573647823656
-6.18349365003379,36.376676141665,-3.17412717368936,0.808264466819306,0.0376574794892474,0.0793459895628616
-6.10178207310668,37.3712903453969,-1.26230357487465,1.00161924737886,0.235539185608243,0.112902541052097
-6.07939879025714,36.4855789359105,-2.86822494428904,0.86501106204787,0.15469275620605,0.0129954856947929
-4.60404693423688,36.8269877843429,-2.76656552503302,-0.0351819912264493,0.17707955496988,0.205127390480637
-5.01752273683281,36.6136477658615,-3.08758435252644,0.366477080171493,0.0280881406289257,0.0111458702656838
-6.83682298202525,37.2312458320121,-1.6339627201453,0.819961285517097,0.0461705357390541,0.0675671880979591
-7.66686214006538,37.17899967693,-1.51662947186308,0.631055524891835,0.111541513889015,0.0835171963291038
-6.2549319420604,37.001557530719,-1.84070168982194,0.952416747582771,0.084017598594205,0.0169724575119942
-5.0652769789235,36.8300911198683,-2.63081722247619,0.42002336488118,0.0787880800514882,0.0481236444752426
-8.27772933415396,37.1180130474425,-1.48464381898561,1.07488720408787,0.0306788820794034,0.203570481085011
-8.58646837365869,37.1597236136762,-1.3567822176497,0.95702389505443,0.012249198943995,0.0694753571119536
-8.0102218353106,37.3160565975614,-1.2838454837408,0.775207617283407,0.150594082899681,0.0193586585844495
-8.15656054004601,37.1566339568426,-1.46882766262941,0.986966551722963,0.0369518440660477,0.143431732742877
-7.85698999304359,37.7533919988393,-1.22220434619766,0.771151539025086,0.0135097938637041,0.0682224283669569
-4.8971713399797,38.3068778087183,-0.840415741798605,0.210867111914436,0.0436706853131121,0.110008382590083
-6.43425911677939,38.1794654598925,-1.19877681970332,0.599132897167338,0.156899199456133,0.107244981264308
-6.98752915257042,37.1700166710686,-1.716942855171,0.765890283335716,0.0608240912793507,0.0742386955899244
-8.62805950355591,37.964165128241,-1.10079723445433,0.680927455331431,0.00840185089064877,0.0605881000006674
-8.60997822035312,37.62191184254,-1.26046725026082,0.874599975406384,0.0157309118276381,0.0503427958547501
-8.84712977426653,37.259962294727,-1.24066070892466,0.950059104071814,0.166889113834777,0.0668084726999574
-8.61609413587787,37.2239913399036,-1.26487300308157,0.975334364971403,0.039936340420318,0.0123998383689043
-8.61340674400884,37.4859106894304,-1.29906682940222,0.920964745539664,0.03379090863513,0.014899717505397
-8.74806241638024,37.4339330325016,-1.26208837873821,0.935965176866731,0.0483812215906329,0.0155122397824951
-7.83589248031137,38.9777302034299,-0.767004985133626,0.484024188933314,0.0947530816631459,0.0585031189295657
-7.81470267531078,38.6067202923094,-0.801670893980178,0.680886424090488,0.0930734979055664,0.0185051592238037
-8.54527562227226,39.3522945434282,-0.565657769823049,0.602519533065597,0.0706446595639886,0.0559771796019477
-8.73655024505427,39.1018082564538,-0.760611484045006,0.694966267251427,0.0264935451168667,0.0677440606861043
-7.88330604453709,39.7075427463838,-0.547514550221971,0.593621520023804,0.00501012747434595,0.028255466296336
-8.2998884715023,39.3700432398665,-0.56078857552132,0.423313000117205,0.0143407788312693,0.126312634335386
-6.49201525188813,39.4455155973548,-0.941763590477323,0.596665429907841,0.0496790545229216,0.0779084081473709
-7.06661502660737,38.9757487709105,-0.721178402802882,0.823453609358558,0.0254287302340172,0.160231154537184
-6.75689756786331,38.6524610532542,-0.844856985974472,0.688331068708713,0.060246637691182,0.0361105459166164
-8.32134907439819,38.7732719699381,-0.78599283105353,0.905431410814446,0.0309145496325298,0.211375836772396
-6.22885776276979,38.9985262123154,-0.874466346889061,0.564446229912478,0.00358750542729572,0.0129117681679339
-4.70637255353141,37.9421170106709,-0.832419556830779,0.160993249132031,0.114686271277563,0.0121664378562541
-9.26797798334428,38.7839376105175,-0.765489910074801,0.422782714922999,0.0723065593274221,0.0593326683232447
-8.89410331905184,38.5663544145219,-0.818760319878579,0.457768538197966,0.0173618947757218,0.169997997903201
-8.8871124892198,38.8511827058619,-0.863479916895207,0.519085132307248,0.142511309041735,0.0939888259688546
-8.59476663011932,38.6667850745316,-0.782757457248646,0.73065286465586,0.0228396458709986,0.0159027922800337
-8.14993560399927,38.1170349218619,-1.04376617832605,0.749009986164274,0.00527744345326684,0.017511691196728
-6.73832551722163,38.2447818490651,-1.15820300797152,0.621249039539441,0.0954038120570825,0.0511330440235864
-6.47443076807186,37.7512796802096,-1.26258195803843,0.734391905636791,0.034657920632266,0.048011293604602
-5.86669740367395,38.1520424762978,-1.0005165545428,0.614696021065638,0.033427810502081,0.0155583620426923
-5.71558411455543,38.7289619496911,-0.854652634980255,0.522641471346975,0.0228396452207857,0.0129230062976657
-3.1828784084484,38.0635912125019,-1.29538805008351,-0.0159095827689281,0.0417417915985853,0.143461742573344
-2.82614970618353,38.0702387207937,-1.25139483673342,-0.227615354197396,0.0144761621926522,0.0890433083700315
-4.03780042288999,38.5759052805274,-1.1674928666612,0.528972221037979,0.172140593262754,0.448726459712269
-4.09170789731565,39.7725827925497,-0.555247245200482,0.0674660226989035,0.127503394434194,0.0857698420019686
-1.40770146787777,38.4228480350482,-0.96719552059042,0.339642511645336,0.0775424577250013,0.0442867684357639
-0.463668960445707,38.8268317636241,-0.412818285221164,0.296063807172374,0.0598007862257891,0.0604372224716
-0.301075923856083,38.5768886791162,-0.359237217713927,0.358646229186481,0.0558739473672505,0.109484810356023
-1.92827072638033,38.208152455222,-0.877470063279486,0.0183319939515915,0.062585714172861,0.0637611536285602
-1.51769747145198,38.1319955235658,-0.750037198399667,0.229740591719672,0.0288797273426581,0.192863461932458
-1.18651841101128,38.1149278766887,-0.587235348263059,0.903909020732034,0.020940687189673,0.126831340156451
-0.482541657229175,38.0042235115926,-0.441071700628029,0.898868374901997,0.00383325475887196,0.126872276966307
-0.488559473374265,38.4101376440665,-0.407830464682272,0.484888922323428,0.0464779155909368,0.106397475200769
12.0882483814365,37.9460035086839,-1.29043600505645,2.61035173044476,0.114624284763906,0.346029581993485
8.68226963889541,39.5126451525223,-0.327409986995648,0.0925766548781046,0.12145543586181,0.009043536617626
9.17268066369289,39.1566287796317,-0.313769128830954,0.172993519241701,0.0271550994411583,0.0667026296744954
8.98933267891212,39.0412450159596,-0.327633782226549,0.194782928261314,0.0556290347283672,0.0538455834170007
9.71672145349065,39.3737451232369,-0.494096832412278,0.291705384421154,0.221025227371554,0.00500067882274832
9.40259486889546,39.1625943040922,-0.351568566198175,0.252817486713107,0.0492268659161711,0.0989747147452326
9.09990026232781,39.2876489993301,-0.342476052743008,0.0335118764199522,0.0335213593904097,0.0612987233847494
9.09120235652243,39.7318783589778,-1.03815170760035,-0.252925870415029,0.305729372227683,0.203404261624391
8.99734672467207,39.5133128163375,-0.580528565053765,-0.152627150395294,0.0231588071765874,0.0454018795527776
-0.992344782163275,39.1418766413399,-0.594436899476998,-0.00964294919812043,0.0136531991408981,0.116078791649687
3.11660613942399,39.5679334885482,0.0382594832123141,0.285626430728753,0.0419401857509044,0.00964817612193358
4.27500028304098,40.1926713577256,-0.0563127678868735,0.323654736799532,0.026079196608027,0.0597982396812926
-0.730010745934008,39.5320854673939,-0.420287124211051,0.125767215547101,0.0546570118863829,0.112423297922565
1.55503758924114,38.6944695740053,-0.155999012622069,0.386019482819082,0.0199430704476751,0.0173754728387439
-2.86038597292531,38.9087092409084,-1.07553770226638,-0.445592569217981,0.0139539519385911,0.27788004735775
-3.0614857197003,39.1931236551973,-1.01477791494892,-0.320373836496219,0.0255213969342918,0.180851476180346
-1.58057713610506,38.6845652536148,-1.05732631571787,0.13093280881477,0.117783589079588,0.0504914700841753
-5.07299675335181,39.1077054323382,-0.86570723580869,0.395354365156589,0.0825751288550067,0.0648891666466593
-3.4773950775354,39.3066455761438,-0.823210271625949,-0.1436571690602,0.106731011723913,0.138995282305659
-3.66253776037944,40.0959291831864,-0.728738439322997,0.17851485837205,0.120235754758084,0.0561504065486087
-1.4204214765007,39.6953664143088,-0.585719344961572,-0.16925602168633,0.0871209544071067,0.0522112142326411
-0.0114491215792254,39.6451319704871,-0.243763363911632,0.0505660970827054,0.116697053863096,0.0697215203555145
-1.39998407076696,40.2627428724894,-0.416995823468124,-0.258725972460188,0.0834684394001955,0.0722307231681901
-1.03616043279738,40.1927106566888,-0.348848985298571,-0.120260789707796,0.0147852863957828,0.0367919265283358
-0.373479171926912,39.7198251019596,-0.342942028757756,0.093898936606389,0.0290041387410437,0.030845697081511
3.97524372204785,40.0302559181211,-0.0454977462084276,0.338411578478816,0.0256723583321096,0.0145565646277673
9.09773662091264,39.8938757771063,-1.24819325868331,-0.291042992990775,0.597928517302451,0.390077877991945
8.53896060805612,39.8324216303225,-0.442902062933313,0.298265330474789,0.103879570062166,0.109648166503662
9.52183941177658,39.6763997683488,-0.927990603843496,0.0385403944747913,0.0752351494817795,0.0456077085082096
9.52228124822563,39.8327906841251,-1.261306071763,-0.0905899910760762,0.279987734328499,0.194079054053208
8.86124776068813,40.2812804643847,-0.536241298476872,0.294362427046803,0.0329252098930121,0.0918448555819508
8.63867662648411,39.9931808171906,-0.63120833993954,0.28978697397398,0.120047049939819,0.100671249765281
8.67241128701833,40.7463812349058,-0.442576707628003,0.338362265135731,0.129986210430184,0.0204580915167824
9.63246380813692,40.4122829276363,-0.520121138146862,0.418410753759211,0.32404520073012,0.105578719944825
8.3787832367132,40.5928742455114,-0.36279101981776,0.329614695892878,0.0214018657191207,0.0409562351618131
8.40569293741943,40.4372024518009,-0.363737882127248,0.364244544438951,0.0368711884760046,0.0121323019453813
9.34091238491635,40.3973240449796,-0.524098177373134,0.295531119904606,0.159964798828106,0.0124045248104452
9.06831648655808,40.8247522031733,-0.389329641978913,0.410974148870181,0.0279560669663346,0.0150962871666516
8.81710099947841,41.5094412375647,-0.00834645958247726,0.340324946125407,0.0818574826841388,0.00614475047202736
9.38136363085816,41.1207318530091,-0.272737230932716,0.530485877903918,0.0254485359014507,0.0871160279430343
-3.33353513694912,40.4248418658035,-0.545458776521147,-0.111135196614135,0.0585051078371488,0.136978937441451
-3.11428526150043,40.7407632130057,-0.398899785674021,-0.222876044420117,0.15081794240119,0.125175313369089
-2.67131919287462,41.48137150496,-0.0736634260437901,-0.0163174341705629,0.0991945609418861,0.36922824649308
-1.1816279439844,40.9687133607934,-0.0926232167009537,-0.186042608924517,0.0126518171979603,0.06119104364071
-0.188099158076293,40.6456231726418,-0.198184596705366,0.0452728892657824,0.0600516477409568,0.0548390778521108
0.473123889602192,40.4538113196367,-0.217371779289213,-0.053850882172075,0.0329803523314461,0.018301489485613
0.161798345404524,40.7396079962914,-0.140320675018387,-0.00834064559038508,0.0446371394708533,0.0600173836426375
1.31818740630131,40.9398479863834,-0.262807040976265,-0.298675312655147,0.197451354979999,0.150035737817661
-4.7604297096374,41.851815815182,-0.268833460495797,0.335140276083792,0.0707871330314064,0.0785928458290897
-5.7309181350196,40.4238123277283,-0.368862162530619,0.461995027993428,0.0261794029057086,0.119867713049707
-6.67747224329777,40.5995308829551,-0.327601345733616,0.582012907536969,0.0172044884205137,0.058384609359901
-7.31375663587211,40.309291607236,-0.3577913707402,0.701658992395382,0.0813522378756192,0.00218574342277213
-4.57083491677686,40.6316833977275,-0.279700749362309,0.044769295985582,0.0708013529405213,0.0699811318272191
-5.21791345510549,40.9348159906524,-0.139145281441264,-0.00999569850608943,0.105696917581027,0.144298217771065
-5.22627397109904,40.4749417150217,-0.381629008124339,0.0510824222449743,0.0417846484008511,0.148851232469801
-3.50110062132078,40.9013041630831,-0.330005569423339,-0.0700807190162495,0.0711452395579189,0.127311413884756
-3.70847710899204,40.4022332081222,-0.551510203969094,0.0650920540559002,0.0383694535359878,0.135239012473063
-3.78576878651067,40.5625810177512,-0.472651602170559,0.117814289987291,0.0499203846650079,0.0733552813045295
-4.16391777383897,40.5494877265048,-0.352248828126982,0.241324096920971,0.0871098932116804,0.0679484149692516
-4.3104712706484,39.662353596819,-0.606048270971757,0.121047228032651,0.101939750813629,0.0455210167240856
-3.80587659085197,40.2814761350552,-0.610490765127846,0.142522914881773,0.0617715741723026,0.0791755751461212
-3.7785758756676,39.980188399609,-0.673686515546187,0.183025550552156,0.0291367416156811,0.0435183617060311
-6.73759840283186,39.9215714356286,-0.610051672700326,0.65882756191722,0.0743594807679504,0.0478941996151123
-5.96118960453953,39.5698507131424,-1.17424033120203,0.720808525126256,0.294139657294067,0.183513480378742
-7.84825911870378,41.203508924455,-0.427596032240327,0.499654348827641,0.0541563913217802,0.01066050448452
-7.81110627739398,40.1259793860971,-0.441653836901961,0.822257274739464,0.0452673064080292,0.214628610475705
-8.52303992260562,40.9834899958157,-0.509262037712243,0.271952862783969,0.149158181779608,0.133767557609586
-7.9747542076831,40.7326857594528,-0.378630739643643,0.598960376478724,0.00568621461519032,0.0422920155718785
-8.65925886511341,41.3272214618412,-0.335163992136203,0.291540277168216,0.091309392414852,0.108337534723766
-8.93678123987822,40.8292057966688,-0.432363865791249,0.268045649601836,0.0118434922632833,0.0385131530532796
-8.7758420842186,41.1673803430876,-0.39490987944041,0.326989742181397,0.00426061286539598,0.0230030928577426
-8.47501419981714,41.6558887311308,-0.438294929212305,0.422643340802059,0.0875845868145407,0.0605804192048308
-7.36760333024418,41.6134430595951,-0.360449496666447,0.437957490539731,0.00871630345895458,0.0231447557948196
-6.80152922316456,41.4589815927154,-0.282233233258165,0.509096699133396,0.00419209151237939,0.0398963577345054
-4.94512571816338,41.693152031892,-0.288207437998127,0.299018566268078,0.0630791837873933,0.108420110122979
-6.4807106315641,41.7996488589818,-0.203643848603177,0.375840335474982,0.0293880696130525,0.0902560329881414
-5.64810770319415,42.3795780075556,0.00112930423327975,0.25116333551449,0.0520031604356504,0.0401810117561482
-5.71233746252657,42.0077442607004,0.137174398585647,-0.00172630014751338,0.214852067523142,0.231270011181486
-8.7178235511363,42.2257137882388,-0.178400488540033,0.65727687640326,0.060363827239061,0.0661540649434601
-7.94517168082356,42.3795293596179,-0.124081085097112,0.592511932380675,0.0750421024447004,0.0798259180538259
-7.65853452416443,42.0286030434665,-0.307014820011199,0.419800682860149,0.0650590162447641,0.0487423977752431
-6.75351892181907,41.9345092817571,-0.154167601354068,0.40216811133115,0.140166231231831,0.0668435779154525
-8.18698758077424,42.1137137750577,-0.306226624268493,0.619234639757131,0.0164625184177395,0.148878710361888
-7.71225398114126,42.4589433891896,-0.177807858115803,0.62384794458653,0.138498138379038,0.081419001066194
-8.5800433075121,42.5635777680087,-0.125509406700655,0.510199164363146,0.0221657807470461,0.16837384438891
-6.85830087761488,43.0782604986626,0.366803329505319,0.161205349594428,0.0581925497791507,0.0490452276211761
-6.73273747650925,42.5250369394317,0.0616882306224374,-0.134448010279121,0.0723706603192599,0.337842245982573
-6.13241770051884,42.568129023114,0.0500991163390141,0.161278927986898,0.0799689611876137,0.0258202637247491
-5.82985401620808,42.5911945500626,-0.0485998472235576,0.321198291597157,0.158936963776633,0.0216250022175358
-5.2037716427781,42.119629568241,-0.00868360212330526,0.35429094991105,0.0418431679756259,0.0598410445520183
-7.25292390961155,42.8698106842897,0.848936409651552,0.543827859633133,0.647421235322331,0.219154578366111
-7.20604155641499,42.5534130746425,0.0324291454278724,0.424087749560821,0.136937077447348,0.0449174409756836
-7.38295329107436,42.7190123203093,0.434732509565612,0.571904427268434,0.182529029338652,0.0832203336995549
-7.58159955900696,43.0746506748906,0.351410791936397,0.434676530173288,0.0805614506566225,0.0510921652785667
-8.1724817247267,42.507524328488,-0.125190657248227,0.51757052961332,0.0126457304698221,0.0275496192737407
-8.51256535195796,42.7888506393627,-0.0927088335957328,0.382913116930438,0.0372793719568732,0.247704780373032
-8.42536829330079,42.2579383714004,-0.301700906997922,0.633319594556573,0.100253341283032,0.0436199137732924
-8.82034614984362,42.5516429995336,-0.0876031748001462,0.826844480881824,0.037498951552188,0.323927175375043
-9.00279351838896,43.2445176325676,-0.0176246485323677,0.461139857175502,0.187292210690247,0.105522128602378
-8.35651033494493,43.6930944435382,0.459803550222331,0.26706892549455,0.153316003271491,0.0550333494144224
-8.67168884225747,43.4355777245716,0.419595219086045,0.358691802838494,0.272241607303451,0.114076742968436
-7.72755474145302,43.7101202536402,0.274977810235321,0.25032115172087,0.0426505467109867,0.0363304773931946
-5.68398074153878,43.5496861847322,0.0503496056355328,0.612924246912224,0.0561071488279717,0.0317847057738835
-4.40370563064298,43.3960987047776,-0.0325469863427845,0.348007686741846,0.102013613087628,0.0150002188273871
-6.97253899260372,43.5475481740845,0.100557531822984,0.0509145933630494,0.0459608626294143,0.295128933677188
-6.63303297540536,43.1370155945875,0.149445862429956,0.178601380306767,0.108607138226881,0.063230004528188
-6.19957671558915,43.2627393876646,0.0216752432293878,0.665103393272994,0.039895538723817,0.191304561013995
-6.4182827405068,43.5945829205455,-0.116275883690155,0.523195808486071,0.0707032694789654,0.0102875901361328
-5.17239722542056,43.3580434252461,0.225328183245313,0.501289541890132,0.181164036767153,0.0532975987131767
-9.11662277370109,42.961031323415,0.0884046734845393,0.438413789248636,0.135623198288582,0.115670462539149
-8.46428875779427,43.4998623357917,0.601702662118233,0.337773979910282,0.496324754320953,0.0253193259634629
-7.16546456353189,43.4731566751769,0.129448509145956,0.177638561933747,0.03208471362858,0.0581959139162599
-7.65707712708194,43.269455397585,0.124895777298126,0.33332567233183,0.1353934682953,0.0386289124998899
-6.35986863732774,42.965383739948,0.0923684098297055,0.307711403837169,0.138066200418284,0.053788577758275
-5.64836343597265,43.1360205812563,0.0441695535302864,0.596801406803507,0.0356076855703426,0.0231968276886263
-5.76755173184088,43.3332849227628,0.0822392291949912,0.702751484216284,0.0557013401724508,0.0772552712885741
-5.22651798871824,43.1814435975186,0.160404958210342,0.425388584638051,0.072144237637503,0.0579984590203834
-3.07695479656705,43.0633756093414,0.00983486016622617,0.449167359486695,0.0755642298926034,0.0393723846687623
-3.29732847203494,43.1766741802507,0.0276534259337331,0.244359742074199,0.0455454796427245,0.139120904823136
-2.88072538714973,43.099825730629,0.211265900332939,0.584563367153315,0.10691581101856,0.115254988197865
-2.67092781012556,43.4399343929678,0.264829908264468,0.578178487658139,0.0667167760916836,0.0445466556556104
-2.81065387860094,43.2127347818433,0.374845520909343,0.576190489877547,0.26538000574215,0.0683461269675418
-1.69855264233673,43.3299261985312,0.0337173062441659,0.227617558197788,0.0582838382413185,0.00244076970634543
-0.865974376206828,43.3542916796735,-0.0610163527720756,-0.00507616921089957,0.0414309526931187,0.0453207612526727
-1.5791292885535,42.7496346658718,-0.25379982950006,0.160560312037556,0.0141785763541825,0.0500180705447129
-2.02132691339806,43.2722453438974,0.0338586596275187,0.363177383240117,0.0108340369701161,0.0275691084828174
-5.3964283130828,43.5609618212123,0.112364700855667,0.537990460797064,0.0920376044869277,0.0315271899687782
-3.79132446557388,43.1552737603534,-0.0446540015888178,0.249654117466754,0.0613447050303927,0.0209800415388319
-3.32470757286643,43.4041578981391,0.0398579432813828,0.183456336999736,0.0558005115628799,0.226777616076504
-4.71910508205003,43.4752904198633,0.0746803720709076,0.405685684993765,0.0192481988540341,0.00673867123043588
-3.87018125335178,43.469957609935,-0.0478895589454758,0.244688781165876,0.127427642562642,0.0578176393082854
-1.54415552863106,43.6495270291484,0.175056339732211,0.161645582293192,0.118073846701664,0.0341517615114604
-1.3292199758208,44.8862996014242,0.180891969235912,0.274127375183642,0.0751883378175225,0.059514411190504
-0.538124276439593,44.5710101733901,-0.0274285732426464,0.00353380519450049,0.040306879999582,0.0699960635269318
-1.0493037893951,44.7451936736471,0.137581278177456,0.161462450290265,0.0882518452797733,0.0249679806300296
-1.09553462506951,44.5352129429124,-0.00341742139679751,0.17435480018424,0.0691646437889398,0.00897301770926496
-0.720387424891251,44.9716786242843,0.143861886968009,-0.0280878175224865,0.0923328925978592,0.0823268119916535
-0.0320254931555782,45.1484828690238,0.0142108784781519,0.106556779634172,0.0686823898243938,0.0134291392201429
0.402416658241935,44.9183810457924,0.185551058559145,0.178810845228385,0.0195686090641356,0.0108807388702092
0.535145988377601,44.7158970406214,0.164580764952544,0.259627042755865,0.0142169732802843,0.0610385151264109
0.855893505759584,43.7990832010126,0.0290713341542896,0.0825997971885891,0.161196150338888,0.14348357752469
0.504801145721511,44.359594703211,-0.105926764506034,0.301898741187231,0.118206302316192,0.0538589921769037
0.505134384020136,43.639580167028,-0.0165652542030348,0.212626158258098,0.0292407556984432,0.0355138385032085
-1.29320157485771,44.1697470070893,0.0919053099338291,0.172578039360287,0.0285875455611956,0.00188789875083298
-0.912955406647325,43.6691655373931,-0.00851910932395352,0.0153624533989842,0.0242759261013802,0.0429521752647693
-0.120160544472911,44.1355252013157,0.0332112888917412,0.173357832710349,0.0761047663231352,0.0184948668207364
-0.538278855561527,43.9729346890337,-0.00263515817357477,0.0969796287618705,0.0179039754985233,0.018995854248319
-0.365484224144994,43.7928574810595,0.0152446613854072,0.153137166491086,0.0498804460194921,0.023898078298754
-0.363022355412679,43.3876727930031,0.0465754300923831,0.21048790804973,0.0524597146894313,0.0311695905868833
-0.299148074384698,43.163819556438,0.0703634344473857,0.268760687245596,0.043269619318581,0.0206118476498522
0.818595658155937,43.1657131580395,-0.0560952014865919,0.322947221622357,0.0113967366211924,0.173209596444192
1.21856284999152,42.485394379158,-0.208159947414763,0.0372677230136654,0.0190655380824367,0.0126859794529072
-0.851081816168699,43.1649981514291,-0.0569913707843577,-0.0114761883009451,0.0126115358503216,0.0889797485922129
-1.25491739831608,42.596722738621,-0.185443101948385,0.0670143545633049,0.00756318405468962,0.00980185249631908
0.74980363698143,42.7458405016522,-0.0701826223344697,0.149574413171475,0.0473820392325682,0.00850861701810219
-0.307646222682323,42.3932029740805,-0.137624452193925,0.0271507458500186,0.0649305865913372,0.0792396682486935
-1.24556529355746,42.8029985566275,-0.209409363255266,0.0824657157413543,0.0195563776254445,0.00891375502977136
-1.94559381709871,42.3843099451033,-0.0682864749316936,-0.0228364241200692,0.117146676716972,0.00499867793111564
-0.81615623228539,42.4853815243722,-0.076614286163077,0.0385706535063745,0.0628219655628515,0.0120012739763221
-1.573483312495,42.4734084356277,-0.123538056174703,0.0204260734210765,0.0396010063548405,0.0188596532752729
-1.56799404780105,42.3066555513884,-0.101393418069978,-0.0819100995584898,0.0175712679365606,0.0664406164213569
-1.77733247879709,43.0587144909071,-0.24358240514912,0.255287632509178,0.0872394769383757,0.0447119599676458
-1.04438915676777,42.8709114364751,-0.140291087923161,0.0298266555635727,0.00922514856688108,0.0425988201577125
-2.24447969430449,42.8450259006431,-0.24914310086012,0.161337788558015,0.0646030574721074,0.0184236642789757
-2.22274919370984,42.5397698996587,-0.197602660376802,0.037686086023585,0.0917789987508764,0.00723167926325564
-2.22212790493015,42.9729996333927,-0.110683336715503,0.250686644644217,0.0226765104492966,0.00970264571421753
-5.01399357914538,42.8812663694255,0.0370860347806109,0.257637868782419,0.0243196811401819,0.15964618531
-3.99545591733431,43.0375847830719,0.0369882047463217,0.315096916105833,0.0681180832801364,0.0665839550447024
-2.42496359808042,42.8236682035862,-0.22971516730215,0.243013273276592,0.0488713500077791,0.0281318043090061
-3.56326888156093,41.8831206575525,-0.349012544333654,0.105079732720413,0.0914628143613697,0.0428919842474955
-3.83626002787658,42.3333241301497,-0.190557640993087,0.214603682218001,0.0784965467786191,0.0575002670557283
-2.88945941346066,42.4707903636238,-0.361084845549869,0.0681346382478056,0.134602108256038,0.0144004885236983
-2.81537255418315,42.8198246599833,-0.141006906903996,0.523011435982564,0.0224643754893736,0.228944327828959
-2.84305426514879,42.2765623349461,-0.34756026371592,-0.125808289768784,0.143330073323778,0.135115099256305
-2.5256289092077,42.4664543869725,-0.325107382345099,-0.062987468070431,0.0241688104997282,0.177202091145505
-2.08754596411552,42.6270240046298,-0.225328558114206,0.0462975398322301,0.0284066659843538,0.0113243805181201
-1.87306415936094,42.0917559482646,-0.0938454440320169,-0.116665069163098,0.0161481314778269,0.0165399214458174
-1.76695147700643,41.7380199641604,-0.059750466891132,-0.255270667476294,0.0772455751011727,0.0381102903345846
-1.66293494666472,41.9068451096951,-0.0886334398108964,-0.209446530012811,0.0180724304460342,0.0323873441111146
-4.89712824857026,41.3089843003735,-0.296790717715732,0.154434789100557,0.036941117414623,0.0379266936343074
-2.46225680075107,42.3052215299184,-0.227028237744676,-0.0394702839228969,0.0250551505696413,0.0298385837996232
-3.84507831204528,41.5438729906356,-0.454399803108554,0.196149440734846,0.151563107509309,0.0666643552514902
-3.61658688147937,41.2142591859033,-0.207710713271273,0.077601952048806,0.105600748921978,0.0216521795846323
-3.25782848283518,41.6973603565866,-0.342088733993234,0.00256247668751698,0.10342027417036,0.0533168506535492
-2.21399350084032,41.1650168619128,-0.013097955714799,-0.473994530498835,0.0939746851970945,0.047046281040919
-0.921467171945741,42.0389948343563,-0.102009337478249,-0.0109058690051335,0.0120049811805455,0.0230861907810733
0.392808178532814,41.5916960685061,-0.188201116714088,-0.140126906889936,0.0521540679083307,0.0835454965387221
-0.975315851577679,41.6141338885788,-0.121927629567783,-0.0937418464208428,0.00809578171279846,0.0306374439938113
-1.11929301424869,42.2367570208544,-0.111815988570123,-0.00511358613307821,0.00615517155457431,0.00503612840461771
-0.615300160520028,41.5212179337497,-0.126051652147393,-0.0309891108162232,0.0167866241115455,0.00256629305428957
-0.080653742434342,41.2373610369973,-0.125666112330175,-0.0555542703228918,0.0144350843131929,0.00446190740608521
0.555457508137493,41.825866891042,-0.15844177743142,-0.175437430470322,0.0306257380039544,0.0257982384568549
1.71186487171384,41.9453378665753,-0.330742239611278,0.106353024462301,0.0523837426131047,0.0607991903609346
0.834073027855957,41.7735415954697,-0.286649473068257,-0.40694046060438,0.0783842973936186,0.235680818570482
1.35535750944133,41.2439157015039,-0.202426451826872,-0.211040739910051,0.0269190190876906,0.03362751053751
2.03410102336429,41.2802017615169,-0.200491731037727,0.0188583565991603,0.0251363303643235,0.0301074096430218
2.79201445763205,42.0104632857891,-0.10500366700586,0.225968086497387,0.0476367337095664,0.0170540498954602
3.35808005700527,43.3178208515077,0.0186536413650019,0.164903002709578,0.0635515791002495,0.0237393552415908
3.02958296134218,42.8379963826927,0.110432019275562,0.130432574100583,0.048576215080544,0.0527047501981889
2.18467393864906,41.9578833559946,-0.230820450446784,0.197016088472093,0.00631276033578045,0.055212149411773
2.39384423123461,42.7607860400828,0.0686721090410334,0.122175648530899,0.0745863633756851,0.0181299020596843
2.68885019371997,42.6872962057384,0.180842506445538,0.102673463413226,0.143422447233126,0.0271844676122603
2.31659525266864,42.9587011537627,0.00572248318096024,0.026973458798319,0.013536789217069,0.0425580978458045
2.05032512997643,43.2165118009578,-0.0756157176042097,0.0418470656409148,0.0307551607847813,0.0838059511769852
1.39911055511898,43.530360921352,-0.0265158298250471,0.151910514156635,0.063364951019809,0.0745217113276297
2.04975488746146,44.1135928245058,-0.0311353792735415,-0.528731181259258,0.0336486477670037,0.29990877185956
2.24756385371876,43.6535861887414,-0.0566530264162322,-0.276013756142415,0.0337191227401749,0.049927806413505
2.76807982003243,43.1364117311981,0.0202213444907136,-0.00163986624957565,0.126686450961176,0.0229275949320901
2.89842491893148,43.4646392693232,0.0998214458971454,0.0565406396197734,0.0422942315719993,0.045282780025253
2.97669009214134,43.2478936434834,0.0942785544896442,0.0781656975044773,0.0130591586320368,0.0102770818866561
3.24304158298935,43.5968988912562,0.133318905127109,0.132205376290212,0.110333373130487,0.00725573687652637
4.44919483824009,43.4016534311094,-0.197615885117852,0.115621610782851,0.0592864334038066,0.0146387078680607
3.14293190425828,43.8770783210965,-0.0461059116418408,0.0882775909231955,0.0498305999056097,0.0198468249073288
3.35322268966391,43.8674783595513,-0.0181894145978147,0.10319968768322,0.0239453204095369,0.0629151402697532
3.63227965760045,43.4715830030966,0.0641998303125767,0.109771646853146,0.0628441030746073,0.0170905345242386
4.70774656909429,43.488612009921,-0.232282278213035,0.143862998165876,0.0699885695585519,0.0657872388924712
5.87031631189463,43.6755045848458,-0.257180126124419,0.0956061553423693,0.0953919024493922,0.0156556467463192
6.08562150858486,43.7011774363478,-0.206992815360705,0.102686044469407,0.095448439489543,0.0268416787876024
5.48771876380535,43.8440080088431,-0.156013057383761,0.0211264418900189,0.031257273761141,0.0472449237639194
6.67928797844431,43.7721756083383,0.0338616784135082,0.120553798306976,0.0287796938642687,0.104436884714336
6.15032049868148,43.8635937815769,-0.0716808621745213,0.0915924764570816,0.061381121012683,0.0394569656757307
5.15311956774665,43.4516601292809,-0.28103629508525,0.0627899680673405,0.0894362997424761,0.0298687110184015
5.40989605787629,43.3389058565179,-0.250776806356488,0.0405948569974149,0.0232132366376883,0.0609372575154818
6.24541626900384,43.0021735968108,-0.117709621162487,0.155403922382281,0.0414052991283729,0.0092524768291849
5.97313494762623,43.0818773529904,-0.146524419879677,0.120358523330878,0.052352251389548,0.0252535886885317
3.53741993156755,43.3043998534384,0.010684615684147,0.116165843755909,0.0406985836517138,0.0179414684770663
5.46687983745307,43.1383523586142,-0.205011278494667,0.113457375064303,0.0351206689237787,0.00464640484954295
8.83972612771209,42.2583458666072,-0.142223159232783,0.231328031283267,0.0159308101918591,0.00692181212289857
8.70242631451019,42.0720466752587,-0.1226635032431,0.1932523325775,0.030245462462258,0.068652861085022
9.20135055058028,41.8893833501099,-0.13135696796349,0.319124233038175,0.0264623639598938,0.0237349419768806
8.72697883741957,42.4928270100658,-0.118679531677128,0.227761001503203,0.0455299632843087,0.0495517893036994
9.23209041404947,42.2460473298047,-0.204487429070963,0.274792138142507,0.0282848407113196,0.00505781350677675
10.4113464889678,42.8760161484306,-1.00365124639792,0.664144080732339,0.0958355473236666,0.117000807652033
11.2323379500768,42.4994109322433,-1.21393313217924,0.525156993944436,0.0546146297012338,0.0118853824518941
10.9828062474915,42.7846767504819,-1.0391880717527,0.733887411629385,0.083198358656861,0.0897340686679913
12.0819258850356,42.6674345294806,-0.947295861145024,1.38368106332209,0.130328703136183,0.190034747335105
9.36268553745131,42.4834954117697,-0.235719853056423,0.290626772227961,0.0958320227130847,0.0114188598205342
9.81008564416886,42.6906094740908,-0.434404056479683,0.33353822483888,0.167340716657049,0.0417477214102409
10.2106010131439,42.8380190670359,-0.830969825699754,0.550137955318494,0.0178284908842523,0.0435271817394978
10.6944094119642,43.0391453068998,-0.842669005448477,0.647769132063572,0.0215577823841868,0.0611209109752265
10.939713956704,43.6578563472435,0.0636716581179031,1.39407440035051,0.224558906875894,0.0653591281916926
10.7669809999956,42.8531656282249,-1.04570741458402,0.767925538894822,0.0297034589398317,0.174898810367809
10.8103223785696,43.2855747939027,-0.545008085339163,0.772984404864434,0.0519523634562726,0.30482927590031
11.2551695264493,43.6083765561207,0.288266829395411,1.65492902527957,0.205291954946041,0.0803536040316795
10.8687144711154,43.7380212496262,0.0262967386558855,1.36031870477842,0.121717421297822,0.0518266246616404
10.4735679127369,43.4089040200509,-0.251259242026112,0.679400318314856,0.150005024314557,0.172235993360984
10.3135776996509,43.7922285160166,-0.283259818110643,0.910072881880364,0.0865796203901879,0.0831943465758324
10.9301714778737,43.7987647552735,0.168386144685875,1.45723124217075,0.129836082975007,0.045319571570948
11.2706018763204,43.8057376673895,0.302296234617109,1.90525288325634,0.063413231710032,0.0550389645275366
10.4562542172399,43.7799654528253,-0.40260118882551,1.17010338147686,0.242802794412511,0.0689974987713042
10.3991169800786,43.5585125778208,-0.2457367854597,0.744933608176153,0.131611237739143,0.117899609846406
7.63557871496567,43.9331006192411,0.683702051595313,0.725163655868815,0.262260353856243,0.434588769076604
7.03423043042371,43.5796913857933,0.01446212858554,0.0938922229077639,0.0264057798693291,0.148154869419751
6.77133903075402,43.658621139487,-0.0306292011863102,-0.00989521415131393,0.0269458963509404,0.204160512361116
7.58781637916286,43.797101264387,0.38402812290246,0.609728596518592,0.0678077787520796,0.217116381777121
7.29189927835437,43.7440190994022,0.214317953994343,0.311781018373571,0.00117174399173245,0.114455256425769
7.24284835221109,44.2734620793916,0.778722094564949,0.0349226624330888,0.0864369884129245,0.298626264113367
7.99331421631035,43.8064301542082,0.164588413357356,0.161858161155917,0.0820831044678467,0.0644853301825762
8.03021521156731,44.3401192312945,0.416332327214955,0.137493781641935,0.0189799879862886,0.0452781237686479
7.04400852845236,44.1990233592764,0.942440884197699,0.365694837890196,0.32269606642671,0.101953734328918
7.67301546461499,44.8022034428361,0.0663365338447017,-0.0698127474124906,0.0241527752301228,0.0326877933532975
8.24848054486366,44.3253519233914,0.283833049425989,0.0510722872591243,0.00647431909464395,0.0681926858019517
8.96068826798145,44.4286397944222,0.0595310546546572,0.216294216127816,0.0473893614269883,0.0501917661260761
9.42622659089517,44.3190768480162,0.0144416209696643,0.258273104581283,0.0279593967388141,0.197764945805616
8.1861721892384,44.0508576371635,0.271402233581656,0.00298007357477492,0.0428229716920032,0.087935424370674
10.3317608226327,44.1798545187418,1.19477639171259,1.27523195675016,0.443148492444414,0.35859336222336
9.85979240921944,44.1242565758236,0.201420574918555,0.529436984005747,0.0322599791824159,0.0662414634744275
10.2519668452237,43.8881901206701,-0.0795550931356431,0.904547693852181,0.13105262892095,0.155441601604426
10.1765385548118,44.051183841435,0.529724600107893,0.908582661919891,0.0501959120609553,0.240592317248334
10.5498445624347,43.8913917855282,0.152394300640913,1.43325105630108,0.0263935176654687,0.0217548589945201
11.2051198842047,43.8585057498677,0.254355135306345,1.88105343263383,0.0162468989310026,0.0435125447093815
10.2606518423709,44.3893668605651,0.489968615803444,1.4294118061651,0.0682181629206128,0.0514790731590739
10.7937341249924,44.2410516337474,1.15765044599028,2.76508457480806,0.27309357758301,0.261769234567789
11.2069507577986,44.2631934186077,0.567758860630243,2.60289581144052,0.195793214559401,0.110659254345105
9.49850776682109,44.7594487509524,-0.185578685982024,0.919816731273083,0.168812893044097,0.123937436857857
9.69739425115589,44.2853076929488,0.0502705490792467,0.449195601491018,0.112993918493974,0.0888352219964811
9.93708540847011,44.2292801561533,0.294758697465789,0.705459515955312,0.0530543486953022,0.0215017375519518
9.83414483918983,44.3230409653575,0.154218263304364,0.662077373530856,0.0444305905701461,0.0442652619458938
10.1166171257761,44.3807373985964,0.423524360196452,1.03939200100014,0.0343260576367493,0.0829230541564285
9.30078270190824,44.7721815620237,-0.0739215076104087,0.767577040034347,0.0036937701563919,0.039989424843125
9.7431111069197,44.5155720923647,0.0499020913571537,0.843410561670353,0.0534982448219991,0.141541494364168
10.4789632542503,44.4645709713518,0.52461535475002,2.31023034131158,0.124476839740909,0.254942803925042
9.8523678130659,45.3753056514271,0.132206142249094,0.666215652564746,0.0503659297495934,0.00532816574711397
9.77776033746787,45.1233334974833,0.0210370096712661,0.877878701095109,0.0103408374394446,0.0719856880280837
10.2540547590769,44.9245920748545,0.106720244947706,1.260935476969,0.0783877451661173,0.0192081163473968
10.4182194279991,45.1189225402707,0.0533948488041324,1.13267414786219,0.0342985115605186,0.0234553888776962
8.35386265687496,44.4270382348475,0.244584241749403,0.114917522322451,0.0486638121138521,0.00757648372936988
8.45150788284128,45.327061751065,-0.0610079109498997,0.181868615367334,0.0185878386484408,0.0581882098187965
8.69944868593399,44.8665811351413,-0.144942486067025,0.361540510107253,0.0993584185509266,0.00606834286534026
8.19941040658339,44.81646181244,0.0166821766513123,0.248177032894373,0.0487805688092389,0.0799808239118596
8.16349379284111,44.6558589285104,0.173455687015453,0.185002782723129,0.0263989067971489,0.017075137794587
7.2945147670823,45.0787094303772,0.0326722307538884,-0.34722626595862,0.0724845982316697,0.0497457922198368
7.50740098704855,44.8227657485262,-0.0298332745684676,-0.147805079372653,0.0728900796636282,0.0512802753476934
7.63496945986606,44.4373612743209,0.407051982357335,0.215411952138813,0.171960084844011,0.0170092442589538
8.07403240436564,44.8831594609142,0.0105713927514337,0.204295784796507,0.062796713216184,0.090825305022001
7.86479603155248,45.1015184673357,0.147790837805464,-0.0495968509902984,0.0784409060708454,0.00753259770743024
7.67567752910788,45.0176512923845,0.141150828783883,-0.223902058874007,0.116512473105955,0.0262202631944206
7.58196815963927,45.3446468888929,0.0546153431359421,-0.253339321048185,0.0577746462654214,0.0867027008750357
6.78574584613615,45.205040591001,-0.136548070587538,-0.177555525598963,0.0414779066372156,0.0620000799073873
5.8644806291002,45.1561473766046,-0.283418428723527,-0.014098722713055,0.0888009514656073,0.00485239938659788
5.85168873681793,45.2506655294035,-0.186103189757725,0.0393539696106613,0.0256984053907132,0.0185605157969614
5.77599882492858,45.1151642512364,-0.248961243774689,-0.0126324647671765,0.054006374019234,0.0457535766105446
5.36534269897414,44.8390886757347,-0.105912581775709,-0.0195631900374743,0.0138772844086999,0.00916690047293349
5.66053002739031,44.6898850731194,-0.126609082433915,-0.0560713327064335,0.0383369875370882,0.00963052077285601
5.56996732735961,44.9828171599067,-0.18082102835177,-0.0824557631240829,0.0300835282068927,0.0366269398901819
6.4567837615707,44.8595210481579,0.150309409088302,0.0869641915655664,0.238004211475221,0.0590767109145803
6.73937561947339,44.6260715675302,0.0470610037343466,-0.00266570407320112,0.154347755654857,0.048690416020785
6.70749807241476,44.8331365639915,0.0476364134032536,-0.137007133726989,0.119156752198749,0.163910938349173
6.52600698698381,44.4731922029235,0.21485699030132,0.071671001441405,0.0917915959215737,0.0936832700819322
6.49612010666202,44.7370315404468,0.122529601250585,0.0477914537444317,0.102319184212747,0.00376348601497082
6.64584202610224,44.7202800214431,0.0156863319851576,-0.0697886417674843,0.0432824891513239,0.114053540934036
6.69426910375415,44.5072059574405,0.342502369752718,0.253015295776491,0.0289451413623555,0.163601893433702
6.86106034750789,44.2880499603855,1.01573629031073,0.690358484489508,0.518929804301268,0.563198693658372
5.316296810821,44.4723360597301,-0.169145166472269,0.0594004770391306,0.0832057400244622,0.059833600114299
5.79091346291344,43.9811448561631,-0.130657157107472,0.0540544443143875,0.0378695585859835,0.0145588290910025
6.36871319069228,43.8917822025505,0.0791595695417365,0.138606195382349,0.0539993615286296,0.0444001605597379
6.26492507502099,44.1541728213091,0.209631023847817,0.081656505344986,0.070724076162111,0.0321867763621649
4.61991030543354,44.2878868364856,0.0340794940839828,0.0453498582804578,0.0832376873275985,0.00666912921428577
6.03252061111269,44.5895461755493,-0.0392947807546073,0.0441054804933719,0.091269702071959,0.0911293059928709
6.00088011249078,44.6967766521875,-0.0454635190596119,0.0482624797807873,0.0225909601353547,0.112362586420838
2.68923527436817,45.2960597257016,0.124452800136829,0.119480844262303,0.0344507189810865,0.00988639840883759
3.49855422566534,44.289601310988,-0.0418365758802536,0.0837006583142941,0.0393960807308472,0.0379729940370421
4.07803804210935,43.8775710840732,-0.0102145302249117,0.0799569950839848,0.0414471249059703,0.0265807039443396
3.6697890569801,44.1360365744492,-0.0233406813911884,0.0964383490702474,0.0129048721341619,0.0172947543657893
4.29140991001602,43.7544032499837,-0.105330202878873,0.0570046706549808,0.0287642293955767,0.0606309533091653
4.28724042272408,44.1327066791846,0.111062913324834,-0.0132095697941745,0.149548558344548,0.104885154556564
4.96390653561866,43.8021387540793,-0.0765350750000003,-0.00155680126379069,0.0755191776470091,0.0819210338806259
2.83185957088705,44.1362420145662,-0.0938282410114518,0.0147444391253632,0.0587654263999147,0.031294383952967
1.5476708376921,44.1535111750739,-0.0991776180887536,-0.122175060864303,0.105469885887685,0.029860847388898
1.72181310090146,44.6349613650583,0.66287611225719,-0.181538852485118,0.453598845485027,0.0472168672896066
2.67491199696768,44.0341591627402,-0.117480805258235,-0.0989522146329969,0.100752346672502,0.0113081578843298
2.82822176397355,44.3560022681677,-0.0279896605135066,0.0238971578645911,0.0200328040538372,0.0146586348573167
2.14834860439918,44.8676224661355,0.252633828215297,0.12766123646283,0.0287728662789167,0.0895163083803825
2.99238269094044,44.8088516011914,0.0719553043880295,0.10146382053428,0.0282085736732389,0.00772451908414758
5.16945091824104,44.6473932648572,-0.117392519056471,0.0534484950115461,0.0361676990289389,0.0497868594391253
3.95424414966023,45.1939334949843,0.195368760355796,0.0573013267790213,0.0515854656849426,0.0806802290150547
2.98339784302563,45.2322103425072,0.102460686069778,0.0972775873786679,0.0471974008999874,0.00492009055734866
4.11223957718961,45.3492128518255,0.201579078429653,-0.0035096991464456,0.0386075902075198,0.0332162175593451
2.16432464546412,44.6588694543863,0.313061093585439,0.0738631392121707,0.0801373392354634,0.178823995130064
3.18607993454075,44.6110032670724,0.0202361702782353,0.122281511982346,0.0248752605691968,0.0418599238998154
6.04683412626983,45.4874299608393,-0.0462950168886662,0.0466004249442859,0.105440313730616,0.0254185020806255
6.43966617391775,45.2606193663221,-0.305684586337494,-0.00832085817788412,0.134458145286627,0.0413985044991484
6.04313330758348,45.880476489679,-0.153728704444515,0.249981767871743,0.0246917923241149,0.0449385477113429
5.70682147242573,45.8512931272133,0.0381299889605442,0.145093699848573,0.0692725969642404,0.0107077467013742
5.60251320302299,46.0917697138422,0.0610233033197709,0.217836395533291,0.0763958820985869,0.0323635450662649
5.29321754747529,46.2534914789249,0.122728891290704,0.161738064925466,0.0266674209976295,0.0248606450218428
5.67952048638598,46.1945409980566,0.0337612345324285,0.290845616241707,0.0678686515506155,0.0469976574377205
5.23185962742642,46.5407486039673,0.0691952145747497,0.186852683692972,0.0149677317876803,0.035334014832477
5.49742363945609,46.6083752856018,0.0602583997240765,0.293199480285709,0.0547358537105924,0.0551663645998155
6.12163212374858,47.2335525781585,0.130027606691612,0.236300987941023,0.0245775218649037,0.0298083165346799
5.71409487672347,46.5074910286135,0.0101722720851158,0.306842391603358,0.00557361670874845,0.011420979784713
5.93000246050192,46.7477167454006,-0.0215375144174057,0.204524503631241,0.0224517449253246,0.0104570175896959
6.00253113762676,46.5144894478842,-0.0164847838538894,0.222378624095127,0.0123773552372914,0.0313810038356373
6.13420497913776,46.2657714072345,-0.094281011936648,0.269961788183274,0.0450640964234802,0.0768251075874714
6.1681263170113,46.4929582454997,-0.0120301992900718,0.0893300263057796,0.0258314463621224,0.116806241187085
6.47488695199738,46.1790418517245,-0.0510836226849084,0.0591298843026929,0.0676707105117538,0.0795274905547223
6.52440526485302,46.3762492523487,0.00509887967615076,0.0227017326755184,0.0728288840122998,0.145069373658579
6.88908630371239,46.9282343090713,-0.044755299742245,0.183325687792157,0.0560949947021133,0.0659677740279771
6.35177787485405,46.8383810641882,-0.211329535342659,0.20486527149814,0.111875233288526,0.0295607099619606
6.53526913876162,46.4957519974615,-0.0774040186719254,0.182049415557867,0.00500992869518976,0.0447924346459841
6.43978827183973,46.9301501629326,-0.185491705108728,0.250247328871521,0.109872572557706,0.0209124181969768
6.39759863298428,46.6029067024555,-0.119798358098028,0.14771561973523,0.0227545880692727,0.0258728839210448
6.98884171023305,46.7722981244691,-0.0772891261258815,0.181184303802809,0.0850314662791972,0.123387748927237
6.93793281376671,47.1604566392108,0.108685511034037,0.103747526766387,0.15161512547019,0.134371163125299
7.52612146209322,45.7711921444511,-0.288744979178545,-0.351946493958386,0.0121102711160673,0.162335465686723
6.98034786097971,46.5105749123005,-0.184055068353053,0.201624818085016,0.0289012071704496,0.0186504112261245
7.24918118417259,46.5688242694682,-0.163823026576348,0.2919176953102,0.10398909972381,0.00068074613891787
7.72046029599322,46.2922541840571,-0.370564922834038,0.272639063722269,0.0936646722561368,0.0986666535468171
7.23239533524859,46.3113403550399,-0.327231503953671,0.115692351794025,0.0128856481744355,0.0634196318521306
7.24223318076633,45.6955761598034,-0.260049786403607,-0.302525250921202,0.0206426547927668,0.0241157252495918
7.83654805200462,45.9850186946928,-0.455726569903508,0.0606736476851806,0.0809537273748241,0.107940501801306
6.71138147089436,45.9443377965039,-0.327669934788223,-0.104192700561382,0.0612716127571106,0.0260191616699088
6.54205538605607,45.9667319183691,-0.295375474157263,0.128484908354965,0.0633483420392636,0.117648310157233
7.14742503226712,46.2088891507303,-0.252662970866534,0.0105199971056239,0.0681906098915671,0.0757052213206635
6.53679413931931,45.7532872078042,-0.433668043469334,0.103806374531669,0.158716563424891,0.157506969405897
6.71327027442125,45.6986914257755,-0.41940344001285,-0.131800391116831,0.123493209600474,0.00891825410734831
6.97004935127317,45.7804545326892,-0.38045918303342,-0.333484357555993,0.0509165094872083,0.0858040069471662
7.24314439291521,45.4586684436821,0.0185864152234427,-0.265862034204965,0.134136079660968,0.102174729714658
7.81389729962564,45.5493644030105,-0.105643418587355,-0.146177626679488,0.0689797532796698,0.0173423967957536
8.09201723010345,45.1091924563225,0.0472700727419371,0.190176507569062,0.00982358922758761,0.0790277977445286
8.42375661703743,45.8059933842121,-0.236861711483025,0.0123303049715188,0.0138800673635779,0.0277146002898505
7.52595324349766,46.1727550416961,-0.385183142241542,0.120035716120933,0.0132822056778132,0.0661281315336719
8.35567279328601,45.6995020375299,-0.257972186768692,0.0244069240016435,0.0653152861897938,0.0259740199872996
8.6454153517506,46.003714063917,-0.227873364420874,0.096249380684946,0.0442515300366023,0.0276511016987999
8.31712493680207,46.2707087159471,-0.219297433645471,-0.0377147379689322,0.0723658290689704,0.0739623809221717
8.70758623175683,45.8975561204889,-0.174160751312355,0.0983634401688492,0.0192037707370686,0.118629176292578
9.17354982776664,45.8384328736103,-0.132626413943657,0.346953622426875,0.0298390496203779,0.0269573403881059
9.33827808200393,46.0376506784359,-0.341554230437231,0.431719786768621,0.125581469343723,0.0136712841309696
9.08967644517235,45.4690346504738,-0.00934680211297398,0.545060516852254,0.0413597747147624,0.0330555608795521
9.06530732005575,45.2161039177536,-0.0352890883301296,0.586056542224848,0.088693547487773,0.0546693204284915
9.62721980025609,45.5467997257716,0.112108915560449,0.358758147078535,0.0515667255047658,0.122369088968828
9.41066083138199,45.4197489710569,-0.0534422820280268,0.573196568495069,0.11091229446732,0.0191977834449962
9.36633519374849,45.6602645806166,0.0324008564724741,0.326721531642768,0.0407344397647197,0.101567224803222
10.0691412117593,45.1748143726565,0.05082364616994,0.88228311107869,0.0148535548331914,0.0509369544292975
9.56803619354086,45.3325419884688,0.0109561814208114,0.634684465950705,0.0432760047473468,0.0344803910274875
9.88696326923499,45.6250002065427,0.0209201657289718,0.643575244206101,0.0490446754444084,0.0928848647391025
9.69308011073834,45.4155470465786,0.0973395813723896,0.58292427185955,0.00823511389706157,0.0202037829765702
9.97085312577379,45.486238598733,0.122905180847186,0.667993354373156,0.080269026423059,0.0216594640200514
10.9161817351321,45.5147717175766,-0.0505039184306071,1.15480286328713,0.0585443825534185,0.13718415493074
10.2850175989041,45.5297538538243,-0.0590166005095798,0.801264265830392,0.0170687352932866,0.0720971877492818
10.488072445052,45.3242880212081,-0.051887854192556,0.929816273785564,0.0562372106860466,0.0229926452189798
10.4738636709423,45.4537918096725,-0.0989783807124815,0.852676455312544,0.0672426866037786,0.0483582748636241
10.6251248809147,45.5169702005734,-0.170050225440278,0.761798605585486,0.11814083327735,0.117728032633068
10.7937884286327,45.4511684387364,-0.196757125561517,0.937215699619653,0.180625683595071,0.102107655615318
10.1190320738707,45.8909892312377,-0.181316262099707,0.562537567723842,0.0778773529154402,0.0186508832286218
10.6377489566345,45.6435063143285,-0.131408747847541,0.671227387448477,0.0309897036460441,0.173652204082593
10.5399837426716,45.7334737001187,-0.144030568252109,0.655192873298255,0.0371983709140024,0.0434964789600635
9.53690719459221,46.1998304277546,-0.290679651206988,0.49307190326477,0.0351550090519442,0.0339181169831858
9.48657713590479,46.0783950318617,-0.374573244585439,0.481341217098021,0.066477381213469,0.0586737482326441
10.2456037196515,45.9399835406528,-0.188863063023518,0.542940166049805,0.0536379780028085,0.0150354772827792
9.83323055179591,46.243158267348,-0.354761717527571,0.327736760415677,0.0240790087091734,0.113926898179745
10.2308284478323,47.0856918254647,-0.363905726426123,0.418590369969976,0.0790778887106521,0.043561941316562
10.1345999946044,46.3349284461808,-0.42826134493925,0.361165438304651,0.104897139929562,0.0610714717734769
11.2274528487269,46.0654983537644,-0.226208820520977,1.27057503802883,0.0311136289752105,0.0390597591036791
9.81941970199113,46.7919596159678,-0.212664890429355,0.366214372939444,0.0131011305782633,0.0478967980754158
10.2120464511975,46.8212513005254,-0.270220906704992,0.489171571889751,0.0136875259831551,0.0351190112260643
9.45382147849251,46.3349048509477,-0.111868521158863,0.579851263332462,0.20712893646741,0.111086085111021
9.90913738616655,47.0044088812416,-0.425479558527582,0.330841772129769,0.128768973394711,0.0389848367013162
9.85356444734015,46.4580381374089,-0.329966265541331,0.384023250844166,0.0196092042099215,0.00126914918744712
8.12458067613964,46.5558221495771,-0.0995279094272918,0.108931858130529,0.112385780515861,0.0925410779218097
8.05117528883803,47.5156404265659,0.117156665789302,0.250217445094175,0.00137595309419181,0.0113765614047886
8.87160766478201,46.1472875114833,-0.122511423136625,0.336068071439587,0.0561406384802547,0.0249770764267352
8.08801361785611,46.1495846726845,-0.368398590588881,-0.0736307628239752,0.0137263152983122,0.123210408609457
7.85521066298735,47.2405439586211,0.0296408039736734,0.481010236597222,0.0273737034151388,0.0204743929476789
8.10793140968177,47.3464827420616,0.084339374744716,0.382374833629123,0.00218400813332141,0.0227837081818194
8.25305786640945,47.214637726728,0.0127198632182967,0.416322259650723,0.0139050550559065,0.00752780033730523
8.02510957843558,46.8270227937955,0.018111413963492,0.425653644238688,0.0213580373392841,0.101903589751825
8.01603668530156,47.5973864569057,0.0763317066099502,0.229578796725413,0.0175277126188544,0.0335680948363274
8.13930338142728,47.4951939973135,0.113181680018362,0.277840369663408,0.00796345465233505,0.022131930683846
8.2713577456619,47.526157634351,0.0609703257124701,0.300216345239564,0.00673405713898858,0.00985680523920396
8.44662669795754,47.5590754256946,0.0027234824360851,0.372201863503643,0.0138906627365722,0.0102445960397468
8.303970718771,47.107946389065,-0.0199653887023564,0.423434714557096,0.029277746284217,0.0139895344536403
8.20525866473407,47.3695653059194,0.0890444051606803,0.349996686400126,0.00729886022553734,0.0089462149878915
8.49031895021691,47.4647471133183,0.0201481130935547,0.419417714411243,0.022275499403432,0.0153876150952813
8.61201033701229,47.4501298256827,0.00506415407595534,0.428801114364204,0.0275407352986696,0.0164568054641632
9.40927695347117,46.8513791719601,-0.0735769476899997,0.480234697813751,0.080442512050577,0.100158274893596
9.63097194996602,46.8811459797409,-0.183630570155447,0.341073204736359,0.0261615163705487,0.0427912700046564
10.0196020805203,47.1116902583549,-0.495716596471773,0.304932543312126,0.218582748894242,0.107580410370362
9.69885779437566,47.2524337922656,-0.183873045573402,0.347079886540373,0.0350603576396809,0.0297264281920778
9.41989658499868,47.4041377745632,0.00413781465228756,0.293880446915056,0.0169803172725807,0.0421674092700213
9.77186068186223,49.028623001358,0.141386641564312,0.105511103804454,0.086260868154598,0.0911423117259312
9.62825646940324,47.5976473605313,-0.0169716483580929,0.327881184488111,0.0435343353401151,0.0181755960887186
9.90816439222337,47.4808228154822,-0.0286813427632818,0.351811902409507,0.0159697008751797,0.00209171061061754
8.89651916535198,47.179271514679,0.0802819577459624,0.404093895389913,0.0852375545673377,0.0190775032130358
8.86144904331731,47.4934014089643,0.0479007176748264,0.314874072714391,0.01205248837333,0.0143031183476998
9.19603803107893,47.5814295348512,0.0673936710389056,0.17570321491838,0.00734376115853748,0.0991859462943465
9.70794065263695,47.4814991299962,-0.00305439760847872,0.366758360487143,0.0413832303561971,0.0172359230006216
8.63393260178761,47.7473908076291,0.0844296380672243,0.170436822995543,0.00520407243228214,0.0432388251010794
8.71335722858197,47.8153273109167,0.0656653192077854,0.162836025514764,0.014741738937803,0.0224709000588483
8.83054976605018,47.7953239479124,0.0949958913817312,0.201314106195197,0.0113769116548713,0.00549895828062856
9.09848044953307,47.6863592796079,0.101475065197357,0.189638688885572,0.039327184579687,0.0480049191326789
9.28132009440381,48.0428617748203,0.0447020977666725,0.271658608411553,0.0166498368249064,0.00349670248481165
9.64600984800438,47.8175689449399,-0.0229782496631888,0.328833764441971,0.0594286664823174,0.038962141691367
10.5536892799973,47.546711542421,0.263289974615794,0.48309171360908,0.155909958599279,0.147163167393161
10.6869889508732,48.2634909182292,0.0564402329950273,0.367300092045375,0.0231006568699216,0.0341030093033336
9.97943617760406,48.1509900524298,0.0749074773669123,0.208642612367311,0.0268222084867942,0.00515979214205998
8.99993174805341,48.4554441651747,0.0867626857245177,0.255709091656189,0.0115258356733039,0.0120581146356463
8.5109629169135,48.0444405373343,0.0286465359883224,0.19984642071077,0.0154135449665702,0.0864806862356196
8.36310621578576,47.6710222754615,0.0203505911880652,0.251228444715051,0.0273899885418145,0.0341578879434005
8.44543989871815,47.6894031604269,0.0327198804439245,0.274219458348041,0.00812259162603041,0.00263117625648278
8.52986334493339,47.7890644853692,0.0410066788689708,0.188211550583855,0.00188967459009875,0.00914696053115924
8.22112694582139,47.6872138495847,0.00319920181558136,0.201962139551356,0.0185101226566743,0.0359434805605349
7.73094755032309,48.0222688960572,-0.0441263619065612,0.410029753033048,0.0190178713878428,0.0206025946624325
7.14041692095221,48.9296784901829,-0.136180031944933,-0.286359245833667,0.0704824354809545,0.0564511614302631
7.52045649603385,47.9260716407505,-0.0561155472961824,0.19946510362068,0.0685618314699101,0.0396700190903448
7.32490503667234,48.1882089572254,0.021470160008877,0.0190105492492442,0.0160996691312295,0.0618172458075488
7.62564520838612,47.8395783979288,-0.0141942032609659,0.284605946834223,0.0263775254921051,0.042721133405483
6.84563436313606,47.943866778444,0.0418911784732991,0.000188992350669108,0.014475625982766,0.0414275650937461
7.29656532938258,48.3425759164461,0.0527712027348408,-0.0475638540578835,0.0340989623795026,0.0755707268238533
7.50378316291103,48.1341269197375,-0.0149446598876374,0.171917372833808,0.016357360978611,0.0446053780963626
6.67361869198104,47.4578009893729,-0.0334923679049076,0.295916047589507,0.0729392222842662,0.109545244147692
7.41961985083707,47.7080290092005,-0.00120201908928788,0.181139484524672,0.0364198419225006,0.015888069235001
7.88884494266896,47.5133882131781,0.150168609498617,0.312933453544005,0.00924224889671999,0.011569518236382
7.57400598292732,47.5452574164207,0.0987229805943978,0.326246165470545,0.0006517483446909,0.0045546639637311
7.6631821334108,47.4174540048974,0.0901250704685037,0.400526696106408,0.00439027928052037,0.00538753835702553
7.82633013621383,47.9588960070264,-0.0772075438544726,0.427447384836124,0.052477163198414,0.028976294440441
7.86326134869282,47.589315699611,0.153573224788706,0.319579465742379,0.0269718222551815,0.0103351819958431
7.67423185587263,47.2600578512968,0.0637058073587011,0.45413757957508,0.0555613656081908,0.00386571932289325
7.65642502816381,47.4873406557758,0.112634591277248,0.35916548636532,0.00350184236671241,0.0218582579201736
7.81844384023061,47.4787579117354,0.157103288646948,0.368391940189625,0.0291288721079509,0.00100897806995061
7.65903136753082,47.1768040082893,0.0259309653385615,0.450142493631332,0.00929401336027461,0.00332997093025708
7.92753057923562,47.357938979437,0.116287869635448,0.431131661663649,0.0480969366521869,0.0195218497905844
7.89171800158467,47.1311146778281,-0.0268118915863413,0.486512342178699,0.0390382913303491,0.0123204087433652
7.00071886496809,47.0332252038963,0.049804130497309,0.108204536035915,0.0985029899931087,0.164487736913716
6.9729685567562,47.3680890626369,0.0128574735254966,0.153851497758957,0.00575336573755655,0.0144784182422377
7.48391802177681,47.4457471495739,0.0423638035076177,0.332121943466356,0.0159366850104159,0.0114682304159296
7.20708361063632,47.4099893574362,-0.0198743062198234,0.237476045008882,0.0253313168544706,0.00451844654271593
7.27621285128512,47.3095984879479,0.0165112625697701,0.291146817225121,0.00649603772574325,0.00878489156906758
7.29331704863375,47.4686917948681,-0.00494342597449262,0.274677771530908,0.0125342588395905,0.0231720838730531
5.91398102775788,47.7201544066656,-0.0148264462384867,0.112374915022666,0.0962355749017143,0.0805923494361155
5.1597859257194,48.0605360319054,0.0108113205534257,-0.0967917297778509,0.0511048603711226,0.0616346215283701
6.70412140804855,47.6103881778549,-0.0644775963924635,0.215383869503945,0.0999680055599526,0.0775705860323702
6.10228691280114,46.9946046353567,0.00751842000252117,0.243750811219523,0.0134227399080629,0.0291107608617048
6.60763535840832,46.8755103090131,-0.188583184187337,0.265793491709905,0.050010249903275,0.0238016944921745
6.50699878132571,47.3710333721011,0.0785986724892687,0.360068914282115,0.0378645290167436,0.125060737079097
5.15571237622458,47.0051864410916,0.134599408889882,0.0775963878987199,0.0183533420532042,0.0409713191380838
5.2598139370294,47.1926667246783,0.324060964157464,0.143598907917668,0.141158417977736,0.0737321489502855
5.59363093532484,47.0759322920017,0.22541816419741,0.163623872986126,0.063853730614287,0.0184336688498843
4.99009652466992,47.7039431698488,0.14256945350009,0.0193205693685196,0.0660435438270903,0.0413062409670879
5.74508227005318,47.4580284256481,0.119318757369737,0.10994690275047,0.0270505280260034,0.0656551181871437
5.61227022391578,47.5877813241122,0.0918480115828912,0.127670104076402,0.0357899402731221,0.0320537715886809
6.05152545922622,48.308334869991,0.0528196299818808,-0.00496867571718092,0.00555216539895479,0.00917221803378527
6.27595356937791,47.9785308363113,0.0667353822946208,0.135489537322455,0.00673282782794492,0.0121271387320709
5.40023800775116,48.2051787990473,-0.00826801463917636,-0.0626792202560709,0.0249045927807354,0.0385604515775858
6.21359035899172,48.226361045005,0.130381131622992,0.0184640259893373,0.0654426642504707,0.00172496503278421
6.29926375349353,48.5778011793993,-0.0128427939408799,-0.172884581217537,0.0559296771762334,0.0326750475104924
5.5952057706182,48.6301781077951,-0.0559024635763324,-0.0528364544595762,0.0177354491860255,0.0527871140230813
3.22984814701634,48.1815828641453,0.0594656308310498,0.0536894662454465,0.0820371038581967,0.00584266081113689
4.12578771083156,48.1306003522881,0.0226571549948018,0.0181653981937148,0.0198628610752547,0.0372927056236392
3.88574813993628,48.666976012717,0.200204720416917,0.057688230466437,0.130392680076527,0.00290286042790796
4.60534661813512,48.5360585120026,0.0633898990821673,-0.159169290473074,0.0319758661984512,0.0700087446584787
3.0787063992214,47.7949728800055,-0.0672451058546166,-0.0344980580341099,0.132303528436108,0.00982216036290895
4.51580153210854,48.2150675003537,0.0384702403558938,-0.117527455496596,0.0351776793567667,0.0592537833982459
2.03803316566098,48.1484371873131,0.298559372733641,-0.170104723476333,0.240082383156854,0.15438730649997
1.98973441446889,48.4262876648482,0.049423407497307,0.063616933435928,0.0153918963813563,0.0632534649211114
2.27118604383626,48.3987230537279,0.0718831494082915,-0.120148596382158,0.0200553376364041,0.0494373234763255
1.64733883886665,48.2924441949442,0.0525783952969718,0.0265493804256395,0.109248259476164,0.0150060231733787
1.85100631655747,48.4490918978292,0.0117449398846397,0.146921774178356,0.0696417334631929,0.118390772878558
1.83869711772973,48.2970596925827,0.0617996552085106,0.0949175539042234,0.0616887568637489,0.107868873483382
1.56576332567867,48.4539883845222,0.12564228241251,0.0668818941156146,0.0213326540218531,0.0550096848709959
1.24524608306915,48.5943302570169,0.182251374735809,-0.0455930156301353,0.0211887033688258,0.0611385851211581
0.665657467463283,48.3591000417705,0.242786032798615,-0.120104616677758,0.0840216980499682,0.141582998347775
0.905098475282653,48.1751442666601,0.0556875452033908,-0.0344915093845877,0.0423181383978131,0.0407876953695171
0.697558738381744,48.0110009381232,-0.00477748301580216,0.0955223173102853,0.0804660688881554,0.123709883088116
1.19901734950684,48.1292749166861,0.0285011243770806,0.0027549555700891,0.0717179871140765,0.0539495203289006
1.32647776612762,48.1743414311439,0.11097404571615,-0.0100280297639994,0.0195659703317905,0.0361259950537056
1.46900487173062,48.0952799695607,-0.0509267746279448,0.0285737092930229,0.198682837532494,0.0494249901403948
1.94359492685587,48.1816033865533,0.18619187538439,-0.0355016217307349,0.0778278151386383,0.00576810800398577
1.78376309340255,47.9289706889075,0.00817080294286157,0.00994020566680581,0.119265048396437,0.0265690391199087
0.196164162958859,47.9615284646554,0.0775836407953926,0.0672433924215257,0.0212934940950637,0.0137673946694904
0.807561630428278,47.6960699898506,0.240642965326131,-0.00294616383505646,0.0650060509700349,0.0499062224365692
1.22083354439054,48.0028105288069,-0.120140176024357,0.0649976678900702,0.256663343922795,0.0908786772774633
0.690955259446642,47.3896746882237,0.350506334546511,0.089766910754925,0.132991367796976,0.0159805236181557
1.07884796874943,47.6529922040789,0.184753860460759,0.040803932046483,0.022503207187354,0.00438941098261015
1.03364073242549,47.0934099192519,0.0508645151532839,0.0151621707202637,0.0349048890177969,0.0157511801034148
1.52444380867167,47.1796406041506,-0.0841326164153836,-0.0668838654847903,0.112194901618572,0.0703589054652745
2.0707168802062,47.8308530992758,0.115867849800895,-0.0541375531182892,0.0216978986757821,0.00457221271997891
1.61131407294066,47.7208346708199,0.0918975752359406,0.105968561368166,0.0637440164713591,0.0991064149044998
3.90303945338501,47.2925530424081,0.0339111453614172,0.0158598483867469,0.0109382382283678,0.063852066015011
2.76219520617835,47.8813795108326,0.0863351270972012,-0.0768288394745687,0.0278660948106631,0.00949718096382402
2.43363010597428,47.7036870590951,0.0926619766915071,-0.115445546651945,0.0381325950156485,0.0236809552193569
2.87408926315267,47.9682653957592,0.115348583093101,-0.0164023136938509,0.0106625300735171,0.0313504980253911
3.1178654278596,48.1060487131938,0.0682820503469297,0.086264521724938,0.0576286169951443,0.07077056947381
3.1926261932526,47.9748547884444,0.0344498150973933,-0.0109069460995395,0.0243425060226844,0.0418197002122907
3.76707333462926,47.9793948582424,0.0267347978248419,0.0902995434416461,0.0427957057440532,0.0086379975196239
3.65779381623621,47.6052175678293,0.0193520932674118,0.0737487657529298,0.0317956981541525,0.0396203315467576
4.42730654184931,47.6771609977511,0.00918372949316703,0.150803825951983,0.0479528106423192,0.1037271439561
4.41894700625828,47.4456170169778,-0.043128721667852,0.0993454866559933,0.160064903962577,0.0150787428846982
4.22804372275593,47.7072364124288,0.00704278829661522,0.171818735067965,0.00524070893599285,0.085841078201218
4.07739521448964,47.5965531750223,-0.00858985425305499,0.0961718839075892,0.025941260200218,0.0251903212623844
5.08774865987827,47.2245425752919,0.271242860180428,0.0509101223523361,0.0748728527286383,0.036784398851256
4.58949458212461,47.1403186749798,0.11269155551971,0.0254409659335968,0.0195867770055477,0.0311658163995031
4.39487776071525,46.9136236181838,4.4569062944867e-05,0.0069108772034808,0.060224636125392,0.0242149211488632
3.93459843731375,47.0987699978581,0.0142135722363152,0.0226464535425544,0.0302148696901721,0.0355761043903187
4.07409138563342,46.5170326238817,0.0975815234440732,0.122252315617487,0.0313860396589333,0.0896701525975394
4.21324135935691,46.8988541794115,0.0144204787169917,0.000548453111373979,0.01848263877362,0.0391467913171022
4.7203709923796,46.51069147672,0.0460815104559958,-0.0355584471216381,0.0768259640706486,0.0931796279678908
4.9216206984197,46.762040477262,-0.0368073426236966,-0.0135055195644796,0.112191907902075,0.124140911365571
4.79503614445702,45.5352338584347,0.084524859667276,0.027797555871946,0.0736748171037186,0.0164110434044203
4.57913675048405,45.3591415226168,0.207159498649241,-0.00299078294402918,0.0619162969471142,0.00860479438734851
4.78039749141725,45.8079025484954,0.126274229006255,0.0506810058532456,0.0243892813675932,0.0548443207994844
4.27744482958327,45.6401539499923,0.172310340293979,-0.0698434601317135,0.00665374929234908,0.0403014305976595
5.33049949729984,45.6817348163718,0.0759800447960099,-0.0189427051440707,0.0131761916999178,0.0848176277860587
3.64822727042156,45.211897338646,0.12814030675356,0.0389538438676911,0.016455653029699,0.0184599058199796
4.10179526493071,45.9431245603433,0.26678715495469,-0.0367934806090085,0.0942096288676217,0.0283635669341389
3.80861716558764,45.7067664817667,0.181250313225408,-0.0530737550042952,0.0287979255116985,0.0524921006943015
3.35365753532384,46.37481121109,0.0970212402584831,0.093947749842034,0.0478409536931337,0.0159823125448459
4.27155205035278,45.8277673636061,0.183714739242732,-0.0495804723124447,0.00380177317315465,0.0359939456300111
4.25818349375405,46.4530594908132,0.114140977975051,0.0744794459538978,0.00362377009293838,0.0351919200942427
1.08034920622385,46.6133524010579,-0.232503533570005,-0.0723442224666567,0.220012226849407,0.111486306700957
2.45257940697303,46.1705509508746,0.139320671455265,0.212528795812764,0.0378704811128392,0.0130257746793906
3.02245358712762,46.1421145251885,0.173992290557972,-0.0362311431702502,0.0381425539820868,0.157696125942894
3.07769539565989,45.8081478985246,0.20035384425721,-0.00786954180855299,0.00875135039513687,0.100706847270709
-0.134761511136779,45.9144838667169,0.0747774419459708,-0.00033525107761233,0.0915595632964383,0.0487600738474661
0.516690051028116,45.4752058505295,0.0433829034222338,0.143079421464198,0.0813414732593069,0.132937130300148
1.75773692167882,45.2107535977761,0.196221211421482,0.119389098849459,0.0299508414811154,0.0322659478329495
1.47443591011497,45.6934257880949,0.119103783303812,0.0882279616646927,0.0634384654895327,0.0659676216657989
0.906683776396637,46.2602659255883,-0.0481545486764133,-0.0182111210809843,0.0287562769406829,0.0340301735341238
1.34860298612287,45.9300049446432,0.0936092210904378,0.0745154268364483,0.0356657590462239,0.0454808877806634
1.40145754763096,46.3053265837287,0.0582788095726655,0.139449738237467,0.058384628846745,0.0534151750080485
2.30468159956287,46.8489178661454,0.0337905561307231,0.166589358797834,0.0698938431287049,0.0493780693069179
0.605433466828707,46.6340867331941,-0.118257330002297,0.0185438149418236,0.158198418807465,0.0186764010039347
1.5056084075709,46.4750813678476,-0.0381070010647795,0.210708594343598,0.00857165830068084,0.143085437597003
2.1920306457982,46.5115834524868,0.117599145407297,0.306635564607565,0.070689841152586,0.0943130583330493
3.44881253075921,46.5165324607798,0.052196410348388,0.193371170839584,0.0299182989324088,0.136171421994457
2.66451160174256,46.9880320239878,-9.63447405081102e-06,-0.00378932326515988,0.0183218361797615,0.0909749608105665
1.98553495670284,47.2029857223266,-0.169158634227701,0.00711071963066298,0.165071812498242,0.0275357539154807
3.28893091773599,46.7134512159176,0.00925997518255217,0.151763167076312,0.0217163141708732,0.0731660197413245
2.90182475246195,46.9660297153789,0.0092700751150908,-0.0292425857527834,0.0235764823586323,0.130790109814115
0.810338987585855,46.9661543761537,0.0678638051998878,0.108231142248836,0.00411436615466964,0.084255877018348
0.968111287567207,47.3135619333177,0.254885465348531,0.0121402698200846,0.0881648364472813,0.0312017771321484
0.358274405366628,46.7585904871814,0.158412288471514,0.0668990956794882,0.105193870033279,0.00811110323130124
-0.761761207682506,45.3484723771278,0.0468069429989382,-0.0135118779466073,0.0236151974819501,0.0569593476151059
-1.2132432762526,46.7675407161859,0.0961041822310702,0.114323621674642,0.0274972180528853,0.038328609182558
-0.902841573383993,46.1044230716577,0.0600090787567454,0.0493461153327371,0.0200328109759146,0.0185873576360357
-0.237968517079839,46.3088308363728,-0.00117252130145475,0.0514043843899489,0.013353869165238,0.0234532072083264
0.154488343739288,46.6713680453882,0.0710441805106075,0.0914509054755379,0.0123148348653887,0.016327788322578
-1.62357260659359,46.3956291060712,0.0851354855150694,0.0922368561774611,0.0500653377296466,0.035090496563218
-0.489784839009365,45.3446861010005,-0.00905693515696773,0.0316937061026417,0.0507511469648248,0.010444352132197
0.0513090353312882,45.7089487713826,0.0477039022141624,0.0178472714438446,0.0367028921259768,0.0365019148138798
0.366966918611152,46.3105736916724,-0.108794652426831,0.0435266022891355,0.0885919634055363,0.0118319905311921
-0.981008462901293,45.546404487502,0.0503889226043882,0.0163082253938469,0.0290897345138306,0.0476189551905518
-0.887012629606689,45.7306504325961,0.0820880273789522,0.0632003591673491,0.0289210732801327,0.0323684647963552
-0.441816382787036,45.9155031561922,0.101058793292493,0.0181766572843528,0.0966874823464877,0.0165520965984796
-1.04835345543471,45.9167356454949,0.0898675069950572,0.0346949463439224,0.0125682563526051,0.0167890236867898
0.355667788537284,45.6911696364854,0.0160564083238204,0.0732164937235413,0.0366696829333701,0.0475234643480241
-1.38205099270211,46.2305244741458,0.0459129337785353,0.0258719053035464,0.0767724363391415,0.0687634388418735
-3.34258135663824,47.3076836192919,-0.0526436660353377,0.175330844882752,0.141402394837463,0.0155829745612473
-3.65903609916316,47.51347026772,0.01027567635356,0.159875317615225,0.0815094377481148,0.0494091074925565
-2.01200228132192,47.0351811212687,0.219099167834576,0.137588868284805,0.0728567676074717,0.0115340272819882
-2.313632786599,47.2722230400213,0.0458210677861491,0.0862351278048732,0.0570911367059099,0.0094258745348571
-2.2451427211798,47.0935491840767,0.104296574467145,0.148218291282343,0.0373263143217192,0.0179199058801625
-1.68909326731608,47.2469556073917,0.0753957196914321,-0.0186892144746169,0.0632472004114374,0.0847908624892017
-1.72749041539949,47.1191382530692,0.14686587386451,0.0380709941591257,0.00324676312674762,0.053746750663323
-1.54815340918035,47.2600612653966,0.0842890836499438,0.012288149863906,0.0500562093070505,0.0255592550501295
-0.583636558944767,47.312592526532,0.175144871859204,0.0981357811725249,0.00560584906072538,0.0337161431846629
-0.160415180728865,46.9667001337182,0.244213957555575,0.0501973194987161,0.0844961193461893,0.0507288980197398
-1.50161268682019,47.6962402880918,0.119594345575924,-0.0176891894241596,0.0256706609812174,0.0342749182745812
-0.933977066977768,47.7546258291406,0.0946038842030026,0.117170101400365,0.0212697819262266,0.0278614604937287
-0.365994689997486,47.4094014944252,0.151064942971988,0.0852187869029364,0.0553692817479719,0.0142552180527091
-2.52974477230804,47.3427541538082,0.0520780955691366,0.0926987809703275,0.0107852944034057,0.00500164561980235
-1.98944242205789,47.6819040942431,0.131430092443738,-0.0319728706256054,0.0445135609118971,0.0513985174702497
-2.14725046627398,47.390601675473,0.0804102947032146,0.0230150313987459,0.00366069127173153,0.0494917433247848
-3.8803832305191,47.9647214629889,0.194296290917271,0.147930064813765,0.0534016154097429,0.0127063087997014
-2.95435718851486,47.8123987007195,0.122256809323984,0.0752560142698154,0.0375024007012628,0.0217852206639845
-0.59655296895618,48.0338151128789,0.0870336310953197,0.0941161620631019,0.0246951997626123,0.0382502054692987
-2.02474342215098,48.7196548949458,0.034964690235853,0.165048894282134,0.0114903214517278,0.0547513051560574
-1.55763010148302,48.1950444402998,0.00505730733975469,0.107164405157261,0.038822758074614,0.016821340609686
0.303755701745315,48.4737531948341,0.14705334299109,0.0759523855917567,0.0356086261548486,0.00792222021389336
-4.19681059840645,48.2518080013268,0.281869536514301,0.160021413563984,0.0932199249439835,0.0455142326016544
-3.50540301419133,48.3294911974932,0.137710456847122,0.117760817338094,0.0230050511375942,0.0753006789829031
-9.47211513754659,52.0588561824356,0.269251062724927,0.209091651321521,0.168786050503856,0.01798209946485
-6.13538082204891,49.5028406692907,0.0897145367033426,0.369742208547116,0.0111234877365114,0.0682243329027945
-5.48665567009668,50.5265504631705,0.118275628575378,0.256197553537684,0.0129814203635677,0.046002035914799
-4.81685735999764,49.9142933280594,0.151398369917534,0.345613104267024,0.0457335673460627,0.0568093022218981
-2.10571229043921,49.6422913576982,-0.130568318006493,0.0538365457998504,0.084499061229453,0.04697476597784
-1.9430882547164,50.8954517236245,-0.0347887493409006,-0.0936315840835669,0.00898137395269559,0.0157747176946779
-1.58993337267131,49.4473746547291,-0.0302075567363609,0.0969251900611348,0.00619202181775522,0.0246302378589443
-0.384140847036631,49.1898374034018,0.0612970342278063,0.25396538211246,0.00829807234515452,0.0808066102107843
-0.778972615940529,49.0966816887018,0.0704552742275735,0.15599597125098,0.00186843342878954,0.0112125080235381
-1.09253138325953,48.6729056107694,0.0975271391614613,0.0550036594766599,0.00876379121880166,0.0925049625007888
-4.61181651337516,48.4500783334958,0.274571219286227,0.241938457984003,0.0617121739357496,0.0532084885837467
-4.29928812340928,48.4084012413212,0.254299939619875,0.204093291334564,0.0399208269934356,0.00466869643475093
-3.76877912021871,48.6878040114478,0.0840459772372549,0.0966361556330504,0.0720453611112929,0.0158167648083532
-2.85407962951998,48.6266233303173,0.121986536349216,0.074650193320079,0.0591709767998281,0.0511094028238438
-3.27757179853529,48.8968772046346,0.0361294496629787,-0.0156774491111683,0.0367966973243989,0.0798868423788442
-2.45026017902376,48.3535959929988,0.0643506673060516,0.04525600844031,0.0221752871453694,0.0142902885892331
-1.67498987993786,48.3909754013089,-0.0230624772256602,0.142203668828419,0.0703096456726402,0.0324718620980144
-0.310030880044975,48.5977948516895,0.212756092504277,0.29334541772346,0.0720665866998606,0.0874772912714986
-0.0851752346042013,48.6114657294123,0.128763209341858,0.26238539904517,0.0823115035244172,0.0690685036951582
-0.470051778693161,48.7632003895992,0.183602046701144,0.298801273939983,0.0275785551284052,0.118134279727192
0.55899719245663,48.6235703580626,0.270393574501248,-0.0834340248874854,0.0279870564108619,0.0879396726557725
-0.523260487006516,49.0706407791928,0.0849040003901883,0.261223711392206,0.00524332039570574,0.0694944817036779
0.562886471182945,49.2509873831496,0.0664521991554786,0.0154156193316478,0.051669471248909,0.0456898634270604
0.777632942481584,49.0923921001191,0.1322487376671,0.183845365120589,0.0927402793857768,0.070066227534759
0.507334453344521,49.0646256099976,0.124919158213414,0.0936875656938659,0.00936077670233684,0.069930237371962
0.86544129700784,49.1672827814714,0.0824423525606802,0.232962658598073,0.0769299233946739,0.100706484841912
0.744603848627547,48.7795282667561,0.155020051100126,-0.0144525218471715,0.0664358353708576,0.0533409635300413
0.558955540397111,48.9563203416765,0.146925182289626,0.152693608326078,0.0216681032663844,0.166367151061855
1.1057878469532,48.7861568399194,0.09291612958894,0.260517465958075,0.00203907856955348,0.197364211100403
1.10185744284224,48.5782870663633,0.298643444500718,0.112258738267046,0.0443815226100982,0.0854529381969661
1.05654510634547,48.6494630298368,0.315018258140702,0.103067441746107,0.111336186252382,0.0209771823441591
1.19431169482576,48.557096208504,0.219120702570289,0.04325660452874,0.0238682882669375,0.0396192264357131
0.974960444785468,48.8164242643932,0.10119111310623,0.0984578714673295,0.0134803004982048,0.0775005179255938
1.34269628852063,48.5562451623062,0.165364214586384,-0.127605560932892,0.0265428936386629,0.138065786853236
1.49551887184136,48.7049504423875,-0.0376774863133448,0.111068314205243,0.0471911521262416,0.0441157662574084
1.81406094220781,48.785249294242,0.0609687498433718,0.0448978091833476,0.0426734738922103,0.022134301405238
1.68934517772194,48.595564887684,-0.00320906668802731,0.201354170129213,0.0406012166346567,0.135317707811531
1.96575743744865,48.9058944363105,0.0109025328121226,0.0525634887453519,0.0161606693539854,0.0573728331054255
2.46319088356312,49.0437825963654,-0.0317643742834344,-0.0964786144907581,0.0125229106596167,0.00944986938445375
1.3257318216057,48.8408708908089,0.0474526309234797,0.0639449910790894,0.0988750621258444,0.0165336772564488
1.02310357587926,49.1529869740991,0.00399492867384199,0.217431341818009,0.00852249592875563,0.0967571253827884
1.54904606255861,48.9083646507267,-0.000868499119893466,-0.0464904357297544,0.0360130551984256,0.0934803284507186
1.12689200348933,49.0527493723928,0.0032359622468732,0.093010967083639,0.0182505906074813,0.0409088414689336
1.47271897200832,49.1580546707226,-0.0995998951969411,-0.206680631090303,0.0330083430021096,0.209613194512252
0.659868104008181,49.3313465226344,-0.0552457110460633,0.0701047957952828,0.0746552919466252,0.015366431806536
1.54242238057231,49.3511633494908,-0.0711054573321061,-0.217139290300901,0.0177981169562635,0.166444143786501
1.25671258431838,49.6202221411694,0.00429942676576826,-0.0200901818790257,0.0487352216556889,0.0316660350322356
1.24795330259868,49.394467040084,-0.0560034273757785,-0.0253288906790256,0.00853250988967773,0.0181804909697765
1.41437517168157,49.5693349485451,-0.0314609317731688,-0.0755241437819887,0.0111228286630326,0.0206892052040382
1.70142197104903,49.1976065241808,-0.0753150673358351,-0.195979117671235,0.0196486463677696,0.168927496289738
1.55723458602632,49.6298008292428,-0.0554313471552489,-0.121296947830279,0.0504982403709568,0.0153308649578061
0.926349831495371,49.670776865152,-0.0923141582769229,0.0147410491224748,0.0838163468712727,0.025274101801171
0.767597156658289,49.7432715599962,-0.0579898153351624,0.0356947653126997,0.0524514843141381,0.00594413862484124
1.0392585660134,49.9348067668879,0.214723970179327,-0.0777230823893639,0.205092277710848,0.113433489827139
0.096737193404408,49.538548572989,0.0208259193149508,-0.0974968306488683,0.00685772767387723,0.0959979548543688
0.386153023949684,49.3939315418426,0.0036804182768367,-0.120006515915443,0.0347230078158139,0.118487433916398
0.451885534312699,49.4865206899573,-0.0525359233108085,-0.0518835744677167,0.0139727083873987,0.0445352245848743
0.640909939550679,49.6852534365398,-0.0825070225714482,0.0779845114055727,0.0417241040623633,0.0626413576188663
0.224183858371367,49.5344843537161,0.0156078480630963,-0.131367847090926,0.0419906380879874,0.110326268616261
-2.4532749556236,50.6600668152403,0.123487173241411,-0.178973127524622,0.0518760811846598,0.0875204365790874
-3.88902940576378,51.3972396177708,0.184599260231504,0.130603278406852,0.0368747153490059,0.0540373573963891
-3.46871636194865,50.8607261277467,0.358168116730074,0.0488990618401841,0.152609785495459,0.00806463979906248
-1.50942870691266,51.3628728969932,0.0224929844255148,0.0914306386824624,0.0309599939481071,0.0847850455079149
-2.511954685643,51.1807783023031,0.0666123544983657,-0.0532265930143715,0.0803244619959784,0.0260376881497137
-0.00390214933170782,51.4639537519344,0.11020770479593,-0.206814205782751,0.0619224532957701,0.142883252355074
-1.43551879695683,50.9509804277455,-0.247408600875268,-0.0275851930834858,0.119817971103371,0.0660697646589647
-0.614421847621576,51.1023033333022,-0.0921356241758031,0.126519300603562,0.0736066670833652,0.0949333314838263
-1.03390896369748,50.7337627859132,-0.17783690409628,-0.0180720398675998,0.0250855510318179,0.0223385098021265
0.0769854285252739,51.5064522324813,0.0913070307153369,-0.16843920783918,0.0229598193438267,0.0587694149093212
0.330294229734286,50.749005041683,-0.00291886976356947,0.0448673090324078,0.0274897792240982,0.0289533476155463
0.929915941311379,51.034347577818,0.182552595111716,0.00830814763697418,0.0822743059094754,0.0203445551222063
1.68497636097848,50.5418709346162,0.152170305650628,-0.00228825484332064,0.0377851370696827,0.0374338402579387
-0.0267409682900349,51.764882707904,0.0564362548112359,-0.0070671077241671,0.0373526870471687,0.094545849920609
0.885923442887183,51.6356002886402,0.0718457713865555,0.0695340951369845,0.0664599663108037,0.00572429109814577
-0.0790647821710999,51.6000701929869,0.137951316411748,-0.101146319485191,0.0346366320196072,0.0252267367466114
-1.38190171305464,52.2316520595735,0.187755063908569,-0.0434526506088548,0.018848683995219,0.00820310206637047
-0.762143144889282,52.1944811789019,0.0896970844681467,-0.108456489246302,0.0685927739382875,0.0221462789328707
-0.813406038441337,51.8759988795201,0.167121659142918,-0.0251841907763244,0.0331689677726204,0.00735435626897779
0.0371552715277392,51.5863643547648,0.0605514167365422,-0.0895850241482014,0.043012324626218,0.0247215415560547
0.727676070143191,51.5162542038657,0.0188875386495865,0.00162652219079205,0.0615649435386851,0.0107847523526036
-0.00252157284035939,52.3859531310455,0.0163408493763434,-0.0477271488123224,0.0414891829126,0.00608418530292192
0.719575218918423,52.5841619462932,0.0964261354679041,-0.097461876094888,0.0282604569308259,0.0156054014816936
0.819906965479495,51.9806372633854,-0.0347561274092316,0.0973780409880931,0.0188156949172665,0.0481225575262835
-0.853046321503374,52.4031525578936,0.109939104489483,-0.161935755616252,0.0186673349062738,0.0259064306641386
-0.434310934032316,52.1458957282482,0.0697047376487495,-0.084089488672315,0.0408469822242197,0.0124728162349027
0.0759867993692416,52.6157292695956,0.0671852538388019,-0.0127903046924165,0.0224411235630113,0.0395575409170453
-1.39089119309038,52.429045525745,0.165202624731765,-0.126439169497922,0.0465759484122377,0.0271468284310902
-1.9099777742997,52.4867999312197,0.139455225543782,-0.0105790102485967,0.00566815896915122,0.0209633567709156
-1.43161067523771,51.5158407589359,0.140642344640378,0.0721511724166053,0.0831050544035348,0.0177056766283345
-1.66376570702527,52.1414152980256,0.230243857035443,0.0439888462782585,0.0511795960276498,0.0544370344668847
-2.46968590456354,51.4589883822457,0.0638342271748867,0.0431565221810652,0.0970849232072594,0.0172099424330939
-1.79498708217596,51.3097666777117,-0.0218219280251556,0.0886361561043662,0.0589973829591059,0.0858763965626254
-1.37860018604255,51.898002147679,0.380582813741342,0.0396349267822548,0.204894966172653,0.0144703565885429
-3.19155943909167,51.6061241956859,0.0657559043127827,0.0273457625559137,0.151936022682657,0.0270587741861172
-2.85268165919186,51.9804744442233,0.0980014369854938,0.0230493466275449,0.0934830438844147,0.0738889511867597
-2.0492625839431,51.7863680722014,0.220254677828593,0.112938342485133,0.0834889920686559,0.0403885127500205
-2.67134501674731,52.6213353387184,0.106002529249389,0.17448444273813,0.0502056353556153,0.132101568025712
-2.15131361314822,52.1938063774801,0.116177744742511,0.083323122790346,0.071199439310826,0.0242358338170967
-6.06382977802727,53.4424521596605,0.111007200119574,0.0904436378917621,0.0465693107133118,0.0277545602045203
-2.81514028842323,52.4556857329588,0.0699492915727963,0.174036328076002,0.128717855688371,0.112707444751191
-2.64321033745729,53.4697125119349,0.110956631903243,-0.266361267960644,0.0382320442863786,0.0962160237429449
-4.76676074626242,52.9233166279561,0.263005032108471,0.101399359982442,0.0951628834234427,0.00971976156368652
-6.88578801580725,54.2703131962818,-0.139720205016085,0.246181473464643,0.0166583442095109,0.031252942185001
-7.4425121023384,52.3865474052945,0.281960577260208,-0.101937263692318,0.0617459397685291,0.137301644448522
-8.61443466265027,52.1457902688407,0.242201603897222,0.0836697214957551,0.0917184615603532,0.0885673077231978
-6.63250771195906,52.5265402393889,0.311153844720701,-0.11940838215564,0.0692014029832668,0.114162145780018
-3.64976036434144,52.0444209161951,0.124527232294713,0.0633770436537761,0.0580647770160061,0.0179841926611386
-4.22712433093472,51.9288413683383,0.0694728412014764,0.126056788279172,0.14213293499567,0.0401659989225955
-3.85054649367082,52.5291877451506,0.313964266667203,0.115626103945405,0.139330334158938,0.0633003217988384
-5.07276229906717,51.4710027564099,0.153229414266741,-0.0174592153394071,0.0639257521196974,0.0738801585360134
-4.90423646995676,50.2562907303224,0.218470824040194,0.299896937345288,0.0974297954374164,0.0544781644865886
-4.1877656947633,50.9431365879041,0.400091363855055,0.141111869893571,0.183988860081221,0.0280868322125149
-3.50838898180886,51.1692615584721,0.318611758174728,0.0822628624673424,0.0998475280346877,0.0368555661041217
-7.60662120837517,57.325858948208,0.00238325333550286,0.262767924918427,0.0642715016699007,0.047409166583518
-5.98016490642717,54.6873791214528,0.0115059840228918,0.143670652339572,0.14600384816176,0.0451470894972245
-7.40746367082129,57.5697265648899,0.0823554773385421,0.321691335858596,0.0179153713204376,0.0121829910852539
-5.78011027971062,55.5322613618242,-0.0226261606456451,0.0961147303107134,0.0677197752732797,0.00346673406225957
-5.4769996497572,56.8329961920967,-0.116416495046155,0.166055635540666,0.0169093669699749,0.0258619647059577
-6.84913959488216,56.3490526995044,-0.0552802352390393,0.0491314869880695,0.0164304199063365,0.205838981289685
-5.80604340941504,56.6941007821378,-0.0969427551802455,0.0608126358294698,0.0114996462604025,0.166629633722948
-6.47727055147688,58.1932992098726,0.243362902773657,0.438366218141349,0.246750707091069,0.127139417262373
-6.12643313433052,58.4021596221979,0.111551696768454,0.301867209732662,0.084166523649122,0.0432421234461711
-5.35792155017929,57.4424551343599,-0.125809848410614,0.204341056050138,0.0237676466488014,0.0386201345768612
-4.87709987100951,57.3153374015138,-0.116398164634178,0.220335568984701,0.0165203570728523,0.0922224417312178
-4.87054116933111,58.498165387555,-0.121480778556234,-0.172042866282636,0.0688259140833328,0.257071465464575
-3.65281181760048,58.7795627303974,-0.251413586071077,0.0877382814150884,0.027112914365921,0.0266279956144249
-1.68535934921273,59.7994257914387,-0.467420027222967,0.274962163029359,0.00654728415428517,0.0494274536128037
-4.46438172977247,57.4756276720903,-0.0592094638985025,0.162631985858512,0.0171304983687944,0.0642763236761385
-2.4774350329028,58.7964967005077,-0.305788751733194,0.220409903708492,0.011152646512363,0.0721006598101492
-1.89563100890808,56.9767473969106,0.0702390813127441,-0.034829027004311,0.0400680067610965,0.084320833571071
-2.310751445233,57.5083635184339,-0.0276568502775622,0.0690583479071445,0.0167842805291815,0.00255989756119965
-3.31864167674081,57.4840481427826,-0.0276891677366381,0.150258938160292,0.0447972597074612,0.0636107956927888
-1.84795320776336,57.2932469299495,0.0266616173775708,-0.0425514481495071,0.0845111777901107,0.13569739273561
-4.31219502058406,56.1602425356612,-0.0579618985077118,0.234901927591912,0.0252097647382116,0.0506504681908171
-4.00949834823219,56.3200866270734,-0.0182077058168631,0.25663273011826,0.0170088456178084,0.0373259474630435
-2.74780026647301,56.3683219874013,0.0969140498437783,0.123655543641152,0.0156427337926356,0.0173063798246363
-1.5331206443243,55.4326482830127,0.250286415524289,-0.113879987606366,0.0598029380735461,0.0387413717048112
-2.69438287293164,54.6947443593196,0.0422511643643953,-0.129549789839335,0.0378993318751353,0.0194768122498164
-1.52365106438218,54.5100091574344,0.340477978218438,-0.018039312484602,0.0276384898629172,0.027052292055851
-1.37620965060031,55.1502621396072,0.223222818216909,-0.145257203945321,0.0667687006817978,0.0729356191013744
-0.673524621420259,54.5390614832075,0.784657267085248,-0.0288621222557577,0.442633783028687,0.075704112192433
-2.23614709061916,54.2146689679148,0.121910196574286,-0.0938119601952997,0.0528105873939407,0.0298090411912304
-2.72541489777883,54.9819362637134,0.058689401385028,-0.0382866249387463,0.014247352843065,0.0120068671562938
-3.05784573044727,55.15952719471,0.0810816628975138,-0.0332275476939619,0.0508570339618981,0.0252846637855707
-4.09812638857928,55.8764077138464,-0.0782664711883744,0.209311209759232,0.0943678028275228,0.0684470541721338
-2.73569977557286,55.5830402424742,0.126829420082031,0.0973402152389516,0.0420135569616882,0.0387437793298433
-3.6827310468566,55.4397055642053,0.0581332267780899,0.0676624862076598,0.0461325704874819,0.0128381710097732
-5.20373629093154,55.425873259037,0.0588563601444637,0.0653114220557564,0.0135817651062294,0.0434824447353599
-5.6932187368286,56.1224252606188,-0.0141468876918759,0.0523730228144391,0.0281645464373881,0.0956597105496335
-5.10279495029859,55.0962688839494,0.0703790522884544,0.084542781110129,0.0372152719595935,0.129446061561979
-4.78418295445594,54.8988993280147,0.0395368944950539,-0.0549133316037696,0.00951851829032811,0.0163744973985392
-6.81197025965014,55.2528158002194,-0.0842405359585591,0.242063519340907,0.00423195816601294,0.00730714040422174
-8.07576790628566,54.519346457166,-0.167641824069713,0.33462577843311,0.0793310408582542,0.0321567593586337
-9.11025077436386,53.9509251591783,-0.00792269341659809,0.350463043062044,0.0721044575397957,0.0719757866169215
-7.67704754678346,54.6114920963558,-0.212239652129875,0.347488887406356,0.107189442951569,0.0540340143587953
-7.3372483666771,54.3257365442487,-0.14784673256615,0.262912426294303,0.0373720642049787,0.021508499715595
-6.25542149330434,55.1010434538162,0.0141134441290838,0.160759522833261,0.100385897071068,0.0321055570347864
-7.07770307265312,54.945411431696,-0.116806102465897,0.341947555305159,0.0192996613586035,0.0703013880166281
-4.55164005973877,54.1251044214609,0.00295435186767829,-0.0239570781570509,0.0436013629694069,0.0210062954526067
-4.48631083919972,54.4111679926713,-0.0267260564435182,-0.174980042383236,0.0611569518966856,0.0999937756944072
-3.30447468581828,53.8647250254901,0.0652991685311772,-0.369619939994393,0.0101269949168083,0.149108671850014
-3.00431258399828,54.4918870976119,-0.00079932389147398,-0.270528302473297,0.0827309569797428,0.10165395629889
-3.49701300266569,53.3698037285139,-0.0549102844092225,-0.0414222121083133,0.104451578076104,0.0851988344673703
-2.13569351009508,53.6117524837345,0.154401745370033,-0.0954359911831543,0.0298990970539629,0.0550174446739416
-8.24995904134714,53.9973320628331,-0.014984647805161,0.212108665556107,0.0136142071824194,0.00579389844292181
-8.69886791704472,54.1226459933092,-0.0295747954390075,0.326870792200698,0.016087927253343,0.0543345407605265
-7.50057082880945,52.9882542235403,0.249812106385682,-0.075857080824973,0.048979665912214,0.0946086227566488
-7.52750099008342,54.0718975084409,-0.0826215935569772,0.138146330933361,0.0183199565983337,0.0757119346085186
-7.54346246114841,53.5508310740264,0.0608219217424095,-0.0342725095029277,0.0363054997864447,0.142986890284976
-8.04423155332346,53.6566522959605,0.0310494795707758,0.0911523828258811,0.0501465298587738,0.0403330810252707
-8.35134862636849,53.4413134170081,0.0728774661885876,0.122913908562677,0.0928472279838716,0.0227457079129933
-6.85373242364826,53.7113261557734,-0.0229264927402346,0.0285946908541165,0.0598926021317376,0.105875576032875
-6.55235925577231,53.4055751080394,0.127193713855827,-0.00714646161028097,0.026398396601991,0.0718406889025382
-4.57135369043227,53.4656035482845,0.0480139393879575,0.140096767208048,0.0355427207123426,0.0948336974746706
-2.77073445412836,52.8066785403877,0.139163912075273,0.115947082451349,0.0191051824673211,0.104368347778568
-2.94832060597128,53.4478363874009,0.0246775844544449,-0.336307529583033,0.0346109378090133,0.180448119372215
-1.71174752454584,52.814551765553,0.112354954045123,-0.127195307664772,0.0212845103643054,0.0185165565162634
-2.1151875467645,53.1783585346363,0.0439199568321246,-0.0624180460009378,0.106569985368131,0.058757677327515
-1.07632094403004,53.0537974255986,-0.0148556825445716,-0.413677092714104,0.126684342455372,0.244294314205045
-0.964360980549924,52.8235040242581,0.131725522509045,-0.295453906777437,0.0710647162555135,0.0889959511104502
-2.43649142636716,53.2518145175615,0.130525459825556,-0.117936089276944,0.0410428368511891,0.00107167736150107
-1.94190896055201,53.32912995031,0.0601402379596159,-0.0960091942656398,0.0807931932496271,0.0537722705630658
-1.9308338872488,54.6172868082567,0.147885536315899,-0.0319832100314872,0.0783667410072955,0.0365569677710427
-1.87764182325011,53.7392715840011,0.170069789428783,-0.119284943116516,0.00402694483131176,0.0163223184516084
-1.50974767940294,53.5312453365381,0.0860209711228261,-0.258035158410517,0.0801206801856422,0.181508574880858
-1.30202390058269,54.2835574522126,0.384206414042771,0.0396928578616685,0.048780288892276,0.0736752362600239
-0.503235905853384,53.6502560731248,0.12936539733597,-0.0647883963798008,0.0829104025176786,0.0346149183391244
-0.158056080780377,53.6548374272958,0.241671994546912,-0.114561949795323,0.00931732505530546,0.0155681063224756
-0.323217684646433,53.2880183722825,0.130917512689823,-0.0699869104374532,0.0171819014119393,0.0334645069272722
0.395391662515845,52.9607564163053,0.285857926222253,-0.150123720833168,0.131934894996921,0.0260915564354653
2.84604541751506,51.6058778119733,-0.0770550262861561,-0.194967617840778,0.0914336732698205,0.0416263777959173
4.09019117755596,51.9268493765879,-0.275180212902042,0.1446374121957,0.106235972250697,0.00486697965765112
4.40693238155309,51.8988588785663,-0.205007926436602,0.0234787648224976,0.0926367745458727,0.0671366831820241
3.63318199808339,51.4310528515894,-0.0408021990278579,-0.188057328629087,0.129869876364397,0.111400743048479
4.29490218735544,51.5385221615871,-0.111793031320888,0.223913805123001,0.0751397690747583,0.0695959287023871
4.11109956481073,51.5577166055715,0.0372554619217421,0.386402364584536,0.264824616238914,0.208536889793499
4.43422582292597,51.4436147797388,-0.2146482171093,-0.00089193275225515,0.00672641380823524,0.084234178641524
4.37835504314701,51.6445383205819,-0.144295440893633,0.0905010622148377,0.0728838211405329,0.00833534597147876
4.76458080679207,51.4598336550686,-0.391891004911623,-0.0387951905006961,0.0650769967345309,0.0312785910538557
4.96906960030461,51.8948985534001,-0.467173726151552,0.114101895597461,0.0536850897965443,0.0393098868738188
4.65631294985117,51.2566648206073,-0.319759988126446,-0.15723810445013,0.0386747039508709,0.0742063182690844
4.91451043899957,51.5249285919945,-0.473453094394816,0.151404832200238,0.0974732079603245,0.237531105486745
5.52117586376542,51.4116154050062,-0.395418278336475,0.154877578358792,0.0141453151397868,0.0264026518415231
6.27816618036886,51.2751461519963,-0.146120018851488,0.0315077373668698,0.0998231371047707,0.0132977647811585
5.78954339559146,52.0259836288429,-0.344385150942094,0.0381732155315573,0.086242337926097,0.030365527794323
5.11109009551249,51.8198525646109,-0.52082149425405,0.233740200879151,0.0869825265934639,0.158901213984705
6.13919930799358,51.5224865144099,-0.247645043592593,0.18693574080304,0.0435086686152003,0.148109672099143
4.52094618630918,51.9286448755308,-0.212147883814445,0.11572447078459,0.133025929220007,0.0696502091110545
4.57126164898297,51.7909240394985,-0.348840281419116,0.0148777903073517,0.0371529327713778,0.0570890776702442
5.42017922393768,51.6459972359848,-0.480096259194974,0.154087975544274,0.0103153043234856,0.0269830884838454
4.95476075559368,52.0248737572497,-0.379444504942243,-0.00534794859487865,0.0330587551940759,0.175137785658824
4.5448633844559,52.2327415652588,-0.242098442167012,0.205906475635167,0.0821936656644265,0.0631595456114813
5.16608281742778,52.3236634260466,-0.151916359062622,-0.0636227261470918,0.00669737119914411,0.152901901400279
5.70719696514072,52.174114887011,-0.189189450382308,0.0929143815727419,0.0292184253273499,0.00329020633643494
5.81956511346283,52.2915346829131,-0.116350512190195,0.142915472479831,0.0677808841442216,0.0156415650557629
6.06315340543439,52.2427992218058,-0.221280309192419,0.0751627888003247,0.0404233223045649,0.055224166468934
4.64936249674869,52.6909372715111,-0.423832067361465,0.230892161983792,0.185883273883082,0.0208014811554011
5.42072654653422,52.9994965495497,-0.219094803287064,0.083150274173947,0.0425351490468866,0.105374484869603
5.44475532928569,52.4514212953397,-0.125218021539487,0.103153922694524,0.0186451233191098,0.0193451017214539
5.80014138910259,52.8933383663498,-0.119963805595356,0.458752441969978,0.0306924855124624,0.151876039071889
4.74833023621687,52.6440816828003,-0.283563911836145,0.299016368752921,0.0174651747976592,0.0594309005360391
4.53622230660185,52.4233996169457,-0.028778497632081,0.138071182403826,0.0772989476767405,0.0256908125380074
4.83063007189713,52.6572831444018,-0.281815605908971,0.315218156341229,0.0233425963559241,0.101416052608131
4.40572687430143,52.0352688529155,-0.224360947905165,0.0253625388287654,0.0631554318297244,0.0864633706702226
4.33478274216543,51.968782963635,-0.217673829071586,-0.0284188298774164,0.0282053129177869,0.161761386738755
4.70014765738875,52.019977882558,-0.295154411305802,0.238898122576146,0.112778873413211,0.138792677222457
4.67335128853148,52.4196066083314,0.000294963868198134,0.211454886534896,0.0898342316507987,0.0706409637522554
1.19562797218655,51.9957063105704,-0.0637366027393206,0.17159692257638,0.0931137800492475,0.145942193925768
2.93752670866988,51.7935104939347,-0.02714440098014,-0.340594074627819,0.0394145256193962,0.160917402209989
1.40981686460369,52.7278186705053,0.289300737721155,-0.181983319332799,0.133627416424061,0.052696936783444
6.62040163848625,58.6597657308901,-0.753553527085841,-0.332497818332984,0.0228666078158997,0.00450175351682948
5.44353151032222,54.2060410399041,0.0888330223554837,0.013983965643361,0.0818928671896442,0.026210563847969
6.0463797623877,53.3365498639575,-0.486884188280799,0.0154645047218155,0.0192549643183562,0.162130435141109
6.14966319619739,53.3669732277443,-0.800380973702145,0.082763101661614,0.334297138720505,0.034363267305802
4.63092012209227,53.0392934637954,-0.202542533898049,0.188855631995232,0.0384935977688335,0.0401159540445418
5.66126231508209,53.5209197493979,0.237733951952719,0.138426082436566,0.364521078520319,0.099410937587669
5.67335372101053,53.1194294145072,-0.268902415137675,0.25336268276408,0.105565858175107,0.0113642282463246
5.01036129521203,52.6346956536454,-0.277414107805915,0.0621428570779998,0.0326008712632639,0.105916529416836
5.53956171522012,52.7332696122986,-0.201265792815941,0.234895540889508,0.0632956745339528,0.0560239914073269
5.71225657170614,53.2179143874721,-0.124258612508508,0.240486139063782,0.157945267287252,0.0531585754377077
5.98245852678971,53.0662213789462,-0.200531955168538,0.590599363991528,0.0333045535516941,0.246736094668641
6.69092557286854,53.5716443157279,-0.215352977506933,-0.436829879471294,0.0644055088926154,0.252932253365519
7.61237737596374,53.3535471310127,-0.447229747376871,0.195570758797193,0.0526796675319439,0.0141066058439787
7.63472177508135,53.7793706921826,-0.385909795306448,0.230156372261354,0.15168575494616,0.15804308211053
8.36953169184096,53.9644792309423,0.0306691526580386,0.0257890536597534,0.105534627171505,0.141712224023147
8.12177519692537,53.7480342834273,-0.124818862835599,-0.0426406290107818,0.0231910003912505,0.0407211356521578
7.80802283135454,54.0977068716627,-0.0741582413138161,-0.00647149362253367,0.0447449480660836,0.0436911777680239
8.83590156292068,54.7545572996883,-0.747732554939494,-0.0148705748412322,0.0692952198896332,0.085147618762733
5.79115430928724,58.5933436122872,-0.720377577948146,-0.255425039173479,0.00839040278096335,0.028615159378367
4.87566423912535,59.7860074788427,-0.791081766691112,-0.420985609648417,0.0146798358365875,0.175659883752903
5.54254963122432,58.9741077464757,-0.746353819238845,-0.324774956284578,0.0332697848807655,0.0176392321424527
8.24493478643562,59.2194190533088,-0.892634134081376,-0.480050095160989,0.0235349484756012,0.0281487146304257
6.54417992907314,58.0676482776447,-0.658324509151229,-0.333885059815364,0.0961590510396475,0.0476876836008405
7.76686050323141,54.2831747403435,-0.18095572137704,-0.0719612143049522,0.0359975428692224,0.060784601934722
8.90044397431148,54.1448176157248,-0.405433892733715,0.0658493062466673,0.101952911623669,0.0425980282523793
9.06629483299729,54.3807751718133,-0.646064512773673,0.0738071204582839,0.12667407426727,0.0434108086938376
6.15066683604957,59.7965911610244,-0.842332888439971,-0.329676223560446,0.0383446215463042,0.0134707334094072
6.4892179241875,59.0145915421377,-0.757736936905069,-0.324313184116685,0.0446421618475948,0.0167438364187368
8.44374320674308,55.2272765975286,-0.760740037427427,0.163047078912553,0.125190607371692,0.193953141332075
7.46422454424151,58.9619410718795,-0.842215905360577,-0.396906446962369,0.010394946618024,0.0105438860934437
7.48156605367504,58.5776248743428,-0.87243901577151,-0.41217155512725,0.0397894932797244,0.0231221576798904
7.55774488304167,57.8246469073769,-0.699384454501221,-0.400403504680554,0.078087166907058,0.0376420006841275
8.53293848951896,54.9117355125808,-0.834655255476358,0.0527303937988164,0.15476419222022,0.0691066218277042
8.30750780068681,54.7926594756986,-0.689287449198091,0.171106762095487,0.0453713900976249,0.0433238277155495
8.37572872257639,54.5507637953268,-0.649065184375677,0.13495379431217,0.0790107932949624,0.0428316046451232
7.83524807279634,56.4639372485214,-0.63819135617388,-0.260310326257492,0.0533797112308577,0.0510483871103026
8.85094532078586,54.5192937877977,-0.640462268609456,-0.00428783667909433,0.0438277228144094,0.132117091053327
8.61628411297935,54.4345778802087,-0.605086334071857,0.0385681333124679,0.0720837638864014,0.10464359125367
9.70066680783829,53.6087445499713,-0.322641104979483,-0.0183907182778352,0.0378046647839446,0.0345471392800597
8.42239730538546,54.0411707727688,-0.0954879677672886,0.0916850605309406,0.0222196415501013,0.205092541855205
7.65795733563408,53.0865976130897,-0.382081957332296,0.248065781093139,0.0688930789626183,0.0716811055591831
8.12902017981021,53.8434241003534,-0.0223232842501393,-0.0923956323304145,0.0572089221037903,0.045817299051863
8.32628439602537,53.7042140644249,-0.0161718098067192,-0.00255834101634541,0.150732412784204,0.0305652140845114
8.68797046889969,53.8910077755909,0.137649180116773,0.197947910604928,0.233562195430233,0.225887859146775
8.99157314398889,53.8911505993212,0.0779721246713957,0.201234805498083,0.265973329216914,0.179826457641316
9.47631171351331,53.5913740579789,-0.321064241315129,-0.0394898962056149,0.0568310834082012,0.0726667278773204
9.14738655600939,53.8694983829457,-0.0633065634000466,0.0857844934960547,0.116887698045801,0.0339122650282805
9.11153831158209,53.6583321177624,-0.183363020906875,0.0134649879062755,0.00303491678711795,0.0640536143970891
8.62256464623155,53.4920886478139,-0.412711114765578,0.0153875013217489,0.184502714579975,0.136639387955952
8.7243791073535,52.9607360139539,-0.381004486898233,0.107790195210351,0.0411756424596049,0.155487455346596
8.17141810095682,53.5795293063921,-0.376882206690008,0.0743471584692486,0.100951870686241,0.0130295619501023
8.92869686923599,53.3289487250279,-0.512192524118069,0.0671507044772398,0.1957549262862,0.118384200263268
9.47413924999391,52.5613308077667,-0.349364671113469,0.222662596318394,0.0221800338446231,0.00417334787135404
9.16254453218784,53.0559209087951,-0.361189252565368,0.222567047910225,0.0430926717248561,0.0253382514773344
7.82079510241939,52.788809108494,-0.279331984982944,0.285354841652415,0.012024239439339,0.0384897968245386
8.07604779488682,53.0467820672903,-0.505609659194519,0.251060646588273,0.183822495151941,0.00750355011141262
7.68672371155947,53.6598468838357,-0.497069838815936,0.284651213164559,0.196067291876863,0.150521820658875
6.9072269311272,53.4842196958029,-0.279965619116309,-0.4087274848476,0.0221544587025009,0.309180687445354
7.35815222664879,53.6358820550807,-0.370989583839676,0.00395257555383247,0.0212868073042801,0.0694324200859187
5.94711691286765,53.3887841402815,-0.19624820083303,0.114293549191858,0.247654980287933,0.0585129411248292
6.17632395249042,53.454403952505,-0.596924152052373,0.116511463036723,0.160259588889153,0.0595468419835994
7.02477803805074,52.8372423100151,-0.384102997436262,0.17987731244008,0.0338293249180496,0.0445591789189731
6.44770089271373,53.1648162785002,0.0329112660989959,0.502025366086344,0.25716867672815,0.103280075821641
6.60995136846228,53.0480369123339,-0.0345476647863238,0.406624014854541,0.134113441783811,0.100108292218764
7.45768311730671,53.0965536217714,-0.282584780974617,0.125431899586913,0.028948414090065,0.0135790541601433
7.11722775565055,53.2403535542317,-0.24707369711942,-0.200468875047023,0.0233357275804248,0.2731602042482
7.19306169982582,52.7690596936993,-0.402379820144222,0.370431136514829,0.084237383646889,0.150424031383838
7.3097759833124,53.2572260406009,-0.320691312410868,-0.0506223059730411,0.04318929096168,0.129349292840855
6.32328299850875,52.7219381093356,-0.211827554168091,0.369448862359155,0.0625523620186929,0.0147065042319278
6.63642386014603,52.9528980100871,-0.173981296126709,0.356353437587607,0.0485964908203743,0.0686513039635033
6.91596031232564,52.7487263570599,-0.348592195301326,0.161595292708062,0.0460597761376839,0.0697940771875989
7.55589288060168,52.5136154937537,-0.324901987926736,0.459180433664788,0.102864371449157,0.177321229010415
6.77244915615096,52.7889977530318,-0.293586524378664,0.155551820305351,0.102502398295505,0.0670542411569136
6.3326337900696,52.5920891337808,-0.205019356652115,0.176462379426799,0.0218079139596587,0.101557163691946
6.68120618942491,52.5958508560541,-0.293068532048155,0.0952583594922662,0.0137224843467415,0.105863340898685
6.48677806374278,52.8880933192365,-0.199864390633938,0.475779965807197,0.0380786577172781,0.0644786549038662
6.64723060941149,52.7194275125204,-0.264948850487026,0.203981745824954,0.0683932561095105,0.0367330999786286
6.79687287651052,52.3220700276138,-0.155765130698571,0.105655607401672,0.0259540130776486,0.0462647494600048
6.81098655011572,52.1502156629345,-0.109078586371296,0.113764405888072,0.045064934808685,0.0264764018422044
6.57792875688886,52.1253010278646,-0.163552212782293,0.0363085350610285,0.0241285727538682,0.0584425969509846
7.49804705200851,51.1306329058018,-0.179381506342144,0.197791318549153,0.0074276591687597,0.0477966833089205
7.30377810856307,51.2699430981703,-0.203136589172109,0.274002237045353,0.0407762443937764,0.0663435401032778
7.76772167872703,51.1746398056269,-0.203214525892125,0.04082441822857,0.0213686819389322,0.0365357098383035
7.30736656026692,51.4668406531324,-0.23981614770664,0.243206613957959,0.00798256635455726,0.0508741621326299
7.92639449536522,51.6862729083701,-0.334895016153389,-0.167755267738667,0.112347506099198,0.303644656330421
7.2001354112957,52.3473157371127,-0.181801351552422,0.388732874591138,0.0247106044829954,0.105819167796728
7.50148527772134,52.0684845514046,-0.276612573826502,0.184703792992984,0.108545411022795,0.083857407404196
8.2377603137351,52.3099916118861,-0.300234685377047,0.195299779216254,0.040275732938675,0.00220441582532105
8.03905383579151,52.6498339339887,-0.24987417202178,0.289066333729504,0.0273179592210573,0.0586553158475628
8.34610505704873,52.8399146760824,-0.319578328767811,0.219415506966066,0.0380186136698314,0.0310987352885608
8.92141533650157,52.6047903499722,-0.197082253807252,0.151373002711806,0.0790479471836297,0.0691128758283046
8.46733854307126,52.5702275055516,-0.135629250216162,0.241352036200296,0.114043991990646,0.0401592425831312
8.7297939148243,52.3120358622955,-0.281074499485479,0.123695727912323,0.0312483293369563,0.0309973485443711
9.68928167285117,52.0779536127697,-0.339828130505798,0.0305356453369761,0.0172295461771756,0.0977396624340798
8.03415045334284,51.4624763925954,-0.241245215803223,-0.0655539896879467,0.0185042212275635,0.081998999025237
8.68253027753696,51.9925804552361,-0.283581224388908,0.106210107525733,0.017257022717511,0.00587128749000821
8.57185440508003,51.66753758824,-0.183490624540154,0.0670153425028269,0.0755952696705177,0.0353964032365708
8.83543129381576,51.1076697091426,-0.232426760031973,-0.0313996104714273,0.125289198720859,0.0189235709185636
8.76475176005323,50.547198014946,0.0271136292041833,-0.108032467557792,0.0225989117804386,0.0715777377222738
8.82164976341128,50.7140236322993,0.028654397618834,-0.130164807587897,0.0530678932790607,0.0827558034300775
9.48873146500759,50.760431879568,0.00188171416647072,0.0194679225928304,0.0131345475889714,0.0666629890882701
6.43188100797807,51.1515870309906,-0.188766734320409,-0.0555085929826762,0.0596788407242416,0.0943528438648091
7.12989573885685,50.7689571532359,-0.119936164453909,0.230315794155933,0.0385696627031882,0.0735779598880225
8.36124670548202,51.1594948305835,-0.189518539143287,0.0265113787093565,0.0571453249260734,0.101478205023323
8.31379136180801,50.6867548811055,0.0413159132686749,-0.0316034156578504,0.120295487807115,0.0230333001854399
6.88165808025086,50.7342205535095,-0.11344073042601,0.188432147433176,0.0221476056671673,0.094658335774873
8.94821240478315,50.0739184397657,-0.102591472923208,0.0464124697387558,0.0266936036119909,0.013697696351362
8.49490633377519,50.5416237256075,-0.0128900964207046,-0.0480840843654019,0.0161613867855566,0.0148257607137544
8.61686562786286,49.437530406396,-0.210600813355471,0.0209493794585527,0.0328332404758167,0.0135007845897157
9.31993015101188,50.6210585672684,0.0650563542558224,-0.0446622428792711,0.0209042349769264,0.0271830377155439
7.8325879355583,50.4051734959697,0.00465527996837019,0.0654615085255904,0.0842347202972575,0.0652123372639854
8.7769287193699,50.2361388350104,-0.102080632254264,0.0255560770779402,0.0595397091115375,0.05412868953258
8.46463618882728,50.1168978262729,-0.116618449470914,-0.0641241032778467,0.0117186152305489,0.0443130538847424
9.35410157004497,50.4428288027782,0.125607972391545,-0.00846077703024207,0.080270787883149,0.00401141919518015
8.86703204211495,49.6205500988124,-0.187892271906871,0.065774971845852,0.0317871771573153,0.0173474206869578
8.56023093040107,49.9545534764152,-0.11866199590037,-0.00379144987846096,0.0323331458054266,0.022814331566227
9.16469183029145,50.1370440671862,-0.0358075937950047,0.0320441225093575,0.00840242922006615,0.0245099309158063
6.52637795861458,49.8458057630774,-0.141074013383791,-0.257051766418005,0.0475426677593683,0.0229117419319553
7.06326801412254,49.5493474787232,0.107965929318847,-0.176346558435222,0.0120860187269291,0.016960876875682
7.68363446467293,49.6335117451671,-0.10136378384105,-0.0755909783588288,0.0713898853705489,0.00810324852703728
8.44737080080165,49.6762052846438,-0.225643849942904,-0.0190404140629813,0.0498301882340308,0.00620625869057387
8.08474528832862,50.1102940038153,-0.0913355460527129,-0.0471595078933256,0.0213867387431484,0.0151151064775306
7.93802770099033,49.8434686059877,-0.18199461974923,-0.0157709884811735,0.0747190712080554,0.0500836655010548
6.0409073943826,50.5034376009681,-0.418049816076137,-0.163553130488612,0.0650583960575315,0.00196563882916658
6.26736130596027,50.0381817112098,-0.264269294096806,-0.22304296879833,0.0195737107346299,0.0239678130271231
6.51117803701774,50.1731834145765,-0.223199557889229,-0.108707645532881,0.0399197778194922,0.0212488848229818
6.85531035739688,50.5784113898302,-0.0742554463754205,0.129052109676047,0.0261579144771043,0.0488585140901705
5.84160590313008,50.3029907477583,-0.354119997608267,-0.162948884579939,0.0139390291589493,0.0453598862855555
5.94043108806736,50.0159271702778,-0.307870455996278,-0.207144460103219,0.00607390113530613,0.00243277510540216
5.24164171144762,49.6709844335608,-0.111663826595826,-0.138596023133628,0.0664233503956562,0.0711194290684446
6.34440806390298,49.0971049449388,-0.027029389322079,-0.228366043772923,0.0959077354133783,0.0126703660869033
6.21825496021738,49.6766768791022,-0.168897823515882,-0.299675149424636,0.00975600559295703,0.0147384629977122
6.06134636576632,50.0874025533785,-0.343646242012003,-0.215416402655961,0.0740964035666431,0.00683427792181711
5.74570610805069,50.0818289796792,-0.336496438475256,-0.191735895423235,0.0134801074590851,0.0222711313627693
5.88258188438805,50.9127417354062,-0.221502416409583,0.169563992272686,0.0371248119691571,0.177143321501246
5.18469849438222,50.6794374347215,-0.345832508956166,-0.0503491439936409,0.0383519515766114,0.106312712517242
4.74353676112246,50.3815273815931,-0.400775824930925,-0.045337613133843,0.0103613137580558,0.04683216967411
5.8540836619759,50.7036136992824,-0.591084183056708,-0.070907731121643,0.382871409748848,0.068753694891896
6.47583919120702,50.5735637065358,-0.228854184740747,-0.00257863878896811,0.0413002163334417,0.0301175728930252
6.02848393110035,50.6435169456846,-0.5197568987043,-0.208405615722655,0.188774602358056,0.122386816663674
6.68411291990765,50.5243971828217,-0.10048222462642,0.113551968039362,0.0456465533432902,0.097884924757712
6.36518354151958,50.9980855790411,-0.288580364236872,-0.213702080188549,0.0217269181491445,0.211873067855971
5.78350025278486,51.037438749506,-0.0472837089500804,0.367052222063669,0.187978894243686,0.321074679961977
6.16846393004078,50.7383834082046,-0.608091622388947,-0.242653137829594,0.293258742049875,0.19628128037232
5.46126049140859,50.7216055672703,-0.263969597033077,-0.305748155981517,0.0528583373100598,0.0982007607877818
5.36795424732627,50.9297795151079,0.125190264215439,-0.51475749892833,0.251240594655552,0.461605448316006
5.58908920630347,51.0555401114026,-0.0389523290112886,0.138123023214863,0.176962752663509,0.0988388043386554
5.63322605915836,50.8458725662113,-0.0795816819142428,0.0353844091702114,0.0495626746188544,0.1306817821399
4.58105113169209,51.0555890983746,-0.274480920540202,-0.0747195992596957,0.0330587568998198,0.0620375610983205
5.09681957260076,50.9437628322316,-0.0717605684323654,-0.155614509856387,0.021239323759514,0.0186047749401217
4.88952508512307,51.0794386987418,-0.214263226032659,-0.091402861037541,0.0422116899733441,0.0708858695015705
5.22398751304354,50.7822806378911,-0.228039084742213,-0.129504873633984,0.0289569367365731,0.0940164224866716
4.98744855004147,50.7952924483223,-0.331964406763212,-0.00356346141149618,0.0817277026091257,0.0625836025075327
3.72358645530943,51.0784380391728,-0.174620884536999,-0.0570608058034289,0.0529364600958846,0.0799906266544902
3.40248115114477,51.2972381737455,-0.105059545346276,-0.437310172176724,0.0173323834341241,0.15053168144386
4.30334801259252,51.242415900549,-0.241108684374251,0.246661690585427,0.00658257473776779,0.0669795671572366
4.14593843957089,51.0003610680665,-0.357479220305427,0.546992702493151,0.0428358853643488,0.347391589249498
4.62127238483239,50.940482089929,-0.298280629655968,-0.0681747295646603,0.0381692936781055,0.0807021549430693
2.87093675813489,51.089225967633,-0.262274078394487,0.0449270214077418,0.0561652451991183,0.0395790862567404
3.26535734492906,50.8365159357943,-0.129866526497006,-0.0804003110975403,0.0229621098888168,0.0337815642303535
3.75689603185436,51.2044620002203,-0.148492902730519,0.0509180264686043,0.00461465778817198,0.0506095601030514
3.63373740479344,50.8941941331559,-0.00853271447898393,-0.141176643570429,0.122715165795227,0.119900268693353
3.89307239558184,50.8933386798811,-0.1513448585025,-0.0786920276703839,0.0155551239271196,0.0625228213673312
3.38499039791108,50.5461329449868,0.0163106035880916,-0.171540301710332,0.0762838058438327,0.0630074905861201
3.1323930408653,51.2104558489493,-0.151371632926161,-0.133038107161317,0.0391658423492736,0.0485124136720775
2.95366091846721,51.3209811621536,-0.146253958207977,-0.0686087107778197,0.029345691486165,0.0303084482308121
2.77836419210568,51.2367374899134,-0.19622576314595,0.0359503892943984,0.0212101409186029,0.0396152439686518
3.43327999785616,51.0754211200206,-0.0844751961864109,-0.156341458568091,0.114763952963708,0.119913139859503
2.40727647815291,51.0672438363225,-0.143532848016025,0.089345432457426,0.0224740148757741,0.0694874423698173
2.82889499671406,50.9411036995664,-0.272469841441853,-0.013334727249948,0.140377687824585,0.0529619914034689
3.71256900778631,50.654393355566,-0.0182186614249345,-0.327251586130632,0.0448127009116979,0.140442441237812
3.05857235054666,50.7342029845978,-0.181217344762482,-0.108868947672298,0.178196084094719,0.133018604595235
2.31943555728151,50.6353242579346,-0.013183711967355,-0.0449938874948694,0.0533628650699128,0.0338365945269483
3.17177856776582,51.0056275329215,-0.260343121972611,-0.0727410927769294,0.0632796254948641,0.0149026495799763
3.38750349401481,50.8819088535989,-0.0841015550067239,-0.0622221084143154,0.0443509804493623,0.0910857567393404
3.82435181035805,50.7264285509753,-0.124496870703916,-0.304567070501566,0.101498235256835,0.147220470342073
1.92836817840193,49.6927450619485,-0.0396457293106596,-0.160108260980514,0.0485096827126601,0.0727427473673064
3.40058453399372,50.6574902510711,0.068438485499599,-0.173290623238116,0.16340844850229,0.0882396409901313
3.20460547586983,50.4995329020944,-0.0513578587310632,-0.0475346610563505,0.0369181310230931,0.0585630040364733
2.26243250276451,50.0902843304045,0.0513122230791273,-0.0184286648059217,0.0157447819942498,0.0664732531660606
3.02940879493989,50.6061245308627,-0.0805717137558182,-0.042998005877091,0.0799025955831689,0.0151861283966642
2.81299417389615,48.9336549085335,-0.050483268525351,-0.0167449840768628,0.144529608076844,0.0178918787066772
2.89116014100639,50.0277301978249,-0.0934810554770513,-0.133116572377452,0.114548659539351,0.0681084934785518
2.84643622794074,49.8636472567171,-0.0485765908787754,-0.0860511078441278,0.050711194382914,0.0208031670165558
3.39839298603955,49.621428811843,0.0465425317190309,-0.140432298583982,0.0144266929355303,0.0236254895177627
3.66473329188153,50.0705579383757,-0.0900348475642574,-0.139303545850804,0.0344270199969877,0.0190890749113008
3.51924902495979,49.9521383222782,-0.0872750925253772,-0.110802558758803,0.0783468880592437,0.0594332146492889
4.82999144391154,49.7475758252963,-0.115620133774283,-0.0510672414268698,0.0384890934231325,0.0471883970448359
4.27213864224497,50.5290281160443,-0.27012769432286,0.0517683357028583,0.107964123368592,0.0172586251699028
4.67796837789322,50.2493015188634,-0.379453150416978,-0.0118109368343902,0.0118121533058697,0.0398915305999526
5.34342779110118,50.1989942192808,-0.409266589227082,-0.147228223489081,0.0290663680649417,0.0158874040447207
5.24519060802091,50.4858695564473,-0.331431471714202,-0.131677693447042,0.151906602029709,0.00365997707147759
4.51786392846752,49.9984609707202,-0.223320426892103,-0.0884744561662616,0.00860363175233345,0.00660188859505667
4.84451178765768,50.1296660127835,-0.502811361326681,-0.0886867564378669,0.136724948945985,0.0290015695246511
5.14415385883574,49.9877735307064,-0.417766279623048,-0.109630558535327,0.0752584656460835,0.0430914344041499
3.76747167535742,49.5641140520644,0.0178518274314292,-0.153919694607917,0.0403407460542136,0.0378142118504153
5.58415269360462,49.7273907417743,-0.237030589395171,-0.190436484775829,0.00653465797107242,0.0671953061468291
5.44048915928449,49.1943266688436,-0.0153767184400423,-0.124082602165046,0.0202494116500469,0.0100079723414159
4.87873796225211,49.1069148545272,0.0512078536266948,0.0608172673563425,0.0854829629711711,0.124216115729014
5.23149941661285,49.2266658498112,-0.0366737514111822,-0.0503362021270762,0.0151502965982185,0.0225742596235216
3.87088079553276,49.0566700789525,0.128057207015711,-0.209881991420647,0.0997022539305908,0.18551548810245
4.18049672546526,49.4878974554591,-0.00185560328709932,-0.0789469932728484,0.00823103853787309,0.00914589161512305
3.47546146555362,49.1449041239365,-0.105856177673906,0.0744120342393069,0.0744723109568536,0.0752621873472417
4.08472394232497,49.6139906606842,-0.0339342317888168,-0.0441585657070264,0.0158480988968795,0.0533039537352514
2.26320499576527,49.7632600245647,0.0115108313375681,-0.102477007917235,0.027513361577009,0.0558599037041685
3.41017874300168,49.453664136124,0.0862515383752313,-0.131625366766056,0.0540298870802218,0.0599900222974022
2.66324656692306,49.2792022686054,-0.0399617667771093,0.044653502709633,0.0646769832364363,0.0170580400367562
1.99207157617369,49.3644286081454,0.0650556986362411,-0.118232779380713,0.115578707165746,0.0165205826018394
2.01668689902302,49.4714561657206,0.0385260603321721,-0.135555788986992,0.0768380792359662,0.0311457682450893
2.64932897518975,49.5615779532037,0.106314104597184,0.00972642234505133,0.189393901076143,0.0202692645731109
1.92819282529906,49.0651315508624,-0.0887998722929571,-0.0259908801028769,0.130839426915522,0.0156577555199657
2.19645899522075,49.1202372724032,-0.00546294886827983,-0.11713363047547,0.0344468053509719,0.0511986271280777
2.0725015949133,49.181444727652,0.0353130403985093,-0.0811256540101447,0.043679290945365,0.0127710502720882
2.58624315673203,49.0144641003872,-0.0541509925235838,-0.0734536102455975,0.036458274217577,0.00822642890786421
2.57804127995487,49.1730535474921,-0.0626924713199032,-0.0166487957620725,0.0353373710668934,0.00521683346019242
2.84506331986851,49.238980085192,-0.21866874066628,0.120041076959529,0.140325002467782,0.0550373257653779
2.71082315608018,48.8184951495494,-0.0511420370313373,-0.0773622771384289,0.0308779616071628,0.0199621085510054
2.76760436440447,48.6696602066514,0.0372197413572966,-0.0494683930059999,0.0196952784192762,0.0258189373487994
2.60497030952583,48.820145983261,-0.0180530698685707,-0.128856481387304,0.00799041036597908,0.0226496671263698
2.23784054922848,48.8731843302796,0.0106470197021441,-0.103523354407248,0.00899200107951531,0.00671639172673777
2.30992393814896,48.9014903652934,-0.0158784487121886,-0.141958360009423,0.0135956347500776,0.024979755333559
1.93384698046506,48.6939939123382,0.073863948431092,0.0765932367550606,0.0483168986567204,0.0445724888713998
2.27035737546572,48.6768086495992,0.0793269469252796,-0.13275828689526,0.0490534548488361,0.0219974419377726
2.40370762578587,48.8647358251653,-0.0143496560003184,-0.149045554521553,0.00254963681552796,0.00807938791625588
2.34797595659565,48.6233230433489,0.0613921682131591,-0.15310075112584,0.0185027478639157,0.021742703363047
2.44885387290926,48.626491708886,0.0593995980536271,-0.145303772714015,0.024735561375213,0.00659620889764826
2.5720444443625,48.7018851383558,0.0110142764680293,-0.129010572086543,0.0296068081942544,0.0267938693151512
2.89426365537325,48.6100189215834,0.0844934593606038,0.00458395524330416,0.0178721794148646,0.0709392668241455
3.22936619957364,48.546887655263,0.195398999041126,-0.00617884061355415,0.0544134123164688,0.138078022575998
3.02396056225833,49.0305272704766,-0.256880061383444,0.169825634556735,0.0538555452442024,0.0495481507399406
3.15651748882222,48.6540514424045,0.0490733504372185,0.0398861913512108,0.0578759530532163,0.0594154927136311
3.94528846858481,48.5086544262313,0.0914506038401952,0.0286072195492719,0.0315568343444233,0.0560479707697775
3.04713606962299,48.903951791264,-0.159328502035929,0.0633874252118752,0.0447788690608536,0.0711794916744387
2.88604688377433,49.0944790544337,-0.27073202438192,0.0577552505534154,0.125748490993728,0.0468880256198807
3.15318639684563,49.0806470516674,-0.386829365485003,0.258620662671021,0.284892735962366,0.143484102583964
3.17232059541408,48.850923033048,-0.231870070328766,0.153592310356225,0.137952478773959,0.0531093611211606
3.39587597888877,48.7410389701588,-0.039213090763843,0.38736132243549,0.0352843865105024,0.210777022314637
3.53885184984059,48.6643698315816,0.0852835561342223,0.476648122497397,0.0384936466084748,0.394181926669069
4.49869716717536,48.9911820603834,0.0717471839409111,-0.103601615835738,0.0250516323516201,0.0377140011761565
5.26677205784807,48.491015006495,-0.0568231300297891,-0.068460615913775,0.0539468599313148,0.00390838091656579
4.87138919619351,48.774966867502,0.00407573851554764,-0.0285191652441389,0.062447018802033,0.0409087862568436
5.04617468285782,48.4666932144929,-0.0183917521374348,-0.0982471589535395,0.0489280730860635,0.0226597696640231
5.26303261489929,48.9215850334028,-0.00877640162962723,-0.0115148336202868,0.0291937410365814,0.0536177455988191
6.84115333589585,48.581613262521,0.0515677827327193,-0.128466490338234,0.049146102976128,0.0678069593744707
7.68157504268307,48.5230675720422,0.0532897104564659,0.128271605179477,0.00319902841485454,0.0164436388496559
7.28237172554444,48.9013761638608,-0.138362635708748,-0.124809228374549,0.0414335564017429,0.089298577548895
5.97221091652398,49.0441184096788,0.045662400585757,-0.27717739825428,0.0794402089211681,0.0371448944427752
5.72311266430723,49.589607012548,-0.199341800624608,-0.19423448830879,0.00862027903303502,0.007343748382264
6.88654979133745,49.1912111566448,0.258083978404759,-0.281544999733345,0.0771354697529049,0.0513005897888993
6.12733086728078,49.1563030840838,0.0680421135664628,-0.309075365072772,0.0981744290765537,0.0793399118386668
6.14465206315528,49.4243893005469,-0.125487533850776,-0.26595210695353,0.06936177801605,0.0281530032837693
5.90777101536509,49.6357957679865,-0.23586491072758,-0.21456999537277,0.0325231629012817,0.0291396128056383
6.07216964412579,49.5782042438796,-0.225055512419186,-0.272134220640017,0.079574842750743,0.0118115943075864
6.56505228811106,49.4665690901391,0.114271291249683,-0.341766229413917,0.0370406330988089,0.00666200775645987
6.38954736605933,49.6281683848505,-0.114485583543147,-0.336304926607787,0.0302628890017501,0.00944568030166888
6.57582632855983,49.3546320090421,0.235254939706189,-0.347518166167532,0.0254454584793098,0.0544836292569669
6.54807137339336,49.7021327433034,-0.0860326495712086,-0.300564880882386,0.0194586982123746,0.00398614332433261
6.89523264367779,49.6533829987616,0.00977459160368917,-0.186162948741446,0.0214370184987399,0.0268525622687225
6.70188016097385,49.3181702001657,0.31843957039204,-0.267657387176319,0.0489069718280948,0.057806868836536
7.04413213825459,49.434278627924,0.242314535467981,-0.20955696262888,0.0268714913985273,0.00643501608138156
6.95888709106399,49.2644631264684,0.33625209323062,-0.29748351101991,0.072777960072863,0.0137990621181937
7.16121430916684,49.1385037655262,0.0835696955741534,-0.314719039981132,0.00859992647571995,0.0786781281481833
7.57198241892817,49.1825655972227,0.0240318516648597,-0.0408101285945999,0.0115764958062401,0.0754990228976401
7.39220497763023,49.3606336302743,0.127280748736227,-0.0445861994126716,0.00507191588751732,0.0907787927572132
7.71103093337085,49.3742382438932,0.0349927489157744,-0.117292985801928,0.0208322098749686,0.0246895302861273
8.18684554487962,49.2592889528714,-0.0309600858972865,-0.0655888093781405,0.0475399416723903,0.0152056362520485
7.87093082482613,49.3102782246941,0.00377296015645476,-0.16316795721103,0.0292687820222404,0.0903464779734653
8.29570479340011,49.5521991748368,-0.231149463926093,0.000298270836988718,0.0683490003530893,0.0542379581754667
9.52682465172362,49.8540580452875,-0.0554562808837609,0.112448676741367,0.00943829088141111,0.0466822434266571
8.73463906400473,49.3528623838224,-0.143895281925016,0.0710796471427958,0.00980725908311406,0.00394017548286952
9.13151110292765,49.2117681809112,0.00584272992711617,0.213431343960903,0.00625823102919942,0.0058171155969202
9.45828206581651,49.2396219738762,0.030223353251555,0.167439750627699,0.0237819765638239,0.0397352261716395
9.11472020887395,49.089381293949,0.0425984454441074,0.231834438564953,0.021657822203279,0.056934741310049
9.84994255442773,48.4538813403264,-0.07510323901444,0.137750315874254,0.100827719221703,0.043054544659886
8.43387752696903,49.0545282456428,0.0852186230379385,0.0256573182725581,0.0938580404587867,0.0218428055478882
9.21106857194003,48.9981729065636,0.0762141222926159,0.315771142626775,0.0400360831495098,0.0178247261026133
7.7128955872421,48.6938965703301,0.00930481066838643,0.0876087221144991,0.0292745772757352,0.0133855434504658
7.65744140505928,48.6170721339465,0.0234461502425454,0.0793194697440668,0.00720458225286797,0.0193560023365324
9.29560467511652,48.7687177880337,0.138354427103352,0.409743921459346,0.0390677364938829,0.103432725069331
9.68302566166067,48.5740297058903,-0.0308726417209191,0.202505195008436,0.046012521677241,0.00505511391610268
10.1141917923575,48.443596529637,-0.0609333933201158,0.104924960937917,0.104507758112558,0.0987813705365954
10.7176983364902,47.4145789675736,0.442950560296143,0.546954850877781,0.426830113815109,0.22230939446847
11.2492150455472,47.2931796357937,0.285614651343816,0.0237006347078628,0.0214347862244535,0.271415942187088
11.4836608757598,46.8635134674343,0.249259731761884,0.675119219164491,0.0099149217465552,0.0779123548028606
11.9995436324225,47.0222008123707,0.261152305846515,0.724528035260482,0.0767226252846657,0.062873517434995
12.0689310530297,46.7032781961024,0.0268523750418657,0.737838393995182,0.0153226373403503,0.0233835567874861
12.5471254691377,46.7260075673614,-0.201858215842908,0.479530931362683,0.105364386982995,0.0683456888988791
13.2995865409326,47.021500849431,-0.908467639128871,-0.607914414773236,0.217395520684057,0.242663853433512
11.1948303042468,47.6162990335957,0.0997628166791444,0.383452462328555,0.0416106874162257,0.0245548980494719
11.3521022793509,47.865765676046,-0.000851247956028022,0.349154775480821,0.0711022324160472,0.114879217865385
12.4778438186322,47.193666387277,0.266545775349261,0.63615818368945,0.209935319711482,0.0646031184417066
12.4175563673136,47.636603190669,0.0768915535741792,0.591698877902206,0.106861574084815,0.0360828648697744
10.591175322992,47.1269896009524,-0.0585723258342551,0.591336706973203,0.0659729088124576,0.0724564281328954
11.4293939857555,47.1767343798093,0.362429159600473,0.495821658850468,0.00626855542796554,0.222822361299025
10.8751402753604,47.7914961559833,0.105739479515263,0.5600719061418,0.0631785690937468,0.224671095129976
11.2619333889586,47.4846535130532,0.150603961951081,0.210838626874995,0.0462772189655012,0.0938653181231829
10.2799027890333,48.6112779487936,-0.000895831267193734,0.108751416233921,0.0116307157174993,0.0845624147167692
11.0460387154956,47.9481090947339,0.0840772498782665,0.489924147721399,0.00255900120913206,0.0836528025289683
10.445472032135,48.1359235661816,0.0981885814980564,0.324371957698729,0.0359586061706921,0.0312809843202747
11.2635351272086,48.3072315170269,0.0783278175473172,0.347130518162825,0.0355771547124083,0.04847432698296
11.1127100672667,49.0969323282974,-0.0942586348962055,0.181872354543238,0.109880175242797,0.0143026321422529
12.1740201146786,48.6399835698191,0.0799289420107421,0.210027808713366,0.0192357525958684,0.0525301788443691
11.5518694234594,48.1924489378233,0.0475054448618098,0.35722723729098,0.0293720321274363,0.0426141208687628
12.0699642385929,48.0751898842326,-0.0375676534317515,0.393100168225021,0.0533464587042524,0.02589979639493
11.8171179659491,47.3415800305237,0.215450147762183,0.593479642542586,0.0561643879667711,0.0505717604645875
12.2042957874459,47.5611732402839,0.108105928468105,0.561003501859402,0.0798531425726585,0.023640827507656
12.3174484731818,48.0462663012108,-0.0248726901595308,0.400575568441757,0.0498636374865552,0.0432252569512987
12.696555404055,47.835261688009,0.0528236638913063,0.500790292371576,0.0663159607048917,0.0594897407177254
13.4159629370698,48.5421853288004,0.0368385560053012,0.150227236242097,0.0266760680018856,0.0121483505068999
12.9272215120119,48.369884494537,0.114619389805317,0.176735950422115,0.0443609045485561,0.0355253732347979
11.7839340319133,49.0786165193753,-0.0100837979895628,0.137436719670205,0.0351887865298095,0.0186011852882587
13.0479760267255,49.1172816219571,-0.0542489950420947,0.168709992480163,0.0228086574417029,0.0448985807710294
13.7083500927103,48.9631410572932,-0.120739012571473,0.181002134129304,0.0569536963813521,0.0127519800697805
14.0684778620369,48.4351832914303,-0.0283816722738967,0.222952475311373,0.0187810727694783,0.0455080139791319
14.5236164941676,48.5868883627954,-0.0471331879389363,0.250662997013511,0.00296030876824123,0.0491806203994306
13.3607552181768,48.3329302650059,0.0580690638846713,0.139290069976219,0.0159500749112567,0.00951384317952241
13.8850607683099,47.8608258521527,0.191554677581299,0.328163489387541,0.018433684013249,0.226883951399004
13.5384169460984,48.1889181175411,0.0658695297286739,0.205502468346114,0.038298943251391,0.10016896182806
14.2792033468572,48.2995667721507,0.00972639349255544,0.30564767515434,0.0484772907423259,0.025752705360456
13.9840897330376,48.0306945443981,0.138578745915984,0.29201507531329,0.0204535135194208,0.0951015846679049
13.0322627141686,47.4555915195614,0.186933683036186,0.0967939105318826,0.163944016552732,0.0484471368448072
14.271807736067,47.5895461523421,0.413202649962209,0.463654891912061,0.171799912750637,0.144437365435186
14.491913466156,47.9406162397859,0.277634388237272,0.404218885796006,0.0372183499668656,0.0843385010635878
13.1746979880568,46.8932283065671,-1.12388739967283,-1.01065175256452,0.532142307593099,0.946726074101795
13.4926387763408,46.7770938451166,-0.426809115846126,0.262768556967473,0.0942456398174035,0.193142527844505
13.5302242700266,46.5543896399696,0.085278689862437,0.847127522388173,0.0602330919669283,0.073448383612981
14.6723042483518,47.0700367606604,0.526967151698748,0.739884022150153,0.0421283458585104,0.015249162285332
14.4662355900767,46.9579235985793,0.396545831665279,0.978835778815132,0.0631145321523474,0.0383167678140787
15.1524897249086,47.2883909932336,0.705275217994599,0.319459202901512,0.0791690581602648,0.143821587892464
15.3924130447088,46.968519913974,0.637193952613505,0.430781622893155,0.0290964589755782,0.177448807672092
15.9981493778469,46.8788774569848,0.527949067526742,0.707853481714445,0.0278005994474083,0.111496691648231
15.6077300186714,47.005519467182,0.64215920056578,0.554041914206732,0.0137647976202957,0.032258040570209
15.7217133542185,47.8083452075987,0.280763604085275,0.423694370997178,0.0244560080971833,0.144439767715013
17.0022730525065,48.4396905101459,-0.101588397250339,0.145153628711322,0.219973485507531,0.0396268435742862
17.4751403586762,47.4817810982696,0.118146850511602,0.229224208159744,0.114344213456637,0.0453912035243262
16.3784144005601,47.7302561165203,0.444262750096251,0.384716782158088,0.0548818459294876,0.000897481735443535
16.4415163140647,47.584540660335,0.460835849736059,0.464627793723369,0.0327643553149634,0.0125759941799265
16.3471870113448,47.1450940594647,0.357084957834966,0.551339504529681,0.0918984071447542,0.0396927005752166
16.8930856532311,47.193545676912,0.15231876106158,0.437573966139051,0.167489944691396,0.0163461467187098
17.0036307295529,46.5873719950624,0.382819550758005,0.592772366552579,0.0865765889224705,0.0206003823043415
17.9198910422834,47.0137489442675,0.143536553678551,0.00821370827147597,0.00417578812284354,0.14153664032004
19.1961608431775,47.5595230747817,0.211885286000666,-0.0431270924227847,0.0722179885697953,0.0260989693913671
19.4131793261992,48.0685369089036,-0.0543856952698232,-0.310906916855793,0.0117127304509834,0.214147553276915
19.1347873167142,47.2944519279723,0.30053245284329,0.0565060057855066,0.145848283930579,0.0441338521300314
20.0031417740501,46.9081249064104,0.0518914997793412,0.100579230692045,0.102335492183876,0.0356048322855502
18.9191734997522,47.7241735985128,-0.00283365271055121,0.00447702571099078,0.0922224588106351,0.0180769946187656
17.6465415204308,47.7854066292665,0.22902169537208,0.261883279218376,0.0787021996854132,0.119998610925491
17.2228140529884,47.7595909986683,0.25026260605188,0.312523778086425,0.0548634548851795,0.0542270929099228
17.4304255784271,48.4916687890806,0.10815565785758,0.206348464650579,0.116010110159327,0.0547234485970158
17.6548522796769,47.9762292890706,0.23816501066214,0.389215633683023,0.114204529022449,0.243109254493578
17.6375166147358,48.6243787533346,0.0422133818064366,0.326714921280838,0.158846788280323,0.0235702317731644
17.8087562401934,48.3192789752269,0.162932437618693,0.448969093681521,0.207363601548838,0.207836009486674
18.0945196874927,47.817041742784,0.050120987115784,0.160211041459674,0.0258557495602894,0.0950193342699377
18.7156153282129,48.2481926555105,-0.424868246107277,0.137023692214533,0.248125315869764,0.0627994704106385
19.0302844094135,48.4429911863615,-0.357205097886919,-0.0132898329071938,0.0618419999815779,0.0795716462810385
19.2806523501409,48.4844853288445,-0.266295040472085,-0.104211979287828,0.0319484926265673,0.104515709991497
19.5086167502275,48.3033144166322,-0.0517283953067487,-0.244382827843542,0.168721357713515,0.0455570836093936
18.5347250337874,48.3920307116731,-0.468769054504455,0.217113852217513,0.274524363936845,0.0594049557404528
19.0450728830395,48.8440860384741,-0.339640245161456,-0.00742005483755823,0.0766328631600609,0.00513149276591036
19.5919982953194,49.2793410144659,-0.297294562149538,0.0129464285793048,0.0622626840508644,0.0604253011040381
18.5880983854188,49.1410421459462,-0.0499549995029939,0.251280322929734,0.233441270465383,0.02043797629537
17.298610327771,48.9290593001347,-0.303456676401545,0.110382467764081,0.200495906936183,0.0783581088103016
18.4435600617152,48.6952597476714,-0.444241966741475,0.473112605438372,0.223672195089689,0.158079844562807
18.0616556684645,48.8685227406002,-0.192895862038861,0.63467302149085,0.0638597569218461,0.291372017894021
15.9274410112993,48.5915974537799,-0.118403385547257,0.0244974350236393,0.0343645029420861,0.0241271474114161
16.7356111596707,48.5257837366384,-0.129905391993746,0.0671312122182787,0.122506446647279,0.0351945143343384
17.2236799402287,48.1014750687664,0.226669645365507,0.267341332978389,0.0180790046909869,0.0256240489299724
15.7627483840982,48.0256053009443,0.0870765955035968,0.265567917987978,0.0670133723057628,0.0275534888962248
16.3500576957765,48.1651384944739,0.0107036344901899,0.131831815187758,0.113581207654907,0.027806633531527
16.1625796809203,48.957950146276,-0.107678038018936,-0.030004158640345,0.0242229603672368,0.0545104059989872
15.728191107418,48.7684372247504,-0.0581612724703036,0.0581753500556954,0.0303206931922656,0.00915654346903269
15.423222384818,48.7164830414382,0.0125387008071376,0.118392680761931,0.104339770985514,0.0212010381502411
15.6444035618053,49.6379437519345,-0.257463829516484,0.093515963596876,0.0866269227617298,0.0697533841864753
16.6856986262356,49.0883408266661,-0.25832675432951,0.0401658315137347,0.116994863913543,0.0169113413015043
15.7777629175093,49.4076517256404,-0.19718546310742,0.0625752956757034,0.0594725314380531,0.0195347744987009
17.0272026032101,50.0979235094112,-0.244343453208325,0.103479116402035,0.0112379591335646,0.00771163763349958
15.8120949787161,49.9898240556025,-0.245351568286099,0.0266229815584031,0.0266086994042856,0.0379491505924228
15.8983806738676,49.7948882763441,-0.270320611593396,0.0653970592218683,0.0599972523385415,0.00715719838186784
16.0899269462625,50.7732278618125,-0.257891709470013,0.333405994282644,0.0706967030580153,0.111908434493309
16.2423130818119,49.7420237370174,-0.231618321719624,0.102808169756587,0.00558078714321737,0.0144622563385681
16.8151884297032,50.0656130783411,-0.203963196353345,0.183172547699498,0.0153143616416606,0.0465693547665262
16.5273789426002,50.2808797771316,-0.129195511246669,0.308338491290443,0.0625954934590758,0.171982965615484
17.2515546096492,49.6975946864862,-0.145351808629164,0.150703047054986,0.172015057040759,0.0522144483046514
17.2660450734022,50.4625115608032,-0.200688202345257,0.0939398134219437,0.00603947694953627,0.0158125507126804
17.5097324957546,49.2989466972754,-0.340177260072811,0.166731784497301,0.11145343516546,0.0812433780546154
18.3095388216244,49.6809912673051,-0.226531321702979,0.170626732733693,0.057623150857062,0.0290377127855189
17.7117593253918,50.0904400729784,-0.218776218140735,0.0949040738826723,0.068491132126359,0.064745463417769
18.6441483549957,49.4516584129951,-0.207668984820242,0.214278490003093,0.0218201267199807,0.0568503993326198
19.5472264947881,48.7601567307822,-0.342211258803275,-0.0529880564872919,0.0775013953695312,0.125155377204473
19.2933907936718,49.8797309612577,-0.227897551177536,0.094326806727491,0.0509978849439364,0.0319498785598734
18.2490285236952,49.8637372738833,-0.12732580543915,0.0762606877007441,0.0584215702826493,0.0633525597156845
19.1027744886309,49.7397296372063,-0.245704985469851,0.151737069300285,0.0597831953962723,0.0554528675295737
19.0554605221909,50.9296744160466,-0.265254678366867,0.309217015784885,0.0549735251706745,0.0137165742891036
17.3536518584762,49.8982422172228,-0.180997071472451,0.0751027484218979,0.0704157647844742,0.0238954824504204
17.9451829156771,50.0869627075538,-0.111421427445065,0.0686213093882987,0.0564430456646093,0.0136973243836187
18.4233306616988,50.0012775367302,-0.0234388790669696,0.0767139710619686,0.181088169833367,0.0512463493869904
18.5944211236502,49.6267417441024,-0.227585442624329,0.178855820108751,0.0513750827956965,0.0414713396538248
17.8903666185942,51.1928804133045,-0.232068183525528,0.207424285927188,0.0407119630110321,0.0272068424330366
18.0906583330558,50.495379361014,-0.138006608079306,0.00874141034376249,0.0459101819673086,0.097534239903416
18.8007283566523,51.1088227675223,-0.277065066858858,0.280963894763639,0.0623090585487937,0.0279731892449194
19.6503792735914,50.7490116122375,-0.318617166746853,0.255399737414502,0.0486961842721583,0.0348258886139403
17.3033600863206,50.7621342900682,-0.272105935213567,0.121706888293832,0.0413344434104834,0.0229287537982481
17.2074142041159,50.9378405040604,-0.344917494537312,0.113193297206844,0.0829120720875478,0.00489763015412329
16.3344343138061,51.5660592448987,-0.479550383217513,0.23139372070603,0.0658284240477223,0.041995243125522
16.3938350161962,50.8843983596738,-0.365174366424524,0.297283731436508,0.00265686744510182,0.0167763724661336
16.2641388582783,50.7847834923635,-0.310919343306785,0.344859650971925,0.0118250925067342,0.0824506914395581
16.2963047320112,50.4694592266643,-0.197136693737363,0.168887307020177,0.00341781574796952,0.0435876487952023
16.6009049232697,50.538542869304,-0.160947063356563,0.214976485064526,0.0934230170256172,0.0465920090435896
16.5178875935327,50.6596449512365,-0.262663471472692,0.200968857547217,0.00774550004214042,0.0864044325428166
17.2110961292185,50.325998380674,-0.260475966863796,0.0656551762415652,0.0566590267621721,0.0208921082590676
17.1433027081943,50.6207315168073,-0.19434471917977,0.148499205794701,0.0457689400948608,0.0239065662059653
15.1724322000697,50.4103374489347,-0.226227629162455,-0.0804110888642521,0.0299883267554526,0.1248165903971
15.7073931201684,50.6836361690681,-0.25744830591014,0.150302023118927,0.0197874764125143,0.046915961358339
15.9022008944791,50.5702575228937,-0.191181071175239,0.162496265317845,0.0439669883088042,0.0161825848540708
16.1889288498968,50.3679453565857,-0.204768347475441,0.095144295714615,0.0333014219964321,0.0798768241506482
15.7493824755228,50.8521614377714,-0.369074032271137,0.201970193921438,0.0346046798904494,0.0523731349703792
13.6695447145876,52.1230423107584,-0.238078206221068,0.0503030859593936,0.0446523586418808,0.036460765344489
13.9378664015986,51.0394151307001,-0.164117225539338,0.15136746053235,0.0180321787701703,0.0118437024552404
14.0685363809149,50.6271971741531,-0.287020562714774,0.0664076477892409,0.0325013001441078,0.0333490254921183
14.4849077940015,51.1253971247883,-0.194915838703036,0.226631155072925,0.00584058819932815,0.113337142281521
14.0808006447418,51.965357425498,-0.232738758613036,-0.0185841236485377,0.0226294841876611,0.089951265578047
14.5531822544377,50.9641842402342,-0.266238642511301,0.11479522137668,0.0416506566061589,0.0162206738216455
15.0553919900875,51.5831703362386,-0.375350101428718,0.125166780848987,0.0178324775321539,0.00592423681309939
13.0225648945509,51.2703576139764,-0.333896743266325,0.031156499697895,0.0435013715135787,0.0227773343808899
14.2554217259414,51.1496245880952,-0.0595921430591737,0.255246198868777,0.119706466501903,0.127677363791567
12.2168532501919,50.3533858923824,-0.195328162849863,-0.153814732752566,0.0265265478262518,0.0555326268191524
12.3579655263655,49.9296894578065,-0.0995217710397836,-0.0107209240437087,0.0384509119427162,0.0349111307787325
12.2596613073066,50.9651022026556,-0.286863342859567,-0.027970520019038,0.0448798890664045,0.0151398535012744
13.3367325413551,50.7685360262468,-0.244855940799474,0.101870107317723,0.00832033443672835,0.052935470740814
14.1499953096139,51.0111308537344,-0.137769639050277,0.168212400422129,0.0437683693314953,0.027988747500254
13.7701460930103,50.9309215793927,-0.205619660668477,0.137695100422489,0.00873737056347131,0.0275138152212039
14.7739841354172,50.8908682978797,-0.329588215792812,0.0374507525385725,0.0515785580912643,0.0311494769714858
13.9951610816569,50.1019742592953,-0.184249401101079,-0.0229145203962355,0.0546330292455971,0.0516897093220506
14.6140965952709,49.8085775220904,-0.1133153459973,-0.00350231939845088,0.0284286570216222,0.00205118834488194
14.3014621890004,50.1365923544892,-0.197584112837576,0.0962908719274456,0.0227492323352663,0.104065138663887
14.272824004372,49.7019281378248,0.0868713824138378,0.0422318426565759,0.151809646476377,0.0713293825074757
12.9245017100786,49.3567312965458,-0.0997196904319233,0.0976961869501887,0.0526827414929089,0.00666113633072349
13.9671110750573,49.1034692167114,-0.161391812563806,0.13369745657786,0.121591156290962,0.0170811985359287
11.4686415645834,51.0025269887216,-0.206169711840553,-0.0078102525823604,0.0386767348268304,0.0393528131413125
12.7002842539445,50.5626207499108,-0.347995984149566,0.116963012086694,0.0892162396166278,0.114961050487311
12.0490954798286,50.4467045051897,-0.220380697972918,-0.126046306820194,0.0184725317788999,0.0218985668144784
12.9388481645128,50.2635066942819,-0.223106420669177,0.0701091557262394,0.0676965984524823,0.0119749686110636
13.6046786598826,49.8130054161554,0.0260054959004956,0.0372121577180075,0.0822611048680282,0.0104140747265613
12.2470216188509,50.207874824953,-0.16311087064151,-0.145328420064963,0.0560258466521395,0.0545355257333287
12.5684112849002,50.267051201826,-0.146192221340444,0.0082620178215177,0.0141531081172759,0.0438205965128051
12.450989913931,50.1654382426688,-0.0866190370950393,-0.117645153038785,0.0305832054652946,0.0672374849225887
12.6824814588389,49.5822473184618,-0.0451475470503166,0.0311412304306715,0.00489981396787828,0.0538771276027078
12.2419233802386,49.4288647352885,-0.0298364512209164,0.106867935695634,0.0175181104796916,0.025697397384238
11.0671410774981,49.3624681556166,-0.0278124897265529,0.10420667650331,0.0076670902446073,0.025063403950173
11.376215198312,49.4915646785147,0.034897537116776,0.0340004091998295,0.101279575892714,0.0810235640130205
9.90814980674579,49.7866183805808,-0.0319171903120347,0.0758176985949179,0.00639089853026996,0.0178180210017547
10.4080392002119,49.4129450314648,-0.00199297065201004,0.185776927388199,0.0389046430283091,0.0826182886835561
10.4285920162138,49.9790308390394,-0.0207313490255431,0.0457920390438687,0.00736349237395232,0.0116664934008046
10.7569633128373,50.5597293151878,-0.226661560080137,0.164656152443277,0.0948806232688002,0.0621435776722772
11.3780710071723,50.0868260657255,-0.154147355121622,0.0766516137100721,0.01267978744769,0.0258712548707846
11.0227916534606,49.8541342633125,-0.0547215611655949,0.0735681493158169,0.0214363807431852,0.0321624198697955
10.4982487205478,50.5366973133022,-0.0920494295945986,0.0426789500677879,0.0314859760159682,0.0923451631257543
10.3637583685426,50.3791875286233,0.00908526329705146,-0.035784463011867,0.0712731843222453,0.121350914121915
11.4482670768333,50.8074946853594,-0.217143565609745,-0.027526922329084,0.0163632726561295,0.0271544796320679
11.2043883111971,50.5070314186563,-0.229011770859007,0.0729187586278435,0.0217656866069859,0.00944230652531968
11.8455544532782,50.3917562952665,-0.166136396818997,-0.0857916105633351,0.0502000662796396,0.00919479445940856
11.97213903145,50.9412473620255,-0.312432098382405,-0.0321149732023405,0.0184785596528984,0.0378455445161162
11.6673227997366,50.6872001482296,-0.248354079310567,-0.0750516011642011,0.0121472108327335,0.0170523479674381
11.9654249640485,51.3731640332685,-0.451856271524179,-0.127755234465692,0.149260979141308,0.170936167625261
11.7475829388808,51.0727405595135,-0.263242468242916,-0.0543817943125634,0.0380315513066043,0.0444712819772622
12.4143214035362,50.8045535572698,-0.369813856065595,0.0236809275156547,0.0811193397207,0.0609083535341897
9.72507279736655,50.7646695529903,0.0831610409212783,0.0826830963137545,0.0790003205114411,0.11396394368455
10.1652457990213,50.7535430646655,0.0748709435158931,0.0649065551327082,0.0651915684609582,0.0671874589111883
10.9689490008196,51.0497225733628,-0.0955644703965704,0.194501669262513,0.0560900167766118,0.0289768615461873
10.5275109184859,50.9851868565932,-0.00436953200069442,0.355053168479379,0.0772133086821355,0.0838969579948914
10.7927894325181,50.7424214476172,-0.240045464517551,0.194081656894567,0.131157318794325,0.0195583569956687
10.0599497727666,51.3867782451026,-0.236884665596822,0.0766910076379152,0.036585326597129,0.0449885599920735
10.6538961978957,51.4825178382978,-0.250859727357372,0.314844973508261,0.0370596305258098,0.0636147719309597
10.1279467797283,51.5681295724062,-0.289873583753315,0.140953172543354,0.00752141959136673,0.00146029368007847
9.97797674489687,52.0333587322664,-0.400168080324592,0.0365346867276735,0.0124205151036767,0.110131501598893
9.52091367651043,51.9281517352372,-0.266391234520624,0.0367210408713554,0.0333196794198561,0.0538722244605677
10.3786827201311,51.8177455022596,-0.332779443525782,0.21435164147819,0.065643599183507,0.0495722649825772
10.490133562589,52.2970182681538,-0.553139360687234,0.11548731283716,0.101394309213797,0.0328193496381738
11.2478441411711,52.3441249609368,-0.661101058086732,0.142635123931409,0.038539526147631,0.0380758690446913
10.9327560181307,52.1140893475553,-0.497167928317589,0.27004934327992,0.058945241389231,0.141209463876252
11.7376158733537,52.0738502691294,-0.534841854233578,0.151406215869777,0.0130252339551978,0.023471455303125
11.0317337328143,51.7504451333319,-0.419421395329203,0.353687927784752,0.112866727758222,0.219616198250093
12.2221280747437,51.3155124372709,-0.326352213225348,-0.114619630968394,0.0516923239248363,0.120596708225148
12.2871285966537,52.0514528726619,-0.585090679281809,0.184801039847561,0.107011810980435,0.123317212072291
12.9880932780931,51.6073005372055,-0.382841415143631,0.0372537690656965,0.0489562215081755,0.0186752914502812
13.2723411193244,51.8251526292716,-0.23225122813556,0.0251289579917931,0.0563250236228951,0.0129548592304755
14.1754938931141,51.3015853139856,-0.131149722699753,0.181190485638521,0.0272507839641542,0.0241713185309751
13.5823949170233,51.5580426142888,-0.208576199264399,0.0799740840803825,0.041584743368691,0.0393288501354254
14.1589159782928,53.3247174008036,-0.346125310627813,-0.225855536201938,0.0138436609989213,0.0750954711522953
13.7137866560634,52.7519582042642,-0.313213146480123,-0.0769342780097636,0.00726641549379485,0.0231886161287989
12.3047034228134,51.645184247224,-0.641487643762908,0.011951748441258,0.299957212287399,0.023665466638269
13.2778424541635,52.3333652651331,-0.41363653671709,0.00101253017806603,0.0256767644665812,0.0145874411660264
11.4187542951295,53.4964220117311,-0.236811449991832,-0.13823555737581,0.053264802902327,0.13205252692955
12.6285126342143,52.347280004116,-0.514799562393628,0.103615471559491,0.0273449693825693,0.0136026431886241
13.2536852313968,52.5349825049601,-0.474476322762298,0.0267982966856182,0.0966624253515071,0.035635060134694
13.528340900911,52.9650944343969,-0.234471160313324,-0.157414506893598,0.0719274317160663,0.107257646564398
13.008534084192,52.6543909823409,-0.434269298232896,0.0519302564761293,0.0258424676473181,0.0422634817813678
13.009175250119,52.8678499587773,-0.292030493548485,0.0480956413595034,0.0667897834579551,0.0724838422843406
14.1812562527594,52.9631328118761,-0.294621869821458,-0.167528605264963,0.00833414773435115,0.017932907774009
12.9351171837213,53.7475982803186,-0.437128524241678,-0.0608060350048942,0.0324959154162363,0.0236380907697864
13.2342076384577,53.0001856561212,-0.216769937607367,-0.0965642470298716,0.0897970825826322,0.0820903525174911
12.0522414583069,53.4215397519375,-0.164107430348135,0.0306382643384494,0.104121302777959,0.0418533498449299
12.4713996273905,52.9692688068755,-0.414990042836006,0.00779034707806124,0.0716377211262974,0.0546052682921408
12.3041076508169,53.7710618904332,-0.416925712509498,-0.0665564156833632,0.0672054151349297,0.00673354969618424
13.2101119738655,53.4009464297951,-0.292635995068123,-0.116000659588513,0.00924813050301986,0.0621569191942447
10.6452054077306,52.8562393963876,-0.632820758302384,-0.00657900476678996,0.0379797123540124,0.0936229326669364
11.7176877445721,53.1674311849751,-0.172610954743451,0.166422301794897,0.229608494254559,0.0911891676832206
11.2475595170511,53.0116070175614,-0.549260852261294,0.0989088925191539,0.0616318439505351,0.0185309012858097
11.1657080910687,52.7203380943522,-0.921176570022665,0.0358960706484986,0.368489790781323,0.10521284386794
11.8174080142668,52.7029723919573,-0.899698642179255,0.488035995563854,0.359221303117483,0.401197899779531
9.43008771336291,52.9217582596437,-0.36215488337541,0.336643720738391,0.028589756466846,0.10742052904716
10.8170754115589,52.427430923607,-0.763806030221366,0.0869787425215081,0.106852429039287,0.0306570541666589
9.37835773701018,53.7145169402221,-0.267944689774082,-0.0810404011494397,0.0599106311144605,0.113213549189215
9.87267654174235,54.8268105814917,-0.43466976598599,-0.232927659325078,0.104286663993112,0.00325814671097927
10.1769983502817,53.5171063985411,-0.349243715895925,0.00485892617857983,0.0537580005075967,0.0119146845090747
9.40978682577667,54.5915860824442,-0.608497638866667,-0.0863580030280534,0.0197007915395885,0.0253966473778447
11.2514560666781,54.0251238850424,-0.39668330685356,-0.160629508348111,0.0117910230595641,0.00919212962082174
9.77987454562516,54.125475048584,-0.5950746757349,-0.0288803572893583,0.300659337809328,0.0166690598886509
10.3670138192747,54.2547438970451,-0.491105103998786,-0.118438079436818,0.122179716889536,0.0376150446404379
10.5248041760426,53.9329204054323,-0.43745649216254,-0.0218474076374436,0.115758626691411,0.139996809512654
10.9351249478281,54.5784054075274,-0.418318892984604,-0.135399429613467,0.0510405369436643,0.154072567763913
11.9875471336315,54.1902501009751,-0.454927921978796,-0.165194831095145,0.0343120713854277,0.0190698172288157
8.79094477340679,55.3216736559774,-0.617927718355262,-0.134489927875552,0.0299411104604263,0.0374918911059463
9.36487393942594,55.6161245361752,-0.471940273253521,-0.395520458717622,0.0544048214894807,0.0382190369571563
9.50077235859486,57.007519616306,-0.632423805547415,-0.510876363381119,0.00496956905453759,0.0156661030612597
9.98589733890263,56.9280403012192,-0.61873530475969,-0.474248774398748,0.00122875600009616,0.0289934036744658
7.44485215568878,59.7836318586101,-0.854053470735602,-0.301895132454186,0.0100878600901868,0.0679954762706014
8.71586752050074,59.8045208963424,-0.902737782359601,-0.237253189431849,0.0796030748802327,0.186842450268418
11.3961093556005,59.8284991965041,-1.07262323126967,-0.60695894096104,0.132800451538385,0.0512821311735239
10.1712713623782,59.8070664665811,-1.01231934668538,-0.328753950171185,0.00987358253973405,0.0810245953204509
12.6933493320634,56.2799645856798,-0.536568824170756,-0.463666710817054,0.0683831062679086,0.0864858337413415
10.5932048502133,59.0410296265317,-1.03222325923946,-0.489500336300948,0.0396376153666566,0.00572484617501859
11.4155212725976,58.2984601078861,-0.813069971247795,-0.619669169842525,0.0455521475708975,0.0107450051001967
11.746479672781,57.4822467668498,-0.640782495579895,-0.688118015931493,0.0131301413947147,0.028977578716169
12.8871782841071,57.7295703655968,-0.626971958638233,-0.690979609357718,0.00166063535874476,0.0336319380024171
12.3587534593422,58.739481981369,-0.880402661095563,-0.65135203323856,0.000540267667615456,0.0191077821066775
12.1922918048646,57.2570577826789,-0.526327314893222,-0.673657246172996,0.0445812246704788,0.0194077177263437
12.4837310781727,57.8741528340552,-0.699891794666194,-0.657326842670801,0.0245959201858361,0.0567998696554065
12.4757348024595,57.1982082552238,-0.502890427472422,-0.658999203320577,0.0476905405009218,0.00255183146519166
13.7878964242649,56.2848346342316,-0.4818223554267,-0.564213357052283,0.00735998401984322,0.00295819046705124
11.6106629146665,56.0809166011084,-0.468397757049792,-0.33697068157155,0.0152238905569497,0.120116789987364
12.4199928638452,54.4085111038277,-0.399344847690253,-0.201912210580557,0.0127862596309206,0.020780939612979
12.7278100712826,54.3541493201179,-0.400801791073864,-0.173508935205963,0.032961650552988,0.00119341665526107
13.219628701035,53.8949301306347,-0.489595293355379,-0.0761287651991386,0.0557890335574954,0.0585480144717153
12.5008339454688,55.5960015658624,-0.442862678181157,-0.410348938769549,0.00216977741079912,0.0137420214350153
12.769679645126,55.2844888631793,-0.409356685392052,-0.41111938769799,0.00291558603709522,0.0176333556210515
13.1198522689861,54.1044688806548,-0.496653397304781,-0.139184968004002,0.0580743857071591,0.0100856862379084
15.5019024805508,54.1746233650367,-0.477993165051024,-0.185542855045104,0.0432103437248727,0.0909090631694958
16.067005294516,56.0942178602032,-0.328293174950404,-0.567725690771161,0.00906953148890658,0.021283621188887
14.2535991241094,55.5225770431899,-0.461383878550262,-0.40466889002426,0.0134466035945996,0.0184086520330508
13.9267182568229,55.3577727511746,-0.421365104054288,-0.442487234903735,0.00980450249035693,0.0215703234907152
15.0318042947907,55.3456353465433,-0.440039118196318,-0.268611614833665,0.0204509956361454,0.105138904453814
13.519951171852,56.0783404701129,-0.528561803667505,-0.522284687232069,0.0378316383506273,0.018693521399429
13.70765601156,57.7335119634357,-0.567228389464134,-0.76815717958167,0.0111471418922227,0.0129993128546048
14.1982239981116,57.9228738081744,-0.579528633915573,-0.730550410985493,0.0101452646545516,0.0395471883854887
13.8755100634483,59.7886865022806,-0.803543991138429,-0.706257982743524,0.005015662266086,0.0223129598257529
16.9858579788786,57.147740640537,-0.299277157502986,-0.769792472087822,0.0255858662678214,0.0198031332637112
16.2160612329913,58.3638266627085,-0.438152512932957,-0.811101479103749,0.0170514037286057,0.0190071769588664
17.1064025468778,58.6081173520083,-0.3711698348678,-0.829792501238267,0.0379711173262587,0.00799340365999676
16.7570710634049,58.6138444640702,-0.395533042983459,-0.814551127096723,0.0414003834445861,0.016488130974694
17.9004848545675,59.2915554538118,-0.43997538151359,-0.770216365692759,0.0501148848214806,0.0587285638838415
18.4269754105963,57.6177203068354,-0.254221694027765,-0.815096603890695,0.017652922561681,0.0167748565050881
18.586000686799,54.1412887078508,-0.198452312831833,-0.247177915722232,0.143778658522529,0.0292179387003192
18.8115978143003,54.519988492699,-0.401671920687811,-0.21893312015972,0.00767004753847187,0.0372825219836694
16.7852777958888,54.5912059712881,-0.513099801302142,-0.365364788315819,0.0246188806282452,0.0117717638132827
18.4763720365339,54.614058177666,-0.437728895864444,-0.272282334355823,0.0370507044955939,0.0475978550854673
17.2774407204555,53.9550924194492,-0.307571534241787,-0.237214239774659,0.122163565029639,0.0188677486909977
17.4369710657643,54.2694609879354,-0.441369039781455,-0.362336024857209,0.0131848554715331,0.0514374263247272
18.1114507688761,54.1441759645843,-0.380561269094429,-0.350659077675914,0.099448892182988,0.107568784954433
18.3346980326592,54.231608129522,-0.34444526429142,-0.279782382414209,0.0192649972297636,0.0123645563142345
17.6345738557628,53.7168958678369,-0.271381422490185,-0.211344116207563,0.0593580819408937,0.0281298453403285
18.8333611600708,54.2776762230453,-0.294506402170755,-0.24598915664214,0.0897566551607184,0.0603350146348461
18.1986889312565,53.806152236615,-0.20374687077783,-0.187791022562519,0.114509803869354,0.0229904730013418
18.6337700059016,53.9423298674719,-0.179288541960006,-0.191036977054348,0.106289450079857,0.00634246066803888
18.6447867358801,53.6025888961708,-0.33112309829696,-0.122214903817424,0.100399017830203,0.0383389996631326
18.3797232789439,52.9267265767224,-0.241572470831022,0.0245770035676469,0.0969694825426359,0.0107927714656835
19.4657595858535,52.6932909020779,-0.369130641221892,-0.10713904428811,0.00738054124071707,0.0664973272105315
17.3868413445878,52.6336077518448,-0.472399742159616,-0.0375623165689068,0.0425253961407905,0.057053885651788
16.626435767528,52.654871153291,-0.40164985202877,-0.11792607425969,0.0410693438752956,0.0231239298408943
17.8818984785446,53.0713235463301,-0.360860789610083,0.0373123907817351,0.0320932959475002,0.0664073743652291
17.1355373128258,53.4604522173438,-0.384865680778733,-0.0524395164333522,0.00816042464475856,0.0684159341579748
17.8363953126112,53.5970823881516,-0.308230055878237,-0.194474161153286,0.0163407661121441,0.0381386593216736
14.7446911252087,52.8695522533985,-0.300679097381032,-0.068291540764681,0.00363661743906394,0.0561306170660439
15.7417005896335,53.5228213215374,-0.35706206252075,-0.185473881576998,0.0297225580305162,0.0356011418189475
16.3653512091494,53.4053000802049,-0.36568704164159,-0.234087418650512,0.0144086117102585,0.0838768334585022
16.8415631281911,53.765444141165,-0.399185277763325,-0.161586452356479,0.0135661268312719,0.0572797941611337
14.0306570022845,53.527446075127,-0.370072793170052,-0.179816848694217,0.0114579041183712,0.0211321658035592
14.1308592855343,53.8953410621177,-0.402711356975916,-0.191057026783038,0.0315351310166804,0.0140355038973919
14.9179415921506,53.8079116038802,-0.36418239448331,-0.20694929830177,0.0723056334271105,0.00316414639514053
15.2602584638975,53.230479173638,-0.35179538213324,-0.0957371707765722,0.00568328972694517,0.00632787520933225
14.2285148619857,52.3581074498646,-0.328854600761703,-0.0359689353636554,0.039229319483836,0.0103302437958603
15.0673321656156,52.8516837893014,-0.311330608831655,-0.050500254218235,0.00504773508666539,0.00159547603696322
16.4891495035514,52.8270274970823,-0.418142055056632,-0.0941434238385687,0.0429567260164629,0.0532659513295788
16.787388373854,53.0396710562478,-0.457115182061591,-0.169888469682875,0.0471239996281292,0.0293179109954368
16.0784006069134,52.3802232048115,-0.303107811725994,0.114643059452605,0.00716171768273899,0.0665736114398429
15.8326613621133,52.3861603985525,-0.298293319431961,0.135264113199938,0.0102231146330996,0.0408279434346447
14.3500356576596,51.3949947973555,-0.226212912128678,0.233308217357006,0.0544420521003066,0.0955373355714907
14.7796398666501,51.3160182760492,-0.311117108487883,0.158265274331099,0.0326018033345974,0.0458345846026985
14.5370933144589,51.6499821557421,-0.289715769096037,0.0929908172782822,0.0366963300085777,0.0495947856787475
14.9112301057499,52.2482196835047,-0.306431358620119,0.023387708179055,0.00584017630066895,0.0173593596324457
14.7814089156387,51.9147367580671,-0.331886078090184,0.0680078667554327,0.033774946870458,0.0210000430149192
16.1962852264522,51.3796847952387,-0.482552366396568,0.333715061019667,0.0188700225835523,0.092722879256703
16.9102621513245,51.7068800152659,-0.352131826932161,-0.032102296757887,0.00483567254745546,0.050256932144326
17.2692459098443,51.6667376025293,-0.359562705394048,-0.00505753492728016,0.0218043684009583,0.0271697933190708
17.8480370070328,51.7932225005602,-0.360589882415405,0.196279763146281,0.0173283277503576,0.0317895914752839
16.5408744085959,51.9814497679222,-0.31002005300374,0.0436830864940947,0.0108595729215127,0.00842980727860164
16.4737321652617,52.1845027953121,-0.262602221867835,0.0187214220558436,0.0256643823540788,0.0235737871068399
17.0774432458467,52.7454921967276,-0.550067902376559,-0.155250784469981,0.161944427213598,0.0761373272458522
17.0285983533078,52.0809431524773,-0.228941062407179,-0.0707480690183912,0.0919022689324439,0.0145974970554898
16.9044055316109,52.2776178333152,-0.264298246101922,-0.0985812680394422,0.0450662792145615,0.0115909906744586
17.9559750601285,51.5716524088621,-0.357986845162399,0.246189791143338,0.05401636169974,0.0497445254188578
17.0395995875075,52.426659561839,-0.353971810681013,-0.116911035373045,0.00881386900560717,0.0224897039040363
17.4776802700224,51.843862915024,-0.323681335410142,0.0959756393211721,0.0128964577206286,0.0374475750628471
17.596141647875,52.7397420187905,-0.488786834464325,0.0669508989165178,0.0496553236104773,0.0168636486183919
18.417994838539,52.4099621005311,-0.391045445547337,0.146369044467737,0.0523873084961105,0.0116505228763255
18.5280112325248,51.5176878925663,-0.361620936657553,0.307306165717976,0.0712443586064488,0.07641762447999
18.5407430978628,52.1815950782754,-0.42928375758619,0.170197625091422,0.0294834267137514,0.0189662265169139
19.7894506742975,51.2318107865768,-0.273251777347972,0.34161620901818,0.0395344513887654,0.0462103345976958
20.2172135339755,51.7859222621663,-0.42375169280439,0.310136127516905,0.0112357169150373,0.0534008034530192
19.8724105827165,52.7106901153925,-0.296594157647659,-0.0818367715863226,0.11940331841674,0.078607958294433
19.1727187921636,53.2917007873366,-0.244873963436665,-0.072051347355876,0.074576317442769,0.0951684684613829
19.348207976229,53.8467922044325,-0.323147837718053,-0.182166432856638,0.0849131843845962,0.00280609207453968
19.8738929189224,53.3908995906552,-0.514707969442298,-0.145218920461713,0.0721819045603563,0.0382393606877181
20.4290455957404,52.9776206677556,-0.400908298385002,0.0541435295773746,0.0286886031757337,0.0848450740230843
20.9922712064305,53.4221253783822,-0.603721415634885,-0.00641976171818546,0.0895153028374021,0.0554003033363974
21.2146611615179,53.0743214483719,-0.465929553328245,0.134786862681325,0.0091404339385592,0.0614344985703164
20.9040127273017,52.2637024552413,-0.431964079333508,0.101950061449378,0.0288332317205554,0.0685614970186269
20.8433246806534,52.4477236471104,-0.364706509732601,0.0973042473136895,0.0185742264469048,0.061422233620421
20.3567752150176,52.45691432121,-0.346649814237385,0.186245499757799,0.0453726757955761,0.0802670696677549
20.9385637273731,52.7625729583301,-0.408490088726024,0.17964230928538,0.0185628099550328,0.109135402825014
21.0356374014986,52.5532437833106,-0.39284813007719,0.100152216012187,0.0101345778350852,0.0271955128375812
21.1736765084836,52.1800913513326,-0.425216690437697,0.0608253772813815,0.0175624701606539,0.0887282517340525
21.7618253837862,52.7223821062439,-0.462477020280875,0.227749391006443,0.0195249719293126,0.0755798687412072
22.483399583091,52.7007511381485,-0.470968442700828,0.219641996698192,0.0213412133802348,0.11679186206494
22.7983357088365,52.6784750182452,-0.507361131452823,0.0640825985481843,0.0313495236167005,0.00208019449598067
23.1030792104125,53.7646528613435,-0.467746726187401,-0.0054113016904037,0.0470880411318402,0.0425267998838237
21.5656123870223,53.1278676003245,-0.457990773678162,0.114627144134641,0.0129121879387283,0.0205921552140056
21.5307997181856,53.5597206190156,-0.424563288015906,-0.0887892217003992,0.0756148643595848,0.0597831209052335
23.3476702915012,53.2957424041667,-0.471106394151704,0.00058558878780428,0.016517229140271,0.0255158657635563
23.674174924449,53.9673154937591,-0.435684088535429,-0.0817896136911217,0.0238339224851263,0.0113141966220745
23.4815978411733,54.6331319222976,-0.404310745269125,-0.205352766869683,0.0805878770882372,0.0292762693852239
23.8392866770653,54.4540176618896,-0.364933725481942,-0.20302695141432,0.00652501727016374,0.0458303327741741
25.2165171448552,53.7097175178557,-0.361485576266035,-0.0632602185878143,0.0229461104947127,0.0356854171154419
25.8464358357353,54.9077678586303,-0.349871440174975,-0.149768616710183,0.0198228557254534,0.0519229207668382
25.1242654665244,54.6353473522981,-0.30218452999395,-0.160136059489154,0.049656616931429,0.0188162184326399
24.6130609938005,55.4718736719844,-0.230652029077318,-0.157211470021831,0.0808552615288237,0.0437816619373191
24.8372451318465,54.8978330750813,-0.2980336280813,-0.193022548766387,0.0283301027869145,0.0475327692288852
26.1529407081297,55.6337830133831,-0.295361198973574,-0.124360335620819,0.085427416732808,0.010453991059159
22.9224859388529,55.553182192274,-0.186345404539986,-0.288450924423254,0.020808876420664,0.0386608369257759
22.263120401047,55.7589772411841,-0.0822312918379256,-0.236284285952261,0.0205960541106393,0.0309848374294645
22.1723175362179,55.4586492350563,-0.098198760541556,-0.178179023181839,0.0414212187647071,0.122622978139826
21.2971976073648,55.6645026070189,0.0534100105780079,-0.400985193331377,0.0918418831686472,0.0752136186256426
21.7080690905078,55.3586650286511,-0.022727802948322,-0.277729474445304,0.0881729842343713,0.0941015539108263
21.6220242755216,54.0519119724847,-0.390674541610617,-0.204991382131296,0.0357561849938618,0.0737967410622637
20.747467419203,54.3034639423319,-0.476816709923744,-0.690803082671096,0.0426454860555992,0.217719468826859
21.2641151518896,54.0784529792765,-0.384972050366654,-0.373022232646382,0.121365165046824,0.0284618757094925
19.6692944489049,53.5742382079551,-0.493004626369808,-0.161921597981441,0.0565662817316163,0.0437022711938937
18.9001044534839,53.8475597862449,-0.242096690961903,-0.197250544352355,0.0447423543743137,0.0353057834713833
20.0912478460228,53.759019101741,-0.627988314255375,-0.253129251686194,0.0574135308831096,0.0272756872455628
20.7384273141936,54.0568646640089,-0.596719921594505,-0.484903820886145,0.0446922089647795,0.0669781537612279
20.5500838287805,53.8975209567375,-0.630501597778246,-0.35855742145518,0.0266543471631232,0.0254272775760321
20.7363113072946,56.4224981586786,-0.104907165473847,-0.548094927856481,0.0565901937809353,0.0744338315090077
22.0125079727753,57.4396011846569,-0.179689689490607,-0.639608219372646,0.0837338165815045,0.09812817845084
22.3003581698247,56.6397351609549,-0.109506050206086,-0.412824713610945,0.0596721470108758,0.0189936893250064
22.1711261971556,56.224951044377,-0.0649995025793892,-0.286633296050307,0.059074682177033,0.0359765344546427
22.7784612019143,57.1745581074368,-0.212224508556016,-0.610727787190231,0.0263160014666019,0.109370863145214
23.7718981615033,56.3970355399753,-0.291922920812776,-0.300522041804761,0.0283261647644833,0.0355612342148315
23.0471567669369,56.7606665333455,-0.192359396993387,-0.457234703731169,0.0337412618326416,0.0246827023085439
21.8774776588558,57.1404323126167,-0.203632918411121,-0.536971421835198,0.0533090273699782,0.0201320289954094
23.3146587911172,56.8822265546827,-0.251486357693205,-0.411948091746389,0.00673277943533561,0.0594036698800083
18.3866575957902,59.1922765377625,-0.426265722507314,-0.731419222232006,0.0100509621896927,0.0157024910194513
22.6368138637137,58.9035922439609,-0.0240865638722078,-0.56541590260603,0.011919557634597,0.00951158512995367
22.1371310025686,58.3792089354892,0.0833074969677098,-0.7394542043154,0.0376417215996642,0.0878259714343464
23.4928427810801,58.8402415829977,-0.206513703502487,-0.0889880461291207,0.301087115302866,0.50569401191551
22.6634551682733,58.5285422490682,0.175491173845065,-0.686824076156296,0.0904051960639157,0.116473205949004
23.622710272716,58.6164743928504,0.0253656823417801,-0.387497122871162,0.0376556421928828,0.150139766770076
24.1155316202266,58.3175065072369,0.0906111194489958,-0.66901243667923,0.0174042421725076,0.0684914883366611
24.8452470892591,58.419381444176,0.043572570755927,-0.669226056283848,0.0358576961128884,0.089704547835065
24.5729882723176,59.427427621717,-0.0636953792896513,-0.677172706063688,0.0431881905936789,0.0316677552168037
24.388655424796,59.050833626867,-0.00673442590147158,-0.805091296093604,0.038456635127408,0.222037818556758
24.6991476147795,58.9832642002106,0.04479447641366,-0.807285783644313,0.0452469905882043,0.167367826747799
25.2911708404308,58.1301138248155,-0.0467103696278077,-0.446902356328095,0.0684605356227108,0.132046405680353
24.860999404085,58.7845236271759,0.106325686374646,-0.743108355306006,0.0965407291012946,0.144028959917249
24.6599068953655,57.3654584016022,-0.189874960352216,-0.546863072611824,0.0244413927694107,0.0394787327530217
25.2265272711984,57.7639205145288,-0.206763981756561,-0.482526542376538,0.0635623121588264,0.0605409504129428
23.454656677789,57.893983137958,0.132128054091678,-0.664351647660565,0.0966682197428444,0.10195717617684
24.3435674196768,57.9848127221973,-0.00602621512491949,-0.729319762972105,0.0475767237933551,0.0801273115951295
23.7887503696631,57.0007527121804,-0.346862372934023,-0.339859416461854,0.0687878380926677,0.139866639985471
24.7532981000458,56.3865976622935,-0.268967497742617,-0.0985919942722925,0.0693936310656811,0.209759740225325
24.1882588052882,56.7175672328504,-0.383598482415081,-0.269134424519437,0.0912987741919216,0.0938289199987793
26.0098148086878,56.7591891453813,-0.238258315039078,-0.318755532659675,0.07894754018294,0.0660635517682665
24.7875752611118,56.9127392920263,-0.330100256983492,-0.296392709698539,0.0468107505594708,0.101684981049074
25.7476576930783,57.3085740375133,-0.279821138928943,-0.439183707478603,0.0305475039893853,0.0419151947112104
26.1127173392144,57.0992421677594,-0.272174308151684,-0.412824691516779,0.00799258140178902,0.0911783344608612
26.393429154038,58.3446463032147,-0.16533288673931,-0.722781620086394,0.0596855667320962,0.126187104913157
27.3319612562359,57.6968974267724,-0.19291492208083,-0.361616371139861,0.0104305616093949,0.0210879358669943
27.805137259743,58.1572013010062,-0.102158918834445,-0.336042647113458,0.0467715048948017,0.0804430548658114
29.9432039749611,55.3512772367451,-0.353054491901919,0.306012029320011,0.0112080506214544,0.0889249839922825
26.7739656059198,57.991767867663,-0.169665097250496,-0.561027883141921,0.0247647081368866,0.0239506209254887
26.9099309053719,57.6992278606019,-0.207150650110587,-0.437363744507312,0.0156903601219811,0.0121325963284294
30.2465957873101,59.7778295087148,-0.147021355801421,-0.530651635776667,0.0282999919876166,0.21129319932192
26.2895194994013,58.7841939476755,0.0800979723241439,-0.604206883393274,0.0696878163993193,0.0336886238514934
25.4516209689469,58.4687717277057,0.0888705601527571,-0.402170551415737,0.110533249227616,0.211661038114053
26.1900913961743,57.692805450989,-0.291820374000218,-0.499574692254181,0.0554630154769005,0.0115058229855329
25.8551421855069,59.0015597174091,0.130009412935236,-0.42946740181439,0.0274943195581457,0.0942575945231925
25.191665926811,59.0439877073715,0.0406333628736467,-0.522725236618614,0.0436821238214766,0.0970994937322013
26.1929427987644,58.9951297895337,0.128640898844081,-0.467300150570655,0.0423083794597193,0.0855794902845089
26.2910320926406,59.4099232088736,0.165030232762616,-0.50589518493035,0.0720571072925394,0.0256110946147922
25.9039371654136,59.4236524337434,0.105095935134333,-0.465941242842985,0.0282441581689225,0.0379270703027305
26.8274428492625,58.8681097107853,-0.0314770833114957,-0.626811097500584,0.0583016942726041,0.0351172706399778
27.0307560058287,59.5969605087091,0.0853670942704192,-0.47478614348681,0.0172577581126432,0.052961247878172
28.1225970561587,59.6021358752157,0.00348366153510045,-0.513097631773726,0.0222460127099454,0.0599979511823124
27.1103469932078,59.2744540297184,0.10123417498818,-0.557259432332938,0.0431660066346756,0.0215000798912598
27.3986922851376,59.0629649178861,0.0253376824001872,-0.534430872484146,0.0158661083531225,0.013594230796307
28.1148854178837,59.2604933130859,0.0433629660734466,-0.494141797342889,0.0469569509317051,0.0163172584802154
31.3662481808432,58.6365146830563,-0.230639437172744,-0.478060418601161,0.0813583152853135,0.249592521365027
36.3778704239593,55.379049089517,-0.424459516793872,0.0280429546373867,0.0552640677932313,0.0254022989905099
26.4146510617137,56.1938226731567,-0.246323304571574,-0.211537961427576,0.121014710876283,0.0540671790199556
27.5979652454645,57.0906590010005,-0.328224970233463,-0.248913479372992,0.0432440895784168,0.0560289517424668
28.800084246322,55.8322359820479,-0.415485584715223,0.158438955292802,0.0224833458813033,0.0491871437382084
25.5456678515441,56.100232874149,-0.206618288611013,-0.0525237197352387,0.15512242153954,0.1813776118253
26.6863790573587,55.4584900862335,-0.394662374719547,-0.130775317365202,0.0159545787108909,0.0401787611041759
25.3666309362397,54.0439819828694,-0.324633530042497,-0.116633046121328,0.0451609071305581,0.0405277147724703
25.6782845918125,55.5216335313078,-0.246292274798157,-0.0392148994235513,0.134740103116971,0.135204763313663
26.7898944467122,55.1052471787411,-0.43385446990755,-0.0900952191130417,0.0459372553637518,0.0207991748665362
27.3433944008853,53.9871530107449,-0.424772140455589,-0.00931492693640524,0.102661231300931,0.112259073678271
30.4732216224339,53.758270410841,-0.35060803724329,0.324087144492496,0.0226893958607786,0.110454432447466
25.848059807422,52.3570175410191,-0.342443452291815,0.319073205721504,0.0441144436491645,0.0543395973660129
29.1064516129592,52.1131990780355,-0.567338142265582,0.134925297709684,0.0370386162314386,0.149012663812022
31.3521061011398,51.1392601328005,-0.710591601942637,0.252125529087341,0.0382686903482967,0.132703499947062
32.7270498171438,52.0593621678287,-0.115839600947367,-0.0978843131237379,0.129268091614456,0.052402593296128
33.115995654426,51.6477539363242,-0.11625191699636,-0.201551517424381,0.133132135736009,0.0736979387160389
33.4423206072625,50.8710677955722,-0.390001761748153,-0.36756250311151,0.10436312852916,0.196509919840665
34.4909235061102,50.6295211091829,-0.102540647032779,-0.394587740232297,0.0383464735131937,0.165594958029935
36.4661116647445,49.7788489871842,-0.565914803285888,-0.0561839218102509,0.314241898890844,0.0968269252206703
35.7352284023137,49.7767587920668,-0.427147177805319,0.290955313453375,0.03372003645105,0.161500608848025
37.4713037167,49.9066646982181,-0.186369234287603,-0.49601575923571,0.150680135195744,0.286019256417402
36.3879899882023,49.165810620905,-0.676853529677903,0.0746804245962623,0.104065086314392,0.0352561803738901
33.40657910888,49.8846567991135,-0.344675692800112,-0.152685874352392,0.0258920964416193,0.0168974838315147
36.0916813663126,49.8347704889853,-0.49517046962898,0.176547464539688,0.178995881785065,0.0621962235888568
36.0706572368927,50.1248443289882,-0.186152227523767,0.198497830911769,0.0301628954735509,0.178723606896511
29.8539013636689,49.8306536587601,-0.789618368834135,-0.208229071694544,0.241374293487982,0.134559669886463
30.6686100221349,50.4932863404957,-0.854059767741905,0.135824014752476,0.0322374246619335,0.0205861365641008
30.3508222040607,50.7564415630739,-1.04174665126096,0.14746978965788,0.0937553942289426,0.105178704329016
28.7161027899205,50.0465569419531,-0.851751597531044,-0.0564257306386188,0.0206906066733648,0.139578342523351
24.4347237238085,48.9830036789876,-0.686231365967714,0.422160763506195,0.165953901487742,0.0965725737940454
27.1828210208525,49.9512034989742,-0.796576498494984,0.152666126910387,0.00580004954308312,0.0400736274011429
28.8553939765541,49.4393475857805,-0.740191139605438,0.00153393929552296,0.0536146748080409,0.140992150826786
27.9609706971709,50.007831537088,-0.822724240557828,0.27401837546652,0.112532010176233,0.182568969210031
27.8271924926545,50.7286699744208,-0.69769933137362,0.164299449167011,0.122704413366623,0.0304120392761264
25.9632606512145,50.8042012969278,-0.607500089496391,0.196492492330811,0.0163529647186127,0.0314503547338245
29.2782197603908,50.3871276541725,-0.849546948234148,-0.396585269065257,0.087904380710016,0.0861599079336364
31.9508428085027,50.6691057925881,-0.495578071003294,-0.0199387616096131,0.0208753957513828,0.165783770807961
32.136838896356,51.9724060056281,-0.413428695395086,0.0194380271858616,0.0497857138391223,0.074620226318001
31.500674687347,50.8007263591061,-0.626821634058334,0.0332039365951677,0.03677408663924,0.144174177637684
32.6041046205101,50.1791972622074,-0.269908594964921,-0.0298411218163209,0.106856979017678,0.00992478284777231
30.7981970726245,51.6687474121963,-0.899623505428025,0.236495697423302,0.2126108529582,0.0829401444852427
31.5803146399832,51.4356734638499,-0.678776162100653,0.181747000605096,0.0313481182321658,0.0395264721796548
26.2794612967773,51.4694877889204,-0.708365871867948,0.282443177014238,0.236488425237982,0.0101863947295567
22.4366028883275,50.1289739620094,-0.327543400131791,0.431393527422125,0.0343364987383381,0.154536747239135
25.8383447263179,51.6069268415241,-0.519672625896106,0.322382333165303,0.0908775517060436,0.00995773613432067
22.7371744878057,51.2141651791197,-0.539629615376952,0.195214146773699,0.0269015809792987,0.0802180391217098
23.8609132783752,50.8648836746409,-0.579675515775037,0.300426702284834,0.0149078663061698,0.0136166543740929
24.9906081304235,51.5943205591341,-0.300860298780122,0.375758844167435,0.113773070509167,0.0306892451377214
22.1042980634056,51.1171858509255,-0.610506161921527,0.136248214444827,0.025318202229113,0.012313359532869
22.3404296707793,50.9843297006673,-0.60698487453057,0.250491991448057,0.0135977925491416,0.0603590351622288
21.6715483441862,51.9811971093127,-0.434960333877657,0.0547053905190627,0.0979367554436006,0.0201613462461122
21.405748047351,52.3123565916502,-0.410113197488619,0.134154088425421,0.022407158695542,0.0210581866968322
21.9168568580709,51.648040790025,-0.534505097803386,-0.0927068059213225,0.0391996320573222,0.157887505164123
21.6372969471673,51.5536324653277,-0.546141616870337,-0.0158532554972215,0.0403547164812635,0.109320407303568
19.5729157493336,52.2526891210022,-0.434731416056145,0.0487501622437703,0.00960423577774261,0.0773733845275394
19.3123342195333,51.734249473777,-0.350104976751572,0.305978063016064,0.0299345031535855,0.0256472258996593
20.3042377251862,52.0980437275085,-0.49109255698146,0.307736481146893,0.0782778121243689,0.10510076498001
20.000266140807,51.9073806249118,-0.379806822279496,0.253995824757327,0.0294652041894034,0.0152633885885467
19.9708792704475,50.7099057060508,-0.32987891762357,0.204353586681191,0.0100432812454195,0.039951117293814
20.1001262566775,51.4758863417411,-0.359287412053326,0.255564019718629,0.0180166699891227,0.0322133433649837
19.7174712814133,51.4244344663343,-0.168757642276131,0.440015722822299,0.147564178472618,0.139093627534123
20.8623694357648,50.9369528608875,-0.586705216705618,0.172277855983671,0.0463904870280335,0.0416887986946809
20.5080184507242,50.6633109136048,-0.408682847443682,0.129299564183711,0.0185486161000439,0.0464060570818769
21.5857644213689,50.3435265195143,-0.417891487414625,0.208552757833186,0.0301199263930367,0.0282447227210588
20.423811793782,50.4218378329223,-0.291585133475247,0.0737309074730799,0.0578475763874448,0.0135560833738087
21.0547432002708,50.498648897157,-0.462532817111386,0.0529189882603925,0.0309626514435201,0.0501499916175521
20.6243627390233,50.2298008666197,-0.220044957471943,0.0164460121268109,0.0786871703912496,0.0180936812841901
20.0286479222303,49.5692999490173,-0.248211578841985,0.00169209054593515,0.120478058268933,0.0664852937935271
20.0120384988724,50.0520808171386,-0.200880956827047,0.0158965096263272,0.0157954747459033,0.0514084908752592
20.8135040267515,49.623030637205,-0.0604585587700507,0.028112266308116,0.0131814816184656,0.0228220324798778
21.2794353640315,49.7778491829093,-0.116405420151763,0.0263801244632071,0.0707639736341222,0.0715520498696621
21.7694057698923,50.0127040055257,-0.190202953523283,0.273905016853791,0.0436847266486247,0.0879096967488805
21.6586726192827,49.6629172380327,-0.129674454529024,0.193703635159472,0.0950426305100859,0.0807204640230556
22.233399188179,49.1552308430338,-0.603007798836998,-0.100979273934495,0.378076189274561,0.156049290578919
22.3073942290546,50.5718516432142,-0.579524874814289,0.447396652284311,0.0155376585573112,0.175500112848461
23.1935175714988,50.2634233779148,-0.585509608086664,0.225837424638242,0.0296906703218885,0.0337275505433704
22.5944416845097,50.5094639440562,-0.549997846313639,0.418570119909685,0.00865172361460667,0.127845136313741
22.8445998623268,49.9382467343225,-0.266633696990474,0.330737289586021,0.197221644587921,0.169943628619168
23.1718886683148,50.5064458690535,-0.62734104958764,0.274906600569989,0.0383981682759443,0.0209092208716825
23.3972204296949,50.6564317723358,-0.660332834309797,0.220925057777141,0.056031625841558,0.040526464737969
24.1405732614987,50.8415820588712,-0.585800773775691,0.340950383623867,0.0252854389305072,0.0132633784340565
22.5608228521406,49.5349255482043,-0.274035579957579,0.114222187899888,0.0834185070999313,0.00770324650468625
23.4801380210141,50.0925681740628,-0.567102390267551,0.0869302182571525,0.0683153838013675,0.169525366573299
24.139563077719,49.9627280057081,-0.827126429405061,0.212363294072501,0.129642622351075,0.0465253502023752
23.9920917190282,49.6691592610774,-0.806058297431621,0.0641542839471058,0.117679733091101,0.164764752259193
23.7376036183899,49.073142134663,-0.677885861523784,0.101994616244219,0.0948678932053462,0.0264002207259649
25.6838151312226,48.6284954323849,-0.702041537753178,0.0695017843516641,0.160441666119191,0.164173170914758
25.8093796158866,49.3619660883509,-0.745399482212483,0.0838562099575706,0.0879843174489832,0.0598214931830882
22.3475743989289,48.5568064259443,-0.12449521607077,-0.293511407283085,0.0276975115509302,0.116084034714236
25.0986045440133,47.4767050505717,-0.616649461096145,0.0793751934588994,0.0304428757089769,0.148473727663311
22.9115470453099,49.5385758185586,-0.375822280053557,0.0371745514724252,0.103680512258247,0.0499754806942371
20.9619730902045,49.2903422168269,-0.0109972773235249,-0.0493875754162675,0.0370984282422219,0.140443898714259
20.7583816091714,49.2460813588548,0.00195208833356234,0.0547140152573055,0.0861586772369444,0.0132489796335586
21.1809654880473,48.9728832532312,-0.124102731692405,0.0282318023102038,0.0984029942220339,0.107545145546247
20.2922833775682,49.0435325229359,-0.287967904065264,0.11597802034174,0.0991520058061004,0.0439644198900534
19.7812015385546,49.0133629950777,-0.27638164411093,0.0735740816153496,0.0245226992757135,0.114697564756343
19.5724717314431,48.9487526526504,-0.326317137642396,0.0148399403378585,0.0482756639567956,0.102926796104133
20.1002127100373,49.0941246989653,-0.183604589508981,0.108179253588765,0.0903519678366113,0.049190452632286
20.7320378833132,48.9202062549562,-0.340363119081512,0.0878361067902366,0.238663708053099,0.0310493655230524
21.2302204377734,48.4964026323779,-0.173312989802329,0.426465698399764,0.149179174263958,0.165416345214283
21.6929344388597,48.4334463679997,-0.133974189109018,0.626883572471027,0.0978271097114475,0.559595042438361
22.1286482731637,48.9345835313826,-0.397107237842484,-0.193976256957663,0.330454102559221,0.157580564838635
22.0442802177451,48.4799079432969,-0.0809552561357635,-0.0271358199938469,0.0472802309333173,0.026893759062938
22.3415555894357,47.8280109572324,-0.466749499285048,-0.030879239111862,0.0529719809831483,0.0418625353725065
19.5054609372307,47.6204902026672,0.226423563182351,-0.115941165804212,0.0535097763058967,0.0525581996806851
19.9948820129677,48.2400260436731,0.0193135839569856,-0.256675301843636,0.0381404778863384,0.116726385464261
20.9725029467735,48.1323079327253,0.107864939995136,0.193214907100849,0.0991795570099948,0.0202665226759814
20.6197592541103,47.7874679232692,0.276571367948732,-0.0415234913964827,0.0961513107588587,0.0764519970327856
21.2908513986401,46.358486521812,-0.0249562464111538,0.10236027206634,0.0227056458625999,0.0923919170946042
21.7911963053567,47.7949479157496,-0.412704731890457,0.234677826745993,0.122813733891842,0.129372742226257
21.0355916051612,46.8362830920588,-0.0181931916848157,0.11174148870836,0.0500471413265189,0.0467399695736416
22.2949147264891,47.625852741299,-0.418923334279711,0.0601762211710497,0.0524208622754158,0.113896174356025
21.5966232996065,47.0027596558679,-0.00429977416061033,-0.116828215715369,0.037207059669076,0.0905951403205119
24.2351975403036,47.3883588213945,-0.364555624524634,-0.440717279489916,0.0216373540763478,0.0517828405972087
22.9360550413346,47.0619798294563,-0.381375734349195,-0.354181221037763,0.143135712253141,0.102840520358305
24.3590172685758,47.0397105459033,-0.153133996280676,-0.668815000525714,0.054120962486662,0.0854927498523307
22.1750244243748,48.3837324120924,-0.227975096472806,-0.144238627713756,0.0784111210558557,0.0579942153483943
22.5295627967997,48.1785315031418,-0.309753079153644,-0.182117149563932,0.0585218768987316,0.0126936200393744
22.360301461039,46.4479694343974,-0.341493102821107,-0.641337808000507,0.0220583568095272,0.153245374744968
23.7909490441418,47.547520965063,-0.368632661751551,-0.425810032280052,0.0226794896818611,0.0415375606115564
24.6238401855438,47.6252674875205,-0.579044731894547,0.00295975914086057,0.0337352928416845,0.164333621297226
24.9302058430019,48.1948573324642,-1.08397138434401,0.517210591205833,0.240708327031451,0.260498710450993
25.7280097178628,48.2654456636869,-0.880450174129263,0.201316210066024,0.020997307031668,0.0130246898613734
25.4429180211003,47.6972153251974,-0.864133760510475,0.242456598792343,0.0505657705355376,0.113797733811782
26.1700899503893,47.8403271779092,-0.855358867722508,0.0802255417295639,0.065080124057322,0.0128135931767447
27.3130022074179,48.0032238300145,-0.729087811131746,-0.139185447116445,0.0471904705961224,0.252766892209322
25.1877765847851,47.129413350201,-0.359247487056662,-0.329488892273391,0.0751131946883825,0.00827638761840376
24.6652153849219,46.4625038870826,0.0719542451059016,-1.03985363345586,0.271843821373411,0.0955613261734739
26.4205622343879,47.3185691184545,-0.6101549647714,0.079743484025435,0.0156998926484798,0.0657136757711328
26.474280864731,46.6470721774365,-0.533475255509152,-0.216062916329843,0.121931741894952,0.0686656077028057
26.594319181224,47.7770286196195,-0.705297740606623,-0.0358424126476701,0.0281759514468839,0.0638856787650585
27.3875189463276,46.777671765543,-0.619948054485761,0.157287543929557,0.135686042046072,0.274513837451777
28.6490338342689,47.3138770668895,-0.864130112561638,-0.145912260831603,0.11651483659685,0.0718431994965855
26.9306142620361,46.6540435010136,-0.669561085571313,-0.10760621476652,0.160034986330609,0.0285250708472558
33.3618984518078,46.6362538824795,-0.527419549933158,0.0170642767465202,0.0532276953747505,0.04906801573344
32.250425639589,47.8961970828505,-0.777802456978117,0.085825992684476,0.157574789550044,0.124635766177351
31.0286126672455,49.7184368896564,-0.612345607825851,0.195985316473097,0.12542619209986,0.111142749429845
29.9000707155534,46.8113106337283,-0.755075286509797,-0.0315316218805664,0.0744434823405925,0.199525678529725
31.0114785696468,47.1508641462831,-0.763815844617212,0.0225542098805976,0.0344673053930898,0.286570077087733
27.1712448289958,47.1550573348079,-0.399796345237594,0.159707630640794,0.226486690899716,0.308229811768524
28.2621298803791,47.5952236666189,-0.83905092507516,-0.0522774104952678,0.0359622462240399,0.018343189213771
27.7954627068499,47.0973942461916,-0.407408179965869,-0.0163989911785224,0.265677657161065,0.0234036245696589
29.5692773784554,48.2327366649768,-1.04354162249662,-0.573805643686346,0.232819046626971,0.227414394535956
27.4824096724908,49.3119078131888,-0.726218508838653,0.15698906179377,0.0266449030149736,0.0257661558136989
28.6313984349938,48.5633456150641,-0.823427057597522,-0.0627812585425241,0.0415572577778402,0.0205698009218239
26.0962156235704,49.1290452788442,-0.66017297392203,-0.00960516893236454,0.0614384686744393,0.108197788392752
27.6945772443461,48.6027009221378,-0.787024669976133,0.0694286831261761,0.0525961262871354,0.0475211458962414
27.1274187352574,49.6016478815988,-0.702251490702167,0.0914437556746006,0.0748168750201196,0.0733527135788812
30.8749927760995,48.9150079737458,-0.754617509794967,0.0238104152087374,0.0258699226544593,0.0704962539340964
30.8067026657276,48.2014022630607,-0.704417920683128,-0.13673694806523,0.108405049340643,0.0383332501743473
32.0918374115427,49.0288671483856,-0.751119277184202,0.464234805125512,0.142627951687894,0.48743984170788
30.1535243275418,48.6226483140939,-0.746648670074668,-0.540410055502891,0.123089717089924,0.272126249622065
32.3521840807028,48.4345808223475,-0.700281388043504,0.343206984876798,0.142174452277762,0.344979685985131
34.2511215692214,48.0430935941208,-0.979196505800904,-0.0692042642870902,0.068343792172338,0.0147925748231395
34.5449911116403,48.6324782576784,-0.696403838934176,0.0234705976037278,0.0700122197692641,0.0549587089010065
34.1544198107429,49.5888490789649,-0.510746516506091,-0.0509245233340219,0.150918751755013,0.135218174394063
33.7931401281018,48.0015129510722,-0.990471860530688,-0.0453921010023278,0.0510432321422764,0.0495673886689131
35.4391601774539,48.3098969167361,-0.790645966079859,-0.00933415603985096,0.0249652165367101,0.0120711426277714
35.5888596016525,49.280207370225,-0.595824026830174,0.20611897589662,0.0499453068434844,0.0796099095627252
36.0809417951627,48.6114285088687,-0.703318048665429,0.0599600116261883,0.00944458603728227,0.0129521488240638
38.3287549246282,49.2114189317992,0.0451571296313587,-0.115476619183499,0.143817688612356,0.0879022994887128
35.9068457689966,48.285579202569,-0.74966011552085,-0.0562118043843712,0.0166821073210872,0.110292405047364
36.4950115884181,48.798155206849,-0.723172934798887,0.104493215064502,0.096489307756085,0.0182963301510729
36.6911084797794,46.69540034252,-0.550812235272368,0.183799484077898,0.120829404640459,0.102724347757221
36.6989237868725,48.1390949931254,-0.661561487932898,0.238180737847424,0.0150428080777532,0.142676336304271
38.406038541783,48.3301070946713,-0.387402671057493,0.103122530963235,0.0788414446767493,0.0827317548365577
33.410845228197,48.2441104715086,-0.826585671006118,-0.069404526566583,0.0543220551573461,0.0230681008420981
34.4257964774561,47.6671888144478,-1.19535467286732,-0.0981614151582499,0.328671114776865,0.0859570687404834
34.1893677774112,47.0421826841316,-0.849547840968385,-0.0717950368150395,0.111770034832561,0.112669209491328
35.422768145937,46.9404885369513,-0.659033072986282,0.159849131666789,0.00664734904685182,0.0185058872025953
35.1697504242312,47.8150807164259,-1.01294797233782,-0.0407039376965051,0.131429317724827,0.0669230464380209
35.970220961293,47.6520524714772,-0.74017135104813,0.0900217628752434,0.0395513163252115,0.018234289659249
37.2767184187999,47.2287250204002,-0.58963698207314,0.215831500660508,0.0406936792773771,0.0881059416454722
30.8816982598724,46.4741424788848,-0.715818489578037,-0.217483160071686,0.0784980961157319,0.0556461733448647
33.0593435621695,46.2558797522179,-0.313412761895078,0.0726184043717651,0.116722005391708,0.0669821922878787
35.1023870705834,46.1918929171824,-0.522728479146238,0.203628675187317,0.0891460566824071,0.0263296617626299
35.7967848252782,46.8085106514161,-0.551688227919457,0.175387829229677,0.0944660402566378,0.0274681369895496
28.1073479859451,45.8768154378414,-0.661783698171657,-0.0761587885058478,0.0482583819280676,0.115006534924904
28.4193236191381,46.222382595659,-0.570738793103521,-0.200114302437273,0.107851368648991,0.114513731896725
30.5472179489839,46.2174405660966,-0.773383417795168,-0.27366010514306,0.0750881144893518,0.189959694287389
27.774683882454,46.4645087682447,-0.448963876809899,0.142221882421507,0.161920684744332,0.170364854659472
27.8113510617913,46.1876476069763,-0.440703791709501,0.16841116667678,0.222075222196289,0.153130820125359
25.6440509383684,46.7153013896428,-0.256066605396619,-0.518657932448399,0.0582866877921989,0.142264350361455
26.0452414168566,46.1282764490423,-0.103905952246696,-0.364914684959902,0.0369905054475577,0.255463996671111
26.6595783133757,46.3335381025874,-0.346464045465811,-0.481247319165806,0.0414173560248187,0.170468969069219
26.4783654327053,46.4437802961407,-0.422331581129525,-0.362276499954401,0.0802522441556053,0.0743565971156956
25.9801214689205,45.8131837304865,0.0714168256872992,-0.390011466289171,0.170501445961169,0.377820112506271
25.9075114933394,46.3106479243712,-0.236298785188743,-0.469517154843055,0.109544215847078,0.0511077392518476
27.3418827851244,46.102418778664,-0.532663371688808,-0.0293509396147198,0.0217465896394,0.0558075573490007
26.7574319762364,45.7545612560071,-0.318356274136976,-1.01459505164536,0.0318246834108593,0.469635302304376
27.5668399145314,45.5068297395135,-0.69933017126155,0.223580753306322,0.152131696076446,0.395946625385666
27.319594954824,45.7637451040501,-0.716580757969425,-0.0286864215460676,0.221493430842029,0.139300595584706
27.6835475468786,45.3649945974629,-0.577495461409699,0.0310021924997243,0.0322086441205511,0.132911895105991
27.9268963174413,45.7259464643035,-0.746113689808208,0.102198874229068,0.0430095360357715,0.0544488582255249
25.1965012103262,45.407163159981,-0.280400378850714,-1.18020941963182,0.221654482962346,0.212761516267875
25.585305248004,45.6310093824016,-0.139892918033474,-0.546197511986092,0.0541728499883503,0.488738895925213
25.600557308655,44.9602854776315,-0.738229273193646,-0.977783036196295,0.179120359284965,0.0196201107897947
25.5044562955279,45.4363921358041,-0.174858497768042,-0.833108440500056,0.141570459876908,0.123874815310685
26.0404673655943,45.4514446373874,-0.0773312995052746,-0.636236287924766,0.183796286119488,0.16229312848957
26.5441459603611,45.3978933446094,-0.172889858731686,-1.13815852620639,0.145477414069096,0.386929431790608
26.4696082055117,45.8445815135308,-0.125804293043732,-0.796686230251185,0.0502319833052637,0.126269164315099
25.8856290111415,44.9505795856015,-0.632210074272041,-0.887089547797468,0.0850126289479944,0.00328346596532842
25.6546800841802,45.2788221126431,-0.149665580440435,-0.780398353317249,0.323526076868298,0.107762181810103
25.7752475737164,43.9727447014854,-0.100445691955861,-0.932920807519631,0.11973713749532,0.0188296474782968
26.7978226335099,43.9198540193988,-0.347857606671359,-0.696532508431895,0.0681480228974029,0.0231549224548207
28.6433229834856,44.3132024442413,-0.436574988977241,-0.359626348438641,0.00750473499885379,0.0581632693512321
29.5560791918272,45.3846195964522,-0.405930573345577,-0.415454625257484,0.121747467115505,0.0550099375631679
28.9405005737614,45.3511565669368,-0.603834188303939,-0.119534567449326,0.0418634948119005,0.167811746786629
29.8349146206415,45.2623578558153,-0.291999454627593,-0.517740641739585,0.207721950960903,0.19835047596315
38.4881270199947,44.8194744232305,-1.50386923167449,0.310126406057725,0.311563335371217,0.212793838277443
29.3526325396753,44.8376514970077,-0.452054775984866,-0.180678836338042,0.116478284447365,0.128694145957119
33.9044489957725,45.2649918148933,-0.38067231330823,0.310158573892714,0.0669018141551698,0.0662727946239776
28.995573645684,44.7574554735921,-0.331019261017514,-0.110743895041269,0.0824186745371355,0.0982953480266237
29.4770219975501,44.9769666533229,-0.366282945765684,-0.335746582914605,0.0199096642822289,0.0334555289605451
29.7556351157263,44.9978796444577,-0.256027206908157,-0.586075206476103,0.159095046309394,0.262181554758019
28.8522003334207,44.5587833990669,-0.430215356044818,-0.188714794734864,0.0339567962066426,0.0344285441281238
38.7178345656004,44.3557804924419,-1.61398802406954,0.500198369628884,0.434977274061469,0.130035336708021
35.7112462587183,41.4406842934608,-1.40956879313547,1.13623622861861,0.511871392359546,0.258442802123189
28.3712250667593,43.8113205932208,-0.454540405946172,-0.313456127563309,0.0133431193881782,0.191030926788196
28.7286737218163,44.102327400072,-0.456123794777214,-0.285950280993392,0.0135516032505756,0.0137816559023255
28.0390976291517,43.3455054641148,-0.509100195491191,-0.765262827251831,0.110024324292558,0.0504851840629379
28.6842551768604,43.9613767759206,-0.481968388241467,-0.241850370007812,0.0109987138162489,0.10166078513305
28.0055550918932,43.0251319899237,-0.371173471795554,-0.864552395385736,0.0528318754646325,0.0769042464652197
28.4419755737587,43.4884438408356,-0.518092459378019,-0.465240775300786,0.073225684198931,0.0891729039940588
25.4145193874717,43.615233621461,-0.323373913977912,-1.04742338838175,0.150955533079666,0.0808232019985092
26.0380384751226,43.4700875174994,-0.28918160802782,-0.960748044934826,0.0221847521950603,0.105380919686781
27.2982209603292,42.6328558551577,-0.541177601897613,-0.810906817930526,0.291295433216041,0.0565337821676068
24.6366865486055,44.2649290178932,-0.367024477530355,-1.01254935261609,0.120760193405125,0.0134236479199589
27.2944384080519,44.4678236455109,0.0493532764996913,-0.86348799400004,0.204488283691915,0.24403605422185
26.055899091313,44.4570607224736,-0.389478150382228,-0.782799823025342,0.146900701936448,0.0562251998775958
27.9728366544122,43.9987476940461,-0.323611280278715,-0.429325196036566,0.0623851042212833,0.132850825564611
26.9059910599772,44.7671668711879,0.00365574199311014,-0.816320107495208,0.183599637334419,0.0732486741064413
28.6036121469142,44.1979237254359,-0.431482581686004,-0.326343947333418,0.0272405547797218,0.00975937528420825
28.0555735112186,44.27320332303,-0.419545479855658,-0.325655871335753,0.112462463200509,0.108849548433474
28.5006288931507,44.4096366792138,-0.383153178643221,-0.386046147384189,0.0343199943707003,0.0716258704712671
28.7522799837195,44.4870984489302,-0.47013494512851,-0.248430968142231,0.0736197452610523,0.0348276218325297
27.3930184454587,44.8405432571137,0.0996531679730939,-0.771719009404544,0.320656237866309,0.291761242981565
25.0105902397953,44.7315096138905,-0.720531853138329,-1.18363708615302,0.142484726397736,0.139675092706691
26.2371903911429,44.2908802227381,-0.216733718391082,-0.710321711330345,0.0229938564312541,0.0451302490296494
26.6122538656589,44.3650575471875,-0.186067402942061,-0.502021756588861,0.0167419398257825,0.272529457821234
22.6423528060805,44.3482056235403,0.0811482748848291,-1.44861544763014,0.096004308034496,0.206734768103263
22.9471628737551,44.5465689866868,-0.27507493068328,-1.36487479494102,0.0263581035745911,0.123627641566763
25.0452936254802,44.0772008911181,-0.176761280998938,-1.03110085250363,0.190207274371033,0.0600519688012926
25.4385678854204,44.1889388116006,-0.16736178465749,-1.00974857549702,0.121030364292367,0.0503309590263779
20.1694784943078,43.6129918349145,0.807682681491725,0.101097112758919,0.055077625757867,0.0342750060418291
18.6352665630066,44.2593055605752,0.90395008071762,0.969508450308814,0.159094843799542,0.282618070342445
19.6839353468993,44.5090134254493,0.868193815114915,0.458043741099203,0.118303199878736,0.00984249827682032
19.6943574600451,43.9931779094965,0.90896211500137,0.648280645518218,0.0561826064534938,0.0858724105613843
21.5038175387776,44.5884956553757,0.211545274303557,-0.690440210510009,0.0725157374576863,0.0889554813027862
22.9976037441564,44.0145106077017,-0.262145591861992,-1.55302689031881,0.211425325004099,0.0447939582508205
23.1967901698501,43.4160424297113,-0.152635841601637,-1.70361775258987,0.0404960400712138,0.00955671645801823
23.2701763586887,44.1408480911782,-0.324765675094119,-1.33352589229702,0.0912463505182695,0.0502955931916379
23.7722451066614,43.0506685168624,0.121854001236798,-1.37534970207183,0.139431505370946,0.0710586656601628
23.5890084049206,42.9936644545574,0.121238802002385,-1.47637451776477,0.105859744603957,0.166862218104369
23.377811027595,43.0996643180409,0.0125300209061915,-1.61567757788378,0.00634842275739878,0.176750360350607
24.0381600952341,43.6254504853339,-0.632296312700305,-0.951867721527215,0.316494522680254,0.124943722433652
24.0544215864624,43.2373293424957,-0.0319297783768388,-1.22222087964425,0.133644711400898,0.0896819893517619
20.572974420577,43.2471954188455,0.651219054555053,-0.490506765288688,0.014754352834955,0.0171014709290593
21.770963251813,42.9415111380779,0.440095898085833,-1.77653157511133,0.0672565206880284,0.00821619025490131
21.4580057062737,43.3918075683922,0.770135339712555,-1.21232760357665,0.129233468263165,0.0545942441832866
20.3141036963565,44.1503364276408,0.914820185466539,-0.260548717070326,0.0544168314665908,0.0904477935761506
22.7547369289388,43.6686117452901,-0.047471344642234,-1.71042391115692,0.0699406093860206,0.0768404560137106
17.7337901778238,43.4622964891831,0.809777187145467,2.76372568648042,0.250997796864805,0.0648387602482049
16.5025818110671,43.0480497642198,1.33078170117087,3.97047460084196,0.409738134227434,0.18160248973839
17.5955558961762,43.6888466610853,0.551392143650012,2.6773041899968,0.0193264058347491,0.0505979991370479
15.6359241592828,43.5575881956994,0.493996477282022,3.16199748858877,0.0931317444711518,0.0462860201361667
15.8670887138385,44.3726404962738,0.287443678618769,2.47550861018609,0.0874975259887119,0.546991772970385
17.1280091904017,43.4874574669396,0.668307002718521,3.49364577491454,0.0729153029843963,0.0478097806737649
16.6338546214535,43.2155101511247,1.19494858022786,3.85025018163178,0.406621992738004,0.13883267979619
15.4616015626135,43.9947131567634,0.236130569038116,2.88654902902267,0.0265461105689048,0.0358658888761656
16.6504730347758,43.5368435668359,0.449373619569691,3.54585268052425,0.123302037827985,0.101332828666195
17.0732828500356,43.3570718404002,0.940944778876883,3.7109111565824,0.269131336473708,0.0870335408917326
16.9767116958985,43.589606630742,0.324955486967875,3.54437381903793,0.272614498060063,0.171781116971705
16.5559901674427,43.7311079364769,0.0930413257170397,3.30386043774581,0.399307762212878,0.0459372966764385
16.9672727497259,43.7408567538611,0.145554301833864,3.31279255044035,0.369832769878269,0.124074795898676
17.3083498669785,44.1667562724069,0.416313067346008,2.43212537057748,0.0595147079397735,0.0574282093637234
17.0722412461572,45.3561266849323,1.07464209936659,1.71614216151616,0.254472795735979,0.446742648895604
18.0832753278362,43.7387737878215,0.662704702264512,1.9510391736953,0.017996828800484,0.104131300854655
17.8871035261847,44.1594438813011,0.600404309828685,1.69700541452667,0.03896271690532,0.0910341046396795
18.8810456738321,44.4418195824189,0.906756507522292,0.886163508860086,0.04148426597611,0.13893361601892
17.7390563208077,44.7296974327198,0.640279984826626,1.34437552506826,0.191202309684244,0.042603224778984
18.1650178328486,44.453716051149,0.722976597322135,1.1010643042143,0.0649633492500502,0.224606297057385
18.8184488276757,43.9748050819643,0.830896058157813,1.17300213016401,0.0490631826760916,0.104261810017021
19.1813929697727,44.2812050969936,0.949454110841332,0.874329357098298,0.102173805381415,0.061893978628103
16.5414890221454,44.2316831052378,0.241581372867137,2.79813053194878,0.0639116723531842,0.0305550791128013
16.6381313033732,44.5214786378174,0.390761484015555,2.59769260472118,0.0320406782124294,0.128394894121686
15.6931586396196,44.8467373543822,0.486777266888353,2.68912684075127,0.2107055772692,0.020437951420206
15.8275020387531,45.0756937063495,0.573647970144248,2.56837286222746,0.151256881275478,0.0449413127651789
15.8941111726335,45.6964992987144,0.93837035624898,1.87985405119129,0.0616800496529806,0.0750990637433484
15.7872449992559,45.6715031366615,0.826729352054499,2.13093442995824,0.0578217530786554,0.133960937222695
15.9027464495382,45.8741490242447,1.05912911297653,1.37538012310931,0.168156007057846,0.200013945923953
16.1652944761945,45.8422321923198,1.05945550983816,1.15340558032303,0.138410254311109,0.289926958523327
16.8462703340322,45.5418489549843,1.11895218239401,1.56837054063622,0.256165312186514,0.240153118738689
16.3768883108128,44.9487808059685,0.652929995376802,2.45487419045012,0.125948026686037,0.282589123982963
18.0300144324677,45.7049553890981,0.514085173751649,0.699491290130858,0.151026280202796,0.0122948214259997
17.4528169913303,45.8207470211434,0.717661850855761,1.00680579462005,0.0565625145168838,0.134234088833552
18.3765032646968,44.8226319600734,0.774920690270243,0.807326879724916,0.124257895289636,0.232587471879787
17.6386134967509,45.1388813056933,0.856656759260709,1.14760861008928,0.0510108126677271,0.0243342945550388
18.583681160615,45.2656398461512,0.565453892634124,0.767171931382976,0.281946135900359,0.0809000794989956
18.9649907248555,45.1719888138095,0.834882117249684,0.764364218463651,0.0142530994893187,0.0799359120905347
20.3239540308344,44.664584073242,0.802994966001964,-0.259785208388097,0.0389426524003842,0.117478676856486
20.1622237507798,44.9197589191409,0.891942616975836,-0.0167688356067282,0.0541712475637585,0.0692285577066743
20.7316972851419,44.619218620521,0.586998088922455,-0.549570750809456,0.112193228995566,0.0635024011053402
21.8170375340103,44.678416008231,-0.0383131529656833,-0.77148573080621,0.119154379540471,0.0523038396502435
22.8041968568292,44.8549899807757,-0.524840037670217,-1.28627150503104,0.138437375599736,0.196927781603487
23.6212941854827,45.436537059375,-0.788210236991296,-0.749369180872075,0.0549460463392216,0.172587176918297
23.842541457772,44.8099004512245,-0.671363322870767,-0.868418654234952,0.0241988984969442,0.157593301785812
23.1913559498456,45.9459981367451,-0.671341247105207,-0.872445552311802,0.0337689466231811,0.152401865851245
23.0377027304309,45.1036575227728,-0.717468336310628,-1.10462114714628,0.128402955675635,0.0702601415857288
17.8804536191917,45.4987446622964,0.574641066632221,0.84678845337397,0.209142174021618,0.00906472789326236
18.5673903878034,45.5260061268552,0.476272066933583,0.608207339640467,0.201281690732838,0.0124754560442784
18.8688207638029,45.8910040121833,0.487405725218673,0.42301808142572,0.0235046165377196,0.0515810058049559
18.3328644948205,45.7184686828845,0.483365328951823,0.544579237310837,0.105369315264579,0.0453501765787866
19.1876606610389,46.0092437661745,0.41048117503413,0.500677745816205,0.0324414869681786,0.101295821386828
22.2801529654522,45.9262562476247,-0.496593288181604,-0.714074397776593,0.0559771434387058,0.0663787788553546
22.5102003183155,46.1447438486592,-0.49601517675212,-0.825168985568286,0.037093253456174,0.188030064544123
23.0116516991102,46.4477781221241,-0.530639209642617,-0.781218044674864,0.133708851811077,0.198902781166204
21.8959058603538,46.8424617669542,-0.0595897172217768,-0.227764555751295,0.0424296922552207,0.0485500100114141
25.2200761446303,46.4878275004336,0.000365032966462749,-1.09109742078438,0.186160155035509,0.300907173539997
18.7357908380191,46.9670661894882,0.259036169668225,0.245931437502925,0.117891368617414,0.0878084479062645
18.910994844238,46.4912946562118,0.128617047376627,0.388730994370782,0.116758207780838,0.110369585304045
19.6679532077343,46.4206013433188,0.230868603374153,0.432888556033926,0.0430941475457801,0.176554274595109
19.6961118119515,46.6976055414911,0.169753118875541,0.227050990273454,0.0618699848965388,0.0363745689381261
20.0192200440205,46.2109720045079,0.299014414248237,0.413293530055209,0.0284237626155863,0.143149085172241
21.6987788470977,46.3469182704849,-0.130378542866553,-0.148555411618675,0.0298769504243976,0.0410285451086955
17.3707294211682,46.839596959555,0.217264980540027,0.326334859311765,0.0273099538015393,0.0204955939529585
16.1964032756957,45.9312109946651,0.931115456134912,1.00954720798631,0.129288171038043,0.35806988961287
16.8891125260408,45.7655611902902,0.908793607130629,1.17836523162229,0.0950865780218867,0.0960819249634266
16.4428000946891,46.1567150028105,0.453104805142229,0.943289356103476,0.067020531461966,0.104796065025082
15.8716253297128,45.8100636517358,1.05312205484274,1.61254643461409,0.145053965981135,0.0701952400351255
15.9167379113795,46.0166274278234,0.895285559229411,1.06158959012429,0.183495164138536,0.393889552653642
16.0577153784927,45.7069308542273,1.04697773618552,1.54085157186416,0.0647309994755374,0.0870248344012178
15.9876338952248,45.8912350062716,1.03721661862805,1.20908008783088,0.146826112978084,0.28559792757054
16.0537430320958,45.8350162376871,1.09172526931911,1.23685826772158,0.148543007250446,0.26685722083746
16.0153616324799,45.7732485266678,1.09477218928015,1.43474350509382,0.107819142427863,0.151132557739043
15.706952327001,46.4195925426661,0.544943589964962,0.930444905033532,0.0559045572473998,0.0864204149343687
15.4213340745998,46.760964994826,0.59654413928238,0.754786415192352,0.0633320768774247,0.113098495949694
15.7941383467647,46.5663403238307,0.549666273101809,0.757085705283969,0.0414695113338553,0.114480692460314
14.5474993733904,46.7823894421055,0.389044430143087,1.15366349490598,0.0248466631119283,0.0424014442760272
15.2452512626079,46.657648767212,0.321076378397283,0.774305652304509,0.251414539922193,0.0839645140065956
13.7956971183612,46.6629684299811,0.203396537870667,0.94706818314082,0.117924662030537,0.040660762334337
14.2222237868474,46.397831401831,0.497016977775584,1.62123781288243,0.152571172194566,0.122775584855445
14.4000102257044,46.6668636808223,0.379265017928112,1.31715495918306,0.00544214702392199,0.0424636207907272
13.579177812347,46.3382764196898,-0.1102720600897,1.49865158892465,0.134897988995378,0.0338937884560892
13.3001628815519,46.0892503976835,-0.503418922028057,2.00402367524657,0.0582484542148851,0.0329727130295718
14.1288907707049,46.2582981128412,0.394868335427281,1.93456158377518,0.261168777933875,0.0379212189376061
13.716636502128,45.3452939118082,0.121078234833874,2.58726566114362,0.254555119034951,0.088699699936191
14.3530681889114,45.6356541742535,-0.373380090603344,2.35717663705398,0.138479005243483,0.0122558283063759
14.7355993633808,45.9265149920655,-0.3489384074432,1.89348799472196,0.0976678601609404,0.124937713826904
15.2410749215527,46.2247208810077,0.373797848531616,1.40833532522961,0.14549700102568,0.0215550294368594
15.2924465469862,46.4877367760479,0.329466837235797,0.970652050095725,0.126519327237491,0.0649678322662235
14.7472434382951,45.4068147122089,0.0578458362820044,2.57266024752656,0.0638819024543608,0.152289153032637
15.1189845843844,45.6338416114884,0.21278303151305,2.56802221568529,0.0747565576361092,0.216991990876919
15.5129593228343,45.5799359693711,0.58294757528265,2.54374211629607,0.102396019490189,0.143546587826746
13.7375839214895,45.70465319271,-0.31035596527737,2.62467557337343,0.0364645671643171,0.041905309631368
13.3231055900596,45.9233060053531,-0.494657828859045,2.28831800210332,0.0247480086543144,0.0726407588015789
13.5964835064049,45.2151145731925,0.210088834981351,2.65529851188205,0.238202626966873,0.118712394061803
13.7476208325707,44.8815538033825,0.283071976746883,2.45033488187422,0.269744332859529,0.112962206557074
13.6783412728057,45.4752392900022,-0.0260242057720542,2.65119264295621,0.211859827244567,0.0374783236553415
13.3152895493776,45.7567067923899,-0.408184330129825,2.60097717228029,0.0431930246306113,0.151295049062595
13.5123089295307,46.1656761738433,-0.39423326897062,1.95134907726047,0.0912144591191094,0.0403584745549245
13.5611576013015,45.9647417819112,-0.406543816321957,2.4196232984131,0.00982851956931553,0.0824975655709086
13.8239120204583,45.5743902632951,-0.187858480151171,2.58661465075018,0.100319436431219,0.104228152706583
13.4638922198566,45.8845791277656,-0.420974730450364,2.47377308536719,0.0125413783331211,0.0356320397948267
13.0859958291876,45.7013135192174,-0.313665969834366,2.37543163223381,0.0202225017485952,0.0289013299486532
12.3394125585737,45.1395787977424,-0.431611943139206,1.47010270874168,0.193117955443163,0.121984099921432
12.3073303318492,46.0766533175879,-0.19415493663694,1.36947441369877,0.0529635716268123,0.0416184974740287
12.5960281048414,45.4723380523397,-0.304508906888897,1.86598008572657,0.126180343520109,0.0556240644941715
12.3846534928859,45.4756143028979,-0.208810061594837,1.76866341943296,0.287821916880718,0.0977152584147806
12.7699576319348,45.8134474318481,-0.24026969774053,2.16879069891373,0.0768858703348927,0.111927395248143
12.4472266156869,45.8193647668363,-0.327340674752385,1.79073273616628,0.123641764863826,0.00334140987719926
12.502760303739,45.9676122191639,-0.2805189425404,1.71283190812499,0.0250047322401415,0.0323984804803935
13.0235624631538,45.831313343455,-0.353090560945372,2.33177365389592,0.0317608596698658,0.0778799148003834
12.9836495953057,46.0612168058996,-0.433129705821964,1.96608650871625,0.0119467556941019,0.0887069804452667
13.2455464720496,45.851734307865,-0.450772186260308,2.36449441897601,0.0198185844288661,0.048115259738347
13.4756883745237,46.0752772290887,-0.462069810770128,2.1373276148456,0.0721165208553401,0.0370984040635366
13.366281388532,46.2512349850805,-0.440969800698192,1.68201653068608,0.201894871836838,0.119673055195296
12.9058666257886,46.6346474895569,-0.391494262204641,0.302760702573406,0.0739311959637107,0.07091188594025
12.9825136973037,46.1753070540746,-0.404422092703228,1.61496926150978,0.0385735187951783,0.021771996772494
13.0602912554684,46.3742222269867,-0.299154433424283,1.21222087276348,0.119325471409471,0.239984920645221
13.1435397298179,46.4547323926021,-0.188738678787534,0.932239728181332,0.0131749643363866,0.155957896659869
12.8317901246161,46.3341987429148,-0.162429262026348,1.11350863925503,0.0799993150780943,0.0307024252825424
13.0744017971474,46.6041443337043,-0.229853741528165,0.303361797934735,0.176154479029063,0.0602303544411455
11.8806119435139,46.4400869965617,-0.185569311326268,0.788817274453768,0.0950731974745371,0.0484527144921699
12.1814056479507,46.5543104326353,-0.125403830913564,0.784001437740991,0.0178909692091717,0.000679662844423495
12.377480315567,46.5106375464403,-0.0962189135643392,0.781373648160695,0.112170713910796,0.0631970237331752
12.6837484322443,46.4976900691949,0.00843055605217642,0.757893076644674,0.322412143978341,0.0369896086872095
12.7013525952385,46.1973169375364,-0.387705588815839,1.44940681276189,0.1067082672647,0.0601440339092952
11.8668253515915,46.2211335431585,-0.258469105981828,0.74212998713834,0.0514973502929169,0.0495278598773595
12.0265728830263,46.006538065016,-0.187055025384833,1.01693148759778,0.0337811784871286,0.140872676591184
12.1932005316986,46.0912503034957,-0.167046369412016,1.12283035128851,0.0658924735858051,0.0911556122370288
11.9557145927773,45.929655862241,-0.305318894850886,1.13471650655351,0.0531303259927773,0.0790542607924876
12.1534093266091,45.7322686210988,-0.378086084663545,1.79780469045559,0.0388991046850589,0.0483567383679589
12.3606116609841,45.984574971818,-0.161728894169346,1.52921193772299,0.0754470489897006,0.00909893575519334
12.131356457846,45.8581281209073,-0.330975023089065,1.46336184746369,0.081531032724053,0.0366010045968843
11.4774401315357,46.0000160145821,-0.260245879838742,0.954043663686059,0.0598565613232514,0.134259030727364
12.0062206542684,45.8591838021959,-0.381044516651968,1.35355256468433,0.0999519117908066,0.0474653683499665
10.6422839667686,46.2625554581121,-0.325582430441278,0.59409467791025,0.0247188845930642,0.16944820935777
11.7395458052543,46.5763400687339,-0.0407752557507215,0.774896998059856,0.0905833247371782,0.0656941813317734
11.849890583642,46.0566994290832,-0.211383558286508,0.873768349668136,0.0446235934455,0.0575905819659603
11.3598649475262,46.650645538508,0.0960798029514267,0.653503087483326,0.0376079975990527,0.163792980714813
10.655234596337,46.6215619118232,-0.188269320689074,0.669127221016712,0.103615450832354,0.0657073985109491
10.4684823029318,46.5527120872522,-0.299807298518738,0.535692999474165,0.0114143544652457,0.0940521940430696
11.245886213812,46.4258588864152,-0.0653219252820912,0.901288724998559,0.0396550992886518,0.142662899623097
11.046217471426,45.9551839885954,-0.136889833019906,1.13394743960698,0.0195572152344516,0.0263097990833652
10.7724399534139,46.0056768440557,-0.171784975527022,0.714082200346027,0.00541506020546743,0.138295299679838
11.1578075875439,46.1541596162834,-0.270972056024541,1.41725758339262,0.0329132918352008,0.182183036745361
11.0255912187599,45.6645706900553,-0.0242358709557872,1.06994050506497,0.0609144266503746,0.00866006899581881
11.3524433507069,45.2004571068177,-0.00916489459914283,1.43127140963469,0.121987953345521,0.0689935888461965
11.6250235889503,45.5868719160656,-0.0794591820660369,1.33246034764068,0.0563984892220322,0.0417059985132357
11.6367225337035,45.7783417978914,-0.206546531489011,1.12393510385502,0.0688974681251351,0.0661699878379499
11.2921619365761,45.7118416874144,-0.124440416273773,1.100959898449,0.0235881601353953,0.0341939470195855
11.8216177038545,45.6697627056545,-0.152250293795757,1.48751151066144,0.103264178692536,0.0567181561494355
11.0712499875165,45.8322757754362,-0.107081923573392,1.10057808256443,0.020758131528952,0.00855168054902052
11.0748656245135,45.4832913716026,-0.011654221367375,1.19525523639552,0.0865524634681671,0.0246307574653537
11.2503897905983,45.6015911601519,-0.0569683563991868,1.10012663691228,0.0316251242892803,0.0817668214917169
10.870813372531,45.151202320511,0.153675692918681,1.35351680628419,0.0179859529601874,0.0432147442453727
11.4102296476813,44.979254522875,0.23726485690578,1.7401119306579,0.0981721755464895,0.123250709841935
11.2924748177892,45.3271618169629,-0.073222674616702,1.28713495611535,0.103065957020367,0.0940596140084624
11.9043960031084,45.448633100359,-0.146306766529365,1.63292360242281,0.0390406753392662,0.0990800516239242
11.9606957751613,45.1963181551033,-0.0774447180582438,1.68339633610621,0.0257445128851264,0.0378409972179977
11.9915744141199,45.3275666960859,-0.146564443758123,1.72450940795765,0.106505150855732,0.0421789230757698
12.0016395630849,45.5834579465678,-0.261446186554012,1.72218378773823,0.0291093369468996,0.0511041711804975
12.2094900274075,45.5249651623314,-0.235612962677018,1.98621623470595,0.0850650964692644,0.104200096172669
12.2410808990204,45.6293796966961,-0.355324042206691,1.96009881149621,0.0421020567268251,0.0484061725003596
12.3859029160925,45.3950591392664,-0.408533447301177,1.5645932204668,0.0824820239509587,0.265833051561384
12.0536665460573,45.501814699517,-0.258014564367269,1.90731904905847,0.0345872643194613,0.0928877000031609
12.3795498321772,45.2142033594988,-0.779611488376919,1.34145141417678,0.558705913204897,0.414528214265055
12.1607512532454,44.7802755970607,0.477793504136582,1.83487818960166,0.114524857709172,0.240674071499214
12.2857824173204,44.6755023653964,0.11410758122222,2.00861184270066,0.0493116121815168,0.366018812083864
12.2434933396884,45.0068008876128,0.206776333361197,1.54396166123148,0.136967031209169,0.10200936782372
12.2995954635167,44.5951895558958,-0.0205182824556626,2.6717543177198,0.0768361221723724,0.122183692415249
12.3276522764506,44.1433957571585,1.06374839029714,3.78422931146733,0.101117709539241,0.39906558218662
12.4257187274073,44.5210606736947,0.0735684328597638,2.6411069687034,0.281396067279215,0.0856839579999129
12.2106418806587,44.397802797809,1.00873414315501,3.10071068675823,0.526225307550318,0.0650551028231083
12.0154666392838,44.9397542592536,0.573159771298334,1.76861486219454,0.243272232914438,0.067250790059236
11.7982768669189,45.055822214157,0.23268638005959,1.7461231703799,0.0368713942111349,0.0505374722654362
12.1975694610342,44.7005226685439,0.17337825377367,2.06480249146303,0.101029340465653,0.260772223182448
11.707655800291,44.7569330881751,0.734846232525567,2.35495122622424,0.0734461212386735,0.170891133293958
11.9538283216615,44.2984665752785,1.00161464692739,3.03227845358657,0.105038722788273,0.0388659541072735
11.786019018673,44.447095281032,1.14980684985498,3.0052099947754,0.203081855602955,0.120933878745283
11.0209761154357,44.5988002445371,0.846227941335981,2.61798906102987,0.063136589579791,0.162873903201926
10.9963102618388,44.051339302155,0.45815562442613,1.96589650428711,0.0169320611244276,0.211462521980112
11.3151182898663,44.4371619350823,1.16122045982751,2.59192398097823,0.123636534186229,0.222423174292774
11.3819616101237,44.5317951467382,1.07518278224537,2.70585263703446,0.0310678065806719,0.0698911689458592
11.1089498814492,44.364285980311,0.919305739358433,2.64297550495203,0.0101084413346021,0.077220882450502
11.4124510632464,44.2119352084488,0.248702901733566,2.92319730825302,0.410842009568301,0.0891405158402219
11.36803337729,44.3637041732042,1.08460048857164,2.86425876977676,0.17176822016172,0.018088855991078
11.6926979810871,44.372137130649,1.11592953006939,3.2334349881047,0.112846378840207,0.332726887778233
11.8686879292247,44.2104482812714,0.813780964654601,3.06562611599365,0.0253196557282873,0.107543309560358
11.1534382329299,43.5982594615363,0.197848696636856,1.55550673325989,0.193907727063406,0.0958626559318458
11.7152920584028,43.7572738435475,0.12330698598132,2.18922551620578,0.155474345737765,0.210259496307537
11.1024927733129,43.8410555539686,0.251126161264691,1.70847259732924,0.0599207227843299,0.0557225227807361
11.2100343799051,43.4633636558064,-0.105486400795369,1.44349584988343,0.111412613257716,0.0316937903406843
11.7909768980635,43.2246358268976,-0.718646430603661,1.58644105258889,0.104342023153392,0.02063972905296
11.3281562836184,43.286212419472,-0.618833632101017,1.42819911985148,0.0865860510025218,0.0335513061145182
11.8246235585569,43.4282830567541,-0.299644974128338,1.73138430895511,0.0565914434757255,0.0822076178182838
11.8215650991183,43.5434766683814,-0.183551860694501,1.88308788802131,0.124207296264069,0.0996425701719207
11.9558137844652,43.3684797430657,-0.419185603737347,1.85069952949079,0.0501485498762945,0.119642171414584
12.1684384114181,43.3597524131291,-0.400034000694091,1.86205792940771,0.0801641224952408,0.0844709551067976
11.9521044399105,43.8792029568582,0.397007822617777,2.53605501566501,0.109357680709796,0.190019797547873
11.9604658565288,43.5730678683376,-0.138748473650398,2.00952418901531,0.17117415228756,0.0590656483690035
12.1286806588493,43.6929681370919,0.156980945568274,2.10163704426537,0.233560756555732,0.299384348604208
12.175031446277,43.4997536599152,-0.0807275249494485,1.92679585785992,0.112347808793364,0.0706610036164766
12.3865419494397,43.4663031809657,0.191082302599295,2.08149154809536,0.0931743541984445,0.102583730938124
12.3484038251655,43.9461642488318,0.886357417941746,3.35244167108752,0.171333047483309,0.189837005487683
12.2077917370303,43.9604767350816,0.869799682609792,3.10025753351981,0.145304703607642,0.0404617916143664
12.4841768085457,43.5857563453963,0.851696304172236,2.61489097360995,0.0443388994953159,0.145725498483004
12.540319104798,43.6335624696531,1.20239544396288,2.75678218337236,0.0542912889906955,0.205133079849463
12.3849214379078,43.259387165902,-0.377167679830411,1.76455116080834,0.0832591262230558,0.0861489038394678
12.3945906003363,43.3361523587827,-0.169028899812097,1.85897567206729,0.042143756584425,0.0997555195662559
12.5258748920975,43.5100808968109,0.715123396201596,2.66859486735326,0.0618189136378467,0.306166655337034
12.8883757434116,43.6820826515654,1.55036816544028,2.66645738500275,0.106089309565974,0.129357345652519
12.8805899577776,43.412059417247,1.18330328807514,1.9118497957377,0.287983421699532,0.275789020234254
13.0066467873724,43.3931998811515,1.59153169167177,2.19087332138483,0.103297093034672,0.211027682963604
13.1733213339402,43.7059288568148,1.29355648865751,3.4296587684515,0.211715351297171,0.133150923732505
13.0675520036493,43.3198488504053,1.43140801220234,2.83498009560646,0.254994155870803,0.218798051806984
13.2194605087151,43.0197665149745,1.19548587473703,3.10981660465029,0.0135588290154559,0.0546205768822233
13.4212470830181,43.5530009956545,1.45695438020981,3.41217294989718,0.0577430396345485,0.107672572939154
12.9125514224751,43.5439912056186,2.19934628117534,1.61290743374884,0.430049084121784,0.692040209047912
12.6945687565461,43.6486243272626,1.72648977749296,2.3547949701476,0.192096060948541,0.161456824550392
13.0117768276672,43.7932178339548,0.983410678989605,3.45645280546249,0.0490060732608615,0.214981881514704
12.6484292242442,43.7225420644901,1.32233344028814,2.81309857412958,0.0571919131681688,0.181999009144773
12.776052517027,43.9303110225374,0.538376900276443,3.4447980241565,0.304496537233138,0.466051920425948
12.8755129465747,43.899257974943,0.569336675002325,3.40776497883206,0.221985349499814,0.289675217668357
12.6300560063131,44.0323238488206,0.761124889203574,3.62278456624288,0.182640260399852,0.544089499326029
12.4237780460958,44.4072253613595,0.236283207629523,2.92532815742661,0.183644696206116,0.0642874557081554
12.8983680047049,44.5978917858021,-0.0924451026171355,2.12150498770262,0.20171786613757,0.0459019594893478
12.5250963892183,44.4996458683466,-0.304261649338792,2.39722354311525,0.00783248819046973,0.153840575413949
12.6752529893808,44.38126057267,-0.754443644053242,2.26225498109551,0.28267275401999,0.199259567074133
12.6936247811565,44.3040054655927,-0.198978526162513,2.47221170792042,0.173103840781363,0.132480327564917
12.7861791385418,44.2555869411906,0.294436795991616,2.81631589247076,0.0379635010666083,0.0119959145021772
13.8246467108839,43.8008495728178,0.362989687226351,1.74654975164408,0.258770244761553,0.52636497826106
12.9618978067283,44.4864175345479,-0.744696146872792,2.5472623210164,0.483216793666773,0.183945997003474
13.0434947832223,44.1627150363091,0.283561225049394,2.91860506620915,0.24233534894237,0.108792313364102
13.027611472452,44.2636070270711,0.226878900210141,2.95766189389209,0.17510193977299,0.0364390315416882
13.7436471294901,45.0724162176333,0.292771325114922,2.5028236678334,0.261153834773087,0.0327992457822389
14.6511561531855,44.9873551829047,0.279929747561387,2.56283438115172,0.176049748294617,0.057673401185376
15.3403745156644,44.8721303355539,0.469363782652571,2.78463039488038,0.24441441166351,0.120803492133098
13.6289101095785,44.110880361856,-0.000563646812837983,2.23675183717942,0.359267556856014,0.222972173834816
15.1739591586229,44.4249104158087,0.375666252783004,2.77011035841939,0.327954108577558,0.0807001690805866
13.5130833601727,43.5565751280076,1.32611187544596,3.38024708603993,0.00971425611350499,0.352134673566382
13.3587305748458,43.6108285652674,1.35219880895135,3.20825243855319,0.0752330599420015,0.0989506375221016
13.2293928024609,43.4115772545109,1.70814621336625,3.38172606718873,0.119501258383328,0.0979983388672833
13.8577955261953,42.9785231440397,1.62590117030168,3.0772627520661,0.129679186447392,0.0717420030918536
13.3992605803181,43.3580743922829,1.65719622892371,3.61331360107226,0.0722767310935373,0.0790952766913715
13.2766429267013,42.9401203868267,1.08432785517024,3.28237154689188,0.0929070310201426,0.14717937400466
13.5683421410138,43.4871917993125,1.42392070559534,3.23807079176189,0.0149460146761392,0.150053509016146
13.568475507873,43.207374122801,1.57763683435362,3.64132052903542,0.0276334624161728,0.162248481868426
13.6907134938205,43.1671631561479,1.58692478698152,3.43004833133856,0.0240087416289379,0.152240523829889
13.8057119309939,43.2726265604684,1.47479810342283,2.8820313401297,0.0718291380687539,0.037626074955264
16.224659659759,43.0946188583388,1.13444022621051,3.78162658417148,0.126731604201005,0.0673794927427332
16.0060925338345,42.9339949146153,1.15012303899585,3.81302892826968,0.0666378913920929,0.101666280585366
14.9993483586273,41.9497555471234,1.85477703276627,3.10283613519191,0.369135537616331,0.225799021299855
16.9210137204017,42.787961825064,1.16491134209836,4.10918024173175,0.21088511868278,0.19421591813794
14.8991738308846,42.0359323094772,1.6853633418782,3.16384578873292,0.0645836160671018,0.0509678800237169
15.2893862359279,41.7357795919898,1.21771665778701,3.60300263633517,0.0390329683929139,0.0865262051199928
13.6765556484604,42.2419382625315,0.401446189851296,3.08049005435574,0.0366586038117653,0.247102719730681
14.2822385404446,42.4338836200532,1.67760695369512,3.1663311670724,0.015189095555546,0.0769813760815899
14.0776909019956,42.308799136604,1.35610395511227,3.36149660063676,0.044499377542032,0.00838216462575134
13.717278438269,42.670571979132,1.43205036160532,3.34172398300365,0.270488083176351,0.115683482267144
13.9521391125743,42.3024566753407,1.21095869032593,3.33579244968367,0.0609976723707678,0.0328158207955813
13.5249020071008,42.6778786950651,1.36690750692903,3.52117662757419,0.483606053164717,0.424308889974682
13.5682328640258,42.4246319123583,0.455512920546477,2.41050763801381,0.191703530517642,0.311883710273871
13.7768004187086,42.3484361085725,1.04064710951364,3.13802858547905,0.35349661642037,0.0226577162111581
13.9822295778912,42.5138296197323,1.45230540196953,3.16025558660698,0.120413473713295,0.0122016162488428
13.6869832415621,42.5888514110606,1.22697623657668,3.16476259236059,0.206131496563915,0.0504427129538146
13.9742731634587,42.623782720337,1.51888217786078,3.06018206781648,0.123271826494529,0.0497790600790994
13.3955305601874,42.3334772484714,-0.368461424022851,2.1627911645629,0.288366004492008,0.379284220763968
13.7057677640697,42.3702287095537,0.887011027978674,2.94880981481917,0.4251061661166,0.107731301041753
13.5909404856592,42.3564735417371,0.165424716674382,2.60044310473074,0.0760537522954648,0.00619857646780856
13.3596366182401,42.3334529777623,-0.366883274460806,2.04746531842032,0.231702378328978,0.146508504936058
13.4855289803213,42.3459673406544,-0.596778629826612,2.08929528026349,0.253827170117481,0.0530991633046601
13.4826597694453,42.3149497867501,-0.56969853596952,2.03547280108339,0.200878147043005,0.068892638023662
13.3606692429602,42.3018702609161,-0.208210077339638,2.10653174569869,0.501860246887443,0.339498441034691
13.4457436317042,42.4049704047389,-0.213353932150787,2.18102131674673,0.118295359186967,0.0354328426806832
13.332731951723,42.3619003658359,-0.381535111410736,2.01555008174443,0.0782559040677544,0.0684915780761538
13.3513689860418,42.414173304336,-0.282126170522361,2.08995718854888,0.115490000989964,0.188794847932076
13.4539531857408,42.3584521138249,-0.455244133141259,2.0394468742289,0.03074131651909,0.0282890325398503
13.3373120482667,42.5143515601444,0.351489113241273,2.62297401407443,0.0645491561261785,0.168120310056086
13.424173988233,42.435943717511,-0.0291087494413403,2.22508650507902,0.114949500968181,0.0984984819915855
13.384195632483,42.4384587493323,-0.0983109138183751,2.18903140613702,0.129409059696481,0.14378845049639
13.5161269153033,42.554176388544,1.0173962462619,2.92683689919041,0.34826247306215,0.0578927142830144
13.4174171551672,42.5090952704157,0.635802544535662,2.56778036349928,0.241815807189158,0.0215144137044097
13.5173102885132,42.4251530432679,0.203339792057376,2.30124384179177,0.0297885290951826,0.226487820742085
13.631312557227,42.8682195054436,1.55871443580559,3.70861372742293,0.315723022080809,0.304073780201559
13.4184859857906,43.0874233961121,1.55051766201913,3.79167713373944,0.10608142622766,0.267533997976009
13.3716946981946,42.6593496122248,1.00237563420876,3.05696950163701,0.363225919238681,0.175790825442356
13.0536930343215,43.1143158112173,1.33700971315444,3.03309918812113,0.140153299235341,0.263098909977567
12.7837327025631,43.1594142305169,0.585885201672621,2.63367915752668,0.0357463410422891,0.299603606938094
12.9540832645248,43.1141359478685,1.18946550284093,2.92798529710406,0.238152369445354,0.334119784043003
13.1091178633987,43.0341808457955,1.26837270380553,2.79357039764358,0.229225288016119,0.204259647816043
13.2825430049395,43.0918857317596,1.4085988249358,3.53697223314639,0.0641328126651923,0.147831100245619
13.0357136141108,42.6659578209568,-0.185944335343723,2.19553518149722,0.139562593015905,0.168774801445291
13.1223371705201,42.8654061411749,0.255984379308319,2.40070433059376,0.382533607418442,0.418257008980799
13.1691213053786,42.7573927908591,0.26632396358166,2.52891966599495,0.0893650674557868,0.0699881315208828
12.5527112331028,43.2787229408439,-0.0854329391317782,1.93210423230959,0.149116627029116,0.268775036157699
12.727384476399,42.9674747264514,0.216253561763972,2.50663565843578,0.0335045659978447,0.199940108037922
11.9861413985975,43.1261623632214,-1.01403333766615,1.65564893409928,0.167856148615628,0.0845924345545047
12.300438610866,43.230506167227,-0.539544513900363,1.7314801708698,0.0921804429670314,0.0150855878232849
12.3881616899786,43.0776252955265,-0.527080731625971,1.74341216416635,0.106654337174096,0.023929805562141
11.5449268442165,43.0477648157313,-1.09808175251163,1.46358002613023,0.0071099019571968,0.15567940206204
11.9655753616052,42.9362864161373,-1.09391474441128,1.49378640062913,0.102228154471924,0.0596939260431994
11.7874922742544,42.927681249684,-1.23777014718097,1.32761354287651,0.175712730497007,0.0397119287449165
12.0912604125752,42.8173243409125,-0.917844597014739,1.51768556669044,0.069052499666348,0.110086556063338
11.8998858764434,42.6278726104154,-1.1908689156361,1.08584525316797,0.0565996241839571,0.0796190066346228
12.3832458551036,42.6624033653072,-0.589421330520564,1.46820084349536,0.237293719159738,0.0255278793535355
12.3627262762805,42.780771497533,-0.522290502996678,1.66185056595782,0.150125024037236,0.0998175822537376
12.786004645761,42.5047193157886,-0.506939219966092,1.17945695312167,0.116722253227827,0.117819288408451
12.9905708393756,42.4813330521129,-0.335078448741823,1.56342139951544,0.0751808896821162,0.0141018366086828
11.6339696418756,42.4217778393893,-1.30667418884076,0.414896398159381,0.11919106062715,0.17536683654428
12.8274682232488,42.5905554054787,-0.325072409298867,1.43299433686047,0.149294004765002,0.0707694285133407
12.6639956512381,42.5678838561473,-0.468425149604769,1.30802484741855,0.197363155514053,0.0570746956365409
12.6629898035381,42.4459827707688,-0.765233378837668,1.05437291942294,0.121850767600546,0.176454484373909
12.8012983835844,42.3949400854017,-0.714475180861037,1.07942756375726,0.095018031758755,0.112850560092236
12.5799778472901,42.2054763146193,-1.15676571935295,0.875869217412248,0.0748106404454075,0.0798482058294795
13.2707257269871,42.487606106363,0.0223572147076629,2.48777235079922,0.050351080221065,0.109407267685969
13.0458857394471,42.4553993382144,-0.293651741554517,1.74692270643365,0.105683326789725,0.0673834297647679
13.2456878385413,42.4611568740636,-0.0320113267751471,2.3089862133222,0.173539646689963,0.0137933523486505
13.0364924454061,42.5754707802104,-0.263265089224228,1.99143461741854,0.057311047193537,0.113015330382989
13.1385216969424,42.7114552514454,0.151169169960669,2.4884118435893,0.0781616589654538,0.143651062335123
13.2547749006644,42.5613815380179,0.0800934002203791,2.5601195258591,0.262430826991433,0.0676990668712142
13.255535663993,42.5131113230185,-0.0773833543514905,2.50098565706727,0.190251460356477,0.0825616640790673
13.2166154153423,42.521315508205,-0.224784389213401,2.32757809175495,0.291518511362082,0.0953333008181569
13.1423618347073,42.3632991910762,-0.23455725450196,1.91613336550791,0.317841891585328,0.0917213234637579
13.2043379408159,42.4695226818901,-0.120228619436481,2.17310257834813,0.104461000421515,0.102780257990469
13.3590550971192,42.3872871962978,-0.380397939902195,2.02585948626573,0.0614945879066467,0.150032238492072
13.6618826084816,42.1655687258522,0.388526468959251,2.80112020758124,0.0815651820391806,0.0352282730507337
13.7406886561289,42.1064598210805,0.478783244260693,3.04966105480051,0.0556629855213902,0.096163043955835
13.7928573376176,42.1365701399661,0.680099580391765,3.24683084123574,0.0628768964868924,0.124632429399495
13.60321861511,41.8802210031288,-0.376525949351383,2.08897609938128,0.0306095172357058,0.125775378534364
13.6818161819623,42.0471001357818,0.148744536177055,2.60213568373261,0.0886996535583433,0.166006669581503
13.5180225505755,42.1576320940283,0.101504607895909,2.12161544707485,0.28508538951505,0.0790471262620629
13.288147461621,42.1591374491907,-0.251924059398099,2.03094920857761,0.481929179391731,0.241652156839531
13.4500669055321,42.0521460130671,-0.773096953905471,2.02984218765535,0.367426141179761,0.025330908378601
13.5054404933957,42.1960523553955,0.134826890575883,2.11397856018987,0.320683002003363,0.0353730611139585
13.4141943171484,42.197341406687,-0.00489178320632094,2.06159578968944,0.493747958373225,0.208551870091009
13.5707380403156,42.1442381818617,0.188415859802976,2.24560182157139,0.243017214584621,0.168934112225031
13.4743086858046,42.1306521477704,-0.195689052251021,2.09485653741824,0.123831317604294,0.0554037048598205
13.0862195498933,42.0966559316443,-0.606475881724326,1.6283998531462,0.178227704281961,0.105278260009621
13.1477416761151,42.1460306889971,-0.431462012932436,1.80258120777791,0.367294973751627,0.167842046669984
13.3823590006242,42.0702871625824,-0.620105924900111,1.95852439647443,0.0609584156415015,0.0393703705600309
12.2171850113347,42.3402877770818,-1.21782858052729,0.875700090391124,0.0618381957354434,0.160302172955631
12.7202950045942,42.0407958820007,-1.00351021453566,1.04594536933803,0.0156761137255115,0.0573134912082768
12.5579746615822,41.8199059466522,-1.11931967534384,0.917751021619805,0.0984194069712859,0.190842319900135
12.4506796981807,42.1424757621064,-1.29549236512049,0.658896346345615,0.0301450060859323,0.0542591988549049
12.6311198171616,42.0058094110627,-1.08789014597527,0.927001104610614,0.021149453846256,0.0442730082527976
13.2840667124779,41.9287346532584,-0.545532895153269,1.62029847969657,0.102877714671792,0.0526653830921532
13.0499374422328,41.9576533515068,-0.716445909691692,1.48828207455841,0.105221248273984,0.179528035570665
13.3376683149805,42.0318643952001,-0.653476927495459,1.83606859864703,0.050695511905047,0.0478872023859332
12.7316108098086,41.8868120258144,-0.733519240834366,1.08244348061819,0.0505416602676636,0.0311977618454257
12.4414665734019,41.9478396296592,-1.28357439238371,0.331352774654302,0.0507103207159554,0.144356852975302
12.7283817505731,41.8274209951729,-0.715147785106402,1.21452378373393,0.0522513085077898,0.0649862355505438
12.7968568378785,41.7801302479153,-0.605706271785573,0.999595912787415,0.067460329502116,0.194807940744837
12.9333717806436,42.0080081474665,-0.842424294440974,1.27368564277881,0.14581859379775,0.0423158025924291
11.8708019272028,42.082710834743,-1.13715074693742,0.0588717657893074,0.0911752845816074,0.140264414280628
12.3336909519906,41.7666960246657,-1.11752169275356,-0.286842094576563,0.0521112821221804,0.548807173765186
12.5450169687245,41.8885371483163,-1.18591630493491,0.771515100848693,0.0445096721669383,0.0744045224798686
12.7410319586609,41.3582150253133,-0.858225602737328,0.976484181497779,0.0535243370961382,0.0716529604032006
12.6579095334903,41.6925801357175,-1.00016719485875,1.19843038081549,0.151627104228999,0.169672386457558
12.5698204727192,41.5911324944894,-0.865340127435139,0.586064505042152,0.0630742992397926,0.108407192745744
12.6554054185342,41.7973046973114,-0.885981785734422,1.27015518937832,0.0196401241683007,0.209523363266255
12.8680247983313,41.7825880307732,-0.463628430324027,0.890979816817545,0.103661367236165,0.215218680598171
12.92755576304,41.5435768939107,-0.697965245835918,1.2548056312489,0.193597737312063,0.07930691742487
13.212207777488,41.9909635309358,-0.587121690996304,1.74315408502205,0.140053201521685,0.162621772765957
12.903813059074,41.8490343431364,-0.542360274520339,0.994759626858898,0.0743403790412737,0.0910935236386839
13.2830858071286,41.8497158507453,-0.508069089015178,1.56670121255119,0.0509993269707647,0.0367977809240306
13.491007532425,41.9985367267193,-0.671620463197124,2.06023575166063,0.246891094925212,0.0377130640537564
13.6320404152335,41.9300147408519,-0.30613896204867,2.27447245854079,0.0484359833475421,0.12871358703765
13.66579883794,41.8213166682504,-0.385622941105508,2.13868041416122,0.0277447136233714,0.156686352499046
13.752497238599,41.6986917652328,-0.581314754352447,2.20091682105121,0.159264934906124,0.0135586672482644
13.7875195892438,41.974976920096,0.189265203596775,2.9960338210729,0.0290245624323008,0.123177955615773
13.7206448401976,41.9718794476671,-0.022101022619726,2.72665144876458,0.0439831618386532,0.0153297945047878
13.9055211682299,41.1683543069398,-0.972047234910381,1.88610866110421,0.210435041810646,0.216058825735217
13.5265900642564,41.3624858311649,-0.845329189073918,1.38755007034679,0.0863778836867568,0.10538235843264
13.4897187980643,41.209665759751,-1.00485306832486,1.41266177229465,0.214895792507078,0.0416083422560173
13.8891160118077,41.5764693850013,-0.53680135782594,2.35503339356517,0.167098769825328,0.0437253869447434
13.7708649833036,41.3083692647366,-0.809707882922826,1.68587549451181,0.0771914509297438,0.183160531481876
14.1858263880192,41.2195221150958,-0.697805796311776,2.76776209369069,0.0224038174187165,0.154856688798827
13.997971830855,41.224555723751,-0.899655601609934,2.16495202474404,0.20252549583699,0.220274192442135
13.8632530706837,41.3600759329276,-0.582214561917878,1.89907142704438,0.118120587238547,0.249380826901562
14.2903054476095,41.3828356122902,0.0830090221073543,3.17810847585888,0.216415970673762,0.478356081217249
14.1543759156947,41.2982203038007,-0.623710001860183,2.77223611835027,0.185324646069197,0.0822484600998006
14.8484537290116,41.2403599169961,-0.0384675392422215,2.57557558186909,0.0617208714835301,0.00996780206337347
14.5961624284517,41.5681222945775,0.351334452924981,3.17369698830559,0.069442770013297,0.0409926729555422
14.6148896946081,41.37911499027,0.0132611690978593,2.41999019431468,0.121359329095045,0.245465582550499
14.2533746904615,41.6608199934693,0.263664863014441,3.14372677726501,0.0715779301332307,0.00506034885216267
14.8298136241451,41.7839569207403,0.879864708798479,3.60759622771767,0.0883374512693306,0.302801742471684
13.8281024086271,41.4461015032023,-0.50022148856793,1.99379710794753,0.163560220238915,0.0426121480966531
13.984981520138,41.6055105288052,-0.29979404517496,2.56639026681961,0.0672813315888283,0.0274133762295566
14.2740329414928,41.5347927952651,0.423231342023795,3.10668994034055,0.150288478177441,0.0871778460899937
14.4838751112305,41.3993787147164,0.173853492732686,2.57882632894312,0.0760087112363603,0.146074167382564
14.3855442269247,42.0916545333663,1.28604035839184,3.65872592383233,0.0518039770061359,0.191355250946745
14.1704838764754,41.6442200321714,0.186705336681793,2.82996132359884,0.0673126331527396,0.162390384884575
14.5104578858805,41.9222598448521,0.539186324732531,3.82633673099046,0.535072318443857,0.323905610999812
14.1836093142838,42.0416951260717,1.26825940366936,3.45289972577592,0.435626839284516,0.115981915825725
14.3293335500026,42.2045092815814,1.50297996126137,3.49843997143258,0.0514000031065584,0.0488685211027588
14.3154035023465,41.9105193488107,0.369943935791374,3.61539776256935,0.338080885519399,0.102796499458418
15.0591269043371,41.7342162324756,0.990482530229601,3.3989144807272,0.107616083681084,0.0879188814249353
14.3171024808325,41.6029955490703,0.484065223522847,3.3705080505771,0.0845441208837523,0.288487826671549
14.416085044587,41.8706591458763,-0.00814231845585415,3.90416818716345,0.946460699481582,0.432692913541119
14.6821053416757,41.4624218096404,0.207324061732436,2.81400351305995,0.110226928083825,0.091667850201942
14.98504736594,41.563333417804,0.495389092975587,3.56115897457401,0.0550605273575568,0.126334851243894
14.8548715313627,41.579299156436,0.408345870141396,3.39255184569056,0.0608944392877865,0.0845335300123619
14.7855770770783,41.6702573737372,0.430885789467643,3.54805205117246,0.205439014773639,0.216156998525784
14.9511283573168,41.8095233524526,1.32582742352049,3.37548809509729,0.143265456374177,0.0455050341425761
15.7796436714136,41.8179370307614,1.17426456946544,3.92519844864699,0.0596344345034532,0.0421335033064579
15.648067812079,42.1093692219997,1.482834807472,3.94376079304718,0.0391529292889563,0.120212185006691
15.9554046573858,41.7071109800658,0.966495636067109,4.04255231915696,0.143516514692437,0.0781894043252494
16.1202830107782,42.2847843082322,1.15644868197622,4.30354569920898,0.15537966514858,0.265971382292698
15.8700134032506,41.9003032831064,1.17799871370267,4.01961015875292,0.0498037059645831,0.0118250882917254
16.1302932778377,41.8470286877954,0.979960530212766,4.29508140255525,0.0571073602631341,0.109468466808194
15.3050951298105,41.6158701916364,0.821050697624231,3.86577045710929,0.192314156951203,0.103060421523398
15.1322949915845,41.4041861539736,0.583695893580336,3.75641902790433,0.220564221061123,0.205260073867838
15.4754094863668,41.4681329208449,0.786022520670787,4.07269394659912,0.0154317225967114,0.0547654660753476
15.7368354727942,41.4123643263602,0.90447875057241,4.02794258236227,0.0598466829597334,0.214514380758593
15.8575403822326,41.3209722282902,1.0536305114087,4.06448692185975,0.124712232846222,0.306507593530718
19.6843162684282,41.7926523631276,0.104834286969525,0.321917664555257,0.0822185593003888,0.28951925355156
19.6113861120684,41.0840666250723,-0.817028938900712,1.20617492475566,0.327004127456782,0.0680818030212897
20.0448689466501,41.213660134497,-0.658700099368692,-0.847214800006919,0.493246098780244,0.341434661335059
19.8264936130009,41.695755672179,0.0942219603017893,-0.159977940136953,0.141958049612885,0.310927044375976
21.1482843235235,41.2105393758695,1.0645422191399,-3.26059220120221,0.18256930863998,0.00421324252302463
22.5548678158899,41.2929215889715,0.997276256477274,-4.28622595898354,0.0356533897816519,0.0466840265014184
20.7812122965757,41.0435611896813,0.566521331972389,-2.70291814903571,0.0852186330016703,0.024999234825288
21.0458318675928,41.0548353452766,0.959576978385144,-3.18517041621906,0.188540019912329,0.0324819264729195
20.8045022776839,41.3742545356963,0.662202789543237,-2.67203716010671,0.0425040286175543,0.161679797429104
21.404823668968,41.2580709244337,1.27309523935554,-3.57635435403417,0.255076586582427,0.00251255997320628
22.2961568804615,41.0851362982057,1.05076530675308,-4.65831457790144,0.0788122598523922,0.198180977146109
22.7202177428628,41.1639032379056,0.97009483763922,-4.88876724364269,0.123900442150563,0.198168087913418
23.1304907527035,41.3872196388555,0.736518891650998,-3.93182509490762,0.0257451871552324,0.00466503447494527
23.5114897009898,41.1605584460816,0.366579061748663,-4.33537516776269,0.110865127806073,0.147773293302024
23.1389532090416,41.5836669524961,0.619149147237064,-3.35471352130154,0.0309450314770146,0.0303951831599605
23.5992379974563,41.4832487335909,0.654242206595394,-3.35344983535179,0.0578606091551887,0.0187506119426967
24.0916166849142,41.2267484608136,0.268962458313058,-3.71800692112368,0.0609146056233017,0.0095651095958284
23.7137736533079,41.4893730496876,0.662442925120639,-3.35866645086663,0.0863570287519886,0.149107537312343
24.1205887039112,41.6171072034928,0.423197076354536,-2.71297313802563,0.067947321540216,0.0698998704666689
24.2208906806611,41.4675707969433,0.391782528259172,-3.04423980370225,0.0243007464163626,0.00623311250701335
22.8500696763878,41.3791040418494,0.855595966281758,-4.19951929123012,0.029338409484885,0.213784827075256
22.499180349223,42.158773519347,0.468617188320688,-2.49526326593909,0.11039700804218,0.0649430609144222
23.2178150478784,41.475223280914,0.672879954457465,-3.56993447788233,0.00498172301443583,0.0445514450495029
21.5949534179202,42.1141461955272,0.945614242861728,-2.52530063654428,0.154848161140228,0.0349197649478336
22.9778275364311,41.5719736068453,0.605940106917296,-3.5502020178041,0.105410446756414,0.127837188197217
23.1837797584211,41.7555815448968,0.563021382914714,-2.85128145958659,0.00983626679656358,0.148543122327673
22.876999500128,41.6714297248986,0.561220454992556,-3.33068170023879,0.0980071034351594,0.110571986257612
23.2292955862315,41.9348815513032,0.60507732099657,-2.51048474004205,0.13093811077607,0.275418712280381
23.2172467824823,41.6616378837616,0.58523880108074,-3.07395752604395,0.0256376161905589,0.0669205908486195
23.717269261968,41.6326325792409,0.634269234421687,-3.01941412402429,0.0200978373683797,0.136825109124141
22.9406029444728,41.7886441601869,0.567116011049871,-2.99378341145632,0.048819039090092,0.0261837997342036
22.9883705060178,41.984907791754,0.567486332109456,-2.62266306431221,0.13842101535441,0.171434482427148
22.4068703709746,41.807983252714,0.552738831974119,-2.87248938578737,0.207883079651671,0.185965558189545
22.321935038189,42.0969643629661,0.455827432162439,-2.50584592447556,0.208129986620911,0.0954263486017608
22.9787419312102,42.0856186847015,0.522137181478528,-2.55373522044849,0.102692890614579,0.163075494092991
23.1072134060344,41.924240878283,0.586613351432824,-2.5665637230561,0.130809956337826,0.286963581754292
22.86471758811,41.9028316284024,0.554589232431487,-2.8061536401938,0.0815487548731543,0.0712769833089886
20.5188258029483,41.920794392546,0.495523346376628,-1.5639871095766,0.0387196733080558,0.0862648166426719
20.9790726003056,41.9242638392825,0.913506616331034,-2.25727848014509,0.224022883281584,0.0949641735075287
21.3910435248192,42.0648805761539,1.0835931150784,-2.43970648446876,0.319576059255538,0.0204874180774313
21.7568621354499,41.8407514243865,0.926521536669678,-3.00310254588006,0.0267009425330499,0.0922846574191938
21.96666194124,41.7762795796295,0.764263682486363,-3.04955140504208,0.164807111768412,0.028872830419777
20.3776662796598,41.6241875367971,0.323681343998926,-1.6959360723834,0.0174672625053221,0.257737562194273
17.8938226613795,43.0545827269766,0.895616136337403,2.97453952901307,0.283117723038015,0.0522659685282049
18.4662761634384,42.4711825997176,0.262995804421706,2.67480246209511,0.188575650273259,0.083350068646188
20.4701685923707,42.1395940802812,0.421087942232676,-1.11455329768503,0.149844762887644,0.121336196375418
20.3932389344832,42.6202942630475,0.390221058117159,-0.45349958701453,0.159680386661047,0.24030539528781
21.7590475101193,42.0002519110121,0.938422294111855,-2.74213817539867,0.125260602476373,0.0703296036837862
21.8609939637772,42.4951293258057,0.637525594209028,-2.20817901338897,0.0341031327143722,0.0716311572020056
22.5907149797979,42.4122766299699,0.590821309241353,-2.44713278607981,0.0707496899156122,0.106430885732098
23.0596012987507,42.6574566318192,0.644557435815197,-2.54674806646081,0.273376063614788,0.190888718551576
19.6448083637753,42.4165094501671,0.137826757264225,0.706341766757397,0.494442688717886,0.0887655589421597
17.9711514100268,42.5239408234401,0.454278567025494,3.39571663618168,0.0378751259758422,0.14591069644619
18.2743487635088,42.6265817819247,0.409793651213101,2.85821117384665,0.120332938860854,0.00904904740351433
17.3655211406764,42.8768979970587,1.0019872751539,3.7935611397296,0.231625993890026,0.137745943601269
20.9605425067088,43.1766774876422,0.617847351370779,-0.950115979598876,0.0430098161115206,0.0926157530885089
20.6809946286298,42.4709432124758,0.471062796815932,-1.25596220304913,0.0879755224932953,0.106848127758188
20.7818487931952,42.8284880687813,0.538369946919391,-1.09532559074746,0.036111625597336,0.134875595501682
22.5976182157961,42.5461910874458,0.621272484661237,-2.348761376954,0.136710986489734,0.0528908792094084
22.6996434139509,42.778861544498,0.420851574615419,-2.26733156905353,0.0081381046838299,0.0349702674337285
23.048710280383,42.5810729681683,0.652397817510047,-2.55629107836176,0.235042718761571,0.155540457566169
23.2219893720224,43.013531496949,0.055350945536741,-1.92233850317185,0.0532669472567091,0.037891708255852
23.261803572478,42.5573886777968,0.499044883498264,-2.42020180229613,0.106531275150225,0.079668986940866
23.3544285585362,42.7919565034522,0.295194874360735,-1.95338067329117,0.103815235709968,0.0663067914718392
22.6727466935964,43.0443757400775,0.226540708559956,-1.91623850261198,0.0314082906061921,0.214062093536468
23.0164767204817,42.817384463055,0.366707773832376,-2.47236597179645,0.0344430366045126,0.24841243126444
22.9613443397488,42.7280127185842,0.565320223766113,-2.58218983673304,0.199791118825098,0.304172246022928
23.2496320411034,42.642110793899,0.48508017428237,-2.33532512976508,0.106406388013133,0.0488484130759594
22.948320829934,42.9065923120398,0.220305672579271,-2.38323385534099,0.0830388014782569,0.23463027655114
23.4671043397304,42.7995241514191,0.187933153908688,-1.83529211221058,0.0473352989823314,0.0371041872631864
23.8315615054958,42.7320253166985,0.0469527924804278,-1.57850358200229,0.0326604211489061,0.0368597586936956
24.168555823668,43.3976049425318,-0.359586235856802,-1.05709286075789,0.122184535369782,0.0305173143987497
23.3352849753256,42.6808908104698,0.322598578897087,-2.21076271056956,0.0372054655375044,0.0687987293161747
23.4348162285759,42.626824632249,0.301726981053701,-2.16443430323568,0.0126744274629286,0.123215144416087
24.1737739376019,42.1491222280799,0.344859305682968,-1.8307425285639,0.211310782464195,0.0792706162430851
24.4338807871047,43.3850253338178,-0.405011740470616,-0.933998414841701,0.191023666789741,0.0307037016348483
24.0385800025002,42.5521438298046,-0.0889129721725377,-1.59088303105598,0.174281327260019,0.0384835881732257
24.7141582465185,42.7563519289885,0.0442876395284055,-1.19940985572768,0.0697887676042681,0.0432709067867286
24.1387803567633,42.6679564199296,-0.0261398476363876,-1.45312996345972,0.0848710196371237,0.0247307613109051
23.1962236218024,42.4997915197539,0.494579825468842,-2.4842659433287,0.0777500908119912,0.0663614766373923
23.3594508832608,42.5106379308512,0.386040741211769,-2.34670333399739,0.0433073881109437,0.0496340246172187
23.2210096712383,42.340650873057,0.245010725673757,-2.46264956102113,0.233168524185361,0.030060216549699
23.7880490909225,42.5076859271521,0.0151882724759478,-1.89757214279381,0.107561256427542,0.169831012170938
23.1019143848372,42.3383625382578,0.346484072137063,-2.48792944673046,0.124717387979345,0.0518627381028015
23.5467982967138,42.1986491024903,0.365994517340651,-2.27826121118549,0.0235591009748153,0.0459109984124611
23.2659366182213,42.1252099608772,0.506809680671943,-2.42071493218382,0.114568550044803,0.198377679330305
23.3298261854255,42.2966867306469,0.253696665398929,-2.40378405023328,0.156951044970118,0.0639688000661627
23.5439955280006,42.3819171402363,0.180113051648433,-2.23462908131802,0.102981734084274,0.0530737470455834
24.2420275639074,42.3040493176064,0.183641437815254,-1.63327228334604,0.132563461229699,0.0726099538608519
26.0936201048734,42.1250529585426,0.0730386030501643,-0.987128901243246,0.0461553794699894,0.0163919458279727
25.6174987070261,42.0558120780222,-0.108569616121327,-1.15247719110032,0.0733799607654329,0.0102999012100297
27.4898267100559,42.4758984137913,-0.428503417131205,-0.895627240953675,0.347647752193587,0.0656253594275483
25.7306131435915,42.3569255380916,-0.0952435140185491,-1.05675124571026,0.0372048704656095,0.0344320297293872
24.8207477595839,42.5573216786507,-0.0359745106764975,-1.28838647177435,0.0243846912206038,0.0588150510408589
25.4512285663994,42.8974309837562,-0.0981382308251618,-1.14142558470282,0.126026515521933,0.132733921050136
24.4768876385072,42.7923850859665,0.0700340341160816,-1.24407100013204,0.0681301324580843,0.0146480047972748
26.1665285100853,43.0011839712518,-0.313712423758653,-0.842249598013824,0.0394154001282301,0.0580792577883575
26.2848416826632,42.6062664207291,-0.196598947720112,-0.829064150765787,0.00922072986945623,0.113711508559721
27.7725234380707,43.1260799586812,-0.428282835113206,-0.928281003291198,0.0218527702245178,0.188945848130344
27.8209097525801,42.7147951768363,-0.545210659758421,-0.834410918308265,0.359782580661981,0.0408081724180814
32.2455791361228,41.7262091424954,-0.264404149332923,1.14762462063712,0.519764588175866,0.205096490523151
33.2011097626615,41.5716465849288,-0.30579538517937,1.42662563645684,0.239351491155502,0.0807041978974927
32.6160416811255,41.2821533979902,-1.42509367475583,0.909031475857743,0.185645400058368,0.022816385686194
33.1205137407894,41.9179015804774,-0.217119867633506,1.58814713444193,0.0810922532043389,0.209763821660321
34.8092665233313,41.0662268124727,-11.0545649762538,2.13439723762456,0.845263475471967,0.0515965887842743
33.7402585476244,41.3673412700118,-2.80410540009358,1.63065630794758,0.947885365182169,0.244627512123413
35.1178232060026,41.8986547153952,-0.617029415077103,1.20237561265009,0.300047650192655,0.284935797388891
35.3748538503935,41.9917154495795,-0.507022159885071,1.07206002078332,0.555788494991277,0.391766586032944
34.9211313889766,41.5428523635565,-2.00609678220566,1.00757142602116,0.682758392846784,0.290968837663126
34.6573902648543,41.7710522488192,-0.657226390654804,1.33008493365045,0.338645960885591,0.124875947955797
35.2447053458417,41.3400860777606,-3.71080749702604,1.41442592986571,0.539705229265509,0.197168413615306
36.5557767826651,41.0613634245784,-2.74440493315053,2.03870324719302,0.852984186221406,0.348052986454327
32.9935288415625,41.3423012225327,-1.76320905974985,1.11374500889915,0.121345758388752,0.0630346027191787
34.2185481844883,41.4058428063984,-3.73854904653689,1.78793822826345,0.705580789242957,0.234875513545582
33.6726546667421,41.7700353973356,-0.112129847284466,1.59271937676078,0.176319531942376,0.325088761608912
34.255045697125,41.8642793454248,-0.401700273377658,1.92030319086744,0.0293168011573221,0.243435043308281
33.8332696159433,41.9009834382761,-0.237995096081853,1.74609138290249,0.120265485683661,0.123794300357132
33.7566107483444,41.6173088726373,-0.487772360002873,1.75594558958139,0.545740774976639,0.141272803909189
28.1903173225119,41.3971660780255,0.137270931469249,-1.16345383096136,0.0977619288963459,0.242683445107211
25.2875892133059,41.5814547043329,0.0514661606367609,-1.90970179728671,0.176819088470087,0.026486494685351
25.6977239255627,41.4920503637054,0.0432037915036936,-1.32064883183628,0.31725935840163,0.185803013161593
25.9447986511142,41.8474805234132,0.0510791276050325,-0.964220789917799,0.172555675561961,0.0490628927513812
26.5483296805369,41.6074614574407,0.417388825112544,-1.33014722750819,0.297500277581258,0.163234033084848
27.4271689605799,41.7695405765839,0.689835434523849,-1.38895570424315,0.202146431627351,0.0375102094204566
28.5274640475004,41.3831990025698,0.0210987958345569,-0.883374722972156,0.335675459712247,0.295681145710626
32.451559772946,41.6478515913395,0.121588282715292,1.4809272184226,0.0663413557201335,0.269539932107151
27.3712189621563,41.241685439491,-0.1857613680218,-2.83904008899286,0.56673624960981,0.111077696247545
26.5173987669687,41.0472886260862,-0.706704245279396,-1.66706749995499,0.142007213546696,0.31088796936296
28.0427918753439,41.2791231228553,-0.181552073690581,-1.4898105901665,0.55988798428599,0.23443745480128
28.439436355425,41.0972826887498,-0.933529128490537,-1.32168195400226,0.870002939190046,0.375605917956095
28.6414367987071,41.2914097795536,-0.0784431471425264,-0.887375645846242,0.215067842349187,0.223134987623129
29.0342700055018,41.1006031520176,-0.635023984275235,-1.09778447431154,0.533565984270752,0.357995090326792
30.7773019203026,41.1298051753245,-1.02893575661061,-0.00666960654058307,0.23606422442929,0.392980234849278
31.8687879309193,41.3340592153104,-0.411433200791716,1.07860860576203,0.0293984951230702,0.121770977167556
32.3813653557591,41.1015886043426,-3.028090115565,0.314676746712088,0.276649142931296,0.368411824001187
33.8219190535928,41.0683451397474,-9.89622540053768,0.78406121188998,0.104923939972676,0.0209922876272637
33.6199020631715,41.268733575694,-4.20805777219041,1.24046547113802,0.895007540379029,0.127747975047789
32.4521426175241,41.4863171347412,0.246662370887482,1.57299879554871,0.444251143238848,0.533691889374542
32.271682216083,41.3926463822538,-0.0897793361829651,1.22408510455359,0.187070219075461,0.0877590007084848
33.167183331527,41.3942630778063,-1.53546714561188,1.13611626192891,0.188226515416742,0.173819940202531
34.2530905815982,41.08017832425,-11.1546733415805,1.12264612428129,0.900874719643072,0.437394845624936
34.1663338312847,41.2176440940576,-7.76928640251541,1.34966154622138,0.462811941734689,0.038511404345578
35.5661674904833,41.5969647472958,-1.11168826859482,1.02884256042247,0.119652434584049,0.0217301600132798
36.425659482575,41.2118000389496,-1.22884087006789,1.71185930397447,1.11718013857568,0.210605954160387
36.8042563904563,41.0111407349737,-3.02100592020833,2.07622162608432,0.533594810785998,0.432729377218135
34.9861839356101,41.1269862896616,-8.9604921794132,2.26103240539547,0.501111143915509,0.147791142920554
35.117538987387,41.0185575966369,-10.6319267960846,3.02817708435951,0.710952218758633,0.323093532379974
35.3709562172023,41.2252941976966,-4.9994888153141,1.9665294848924,0.365903733017205,0.0768421861110073
38.711004188478,41.0311490977385,-0.784250695407168,2.24882732971627,0.616865599684777,0.385911215358359
40.7837348323196,37.1935159008855,-6.82216359947967,14.772507128162,0.202006070653981,0.233220941927234
41.1539889770485,35.8619152596688,-4.7096150565645,15.788595043038,0.233812322725656,0.057395836064041
44.5439116101141,35.9348179960778,-3.83322625770703,17.3513076911501,0.141447585479904,0.446437236591546
44.0458528599614,32.4569240939101,-1.83988562844107,17.8611394094714,0.403183974597498,0.0926633557504044
48.4611421483415,33.5635180782355,-4.59755550885873,15.0514550194607,0.423673230878924,0.323061488966435
49.6293987815683,37.2034956691229,-2.05846211968963,11.831159321416,0.260023402677364,0.804197475372337
47.3802403708958,35.3799807593411,-3.14221972950835,14.4946386600767,0.290468329078696,0.269800384184495
48.0878764867266,36.2982940179881,-1.89372539304692,12.9764774548631,0.188135094128672,0.222244490130905
42.1238278648985,37.6148771798843,-6.51332778057332,15.4422049713403,0.214052100901525,0.0784920350316342
41.3450708519058,37.1196717103702,-6.50091538587028,15.1422258567349,0.183930209697532,0.37672043885031
45.9110799956488,36.3796600676999,-2.91185297808892,15.3640680388742,0.0380908906305726,0.041410466127344
47.9738289140316,36.6785156059613,-1.41973762587721,12.9828571506721,0.300421889494302,0.123091998483892
47.1147911578808,37.366070087899,-0.653168552330854,13.1546410816901,0.35232392201721,0.159990300382489
48.2150880786808,37.2583028038981,-0.701740674651881,12.6352027730647,0.182667450407308,0.081459295550673
44.5021266589838,37.5911861018999,-3.73218067279506,15.5522788067823,0.38506328481444,0.109699389354049
43.9798691511352,37.2130577601637,-4.55957270932876,16.4337967061302,0.228658956507385,0.19520734117394
44.4273368550427,37.2936633936126,-4.06636547770155,16.0489398983609,0.204024933736382,0.101194970959923
46.394397324436,37.0535419034348,-1.82954567724126,13.7941394850064,0.242017142709976,0.019804424934184
45.4161171565444,38.1630427573366,0.311912350985004,12.7456955143599,0.0814985571191648,0.316167543684565
41.2362584246005,37.8572322741937,-6.83001229660165,15.2331808428289,0.245410737465691,0.239879312851114
40.6965478076798,36.8758336300172,-6.38799432668691,14.7518711055729,0.32251329733451,0.242142029741236
40.2027180765209,38.1006296710888,-7.881532554735,14.3873717214273,0.130926141953821,0.23855818693772
41.6439241831432,37.2417997709466,-6.60665167197315,15.2347822305113,0.00160879406968859,0.595646219474462
39.5819389781379,36.9865197220418,-7.889317663933,14.3414552890538,0.13841307019053,0.494888206444721
39.6006538078275,38.1287614456456,-8.45918570114028,13.4743793871493,0.707010010470639,0.575722685610401
40.1244401036154,37.0310685417235,-7.19442267574728,13.714282074517,0.128173383391458,0.355100744358014
39.0181112678386,37.459072502384,-8.56371343231313,14.0694972217026,0.175466752183617,0.067980698179154
39.1310059207415,37.2271432592167,-8.552849460804,14.0653193701022,0.365335804383447,0.0463985398662542
39.1814040052035,37.6244862088588,-8.19214148514009,13.6933549664662,0.195382051871975,0.181042512319839
39.8094256178763,37.3423254420959,-7.61283730011415,13.8550556906981,0.10841009439175,0.172269126254107
40.0437465256378,37.4505242474497,-7.71878985396164,13.4499338664614,0.397669135773637,0.491886143360783
40.2719570621728,37.2783998727658,-7.42940836168814,13.5271833624188,0.160735166460376,0.600099092970162
39.8891561700422,37.8185364941346,-7.58223125705583,14.15468409371,0.190304689625965,0.471553836973883
40.3764188189979,37.9531427085175,-7.6857964623298,14.2838196343069,0.362377334644643,0.31527843753834
41.0403438943832,38.0241169825843,-7.02337878114771,14.9810051095405,0.158474624024148,0.245971800395552
40.8091928786925,37.7094330360907,-7.3066024857332,14.7892248603907,0.123544922107589,0.032340738378277
42.1604365393278,38.1159724357596,-5.91820521104566,14.7035834741596,0.0809110580193289,0.150298074683502
42.3351111733159,38.5768495586086,-4.74523380842709,13.2582929537553,0.322285655888386,0.10063150695919
44.0169615497827,38.053442575551,-3.54517412613737,15.2373001982768,0.462676932212544,0.447268727193318
44.3628052723021,39.4117477608684,2.57437835746058,9.26685201000032,0.544244062173165,0.32093955714021
41.618610810711,38.084280043922,-6.312415387133,14.9759055274502,0.273926890788342,0.237681366742514
43.3480946363926,38.940070036061,-2.33918858676289,11.791376687894,0.845249090015489,0.112648036551443
39.2315479470401,38.1513793041395,-9.66447682017833,11.7768111518267,0.858720920501635,0.839349347945682
42.9019996186298,39.4054922616294,-1.29341345642655,9.92253731981398,0.722856328811494,0.0576508829399634
39.8120737777117,38.8155422911177,-14.1821689715639,10.7802931184728,1.27655775804901,0.427089684594454
40.6338884496686,38.7468329627163,-8.9675310914162,13.2700032039621,0.136785085016487,1.28407652897221
41.5478655774494,38.8470006614453,-5.07166149920592,12.372470065855,0.149033307935573,0.523598520008123
41.8442326085641,38.8043475301301,-4.58821308053055,12.5945306889985,0.0290683349910052,0.348072215052141
42.4377786342493,38.3352540740474,-5.24257310727418,14.0485402506478,0.27374373564404,0.173224352105353
43.5673924705898,40.121881240197,1.89035592023387,7.18032049144814,0.24124377910028,0.224461466417695
44.7569698067691,38.0594881601502,-1.68640166659459,14.1193109160546,0.139647910483413,0.180037923978192
44.5265874565801,39.2046578654125,2.60016912055642,10.0421249726352,0.532344650840204,0.236244797954627
43.8807764847183,38.7364601610251,-1.64272825806026,12.8585247106549,0.595084920811417,0.480179813104073
43.1064545065856,38.5328047532476,-4.05126395773873,13.3251767903189,0.609391297892488,0.0797044032543733
44.0344380616256,38.5114770791647,-1.96801379458285,13.6772672059153,0.375481395206776,0.359161971222087
45.2126016780598,38.4106637561113,1.54550553266707,12.369781635137,0.389996221748497,0.194281706811026
47.0252244632418,38.7780100207823,3.78808544887438,10.8811381590849,0.134114613011755,0.372702330255199
46.0760460404995,38.667854646708,3.79795009689578,10.8660100016633,0.289706300055684,0.0567488596732863
44.9666998278347,39.059470447277,3.60851943481228,10.1587985349699,0.603740067865605,0.489880112374983
46.5304827855668,39.2934334148339,4.72740620733892,11.0118795139447,0.202961727686424,0.589736427972546
48.0344455272464,39.102275842222,4.50362668807249,12.0743519056271,0.778582789446517,0.641433227413527
48.8198645401972,39.1529927560808,3.68151616122403,11.582830601495,0.131772873154258,0.918377523167566
48.5194263083551,38.6806731816454,3.80923980469758,12.6497963696396,1.17568215456355,0.742011987747047
47.1931205819269,38.3522670066267,2.76723921472782,11.6953536719495,0.332767263967253,0.148757250883364
48.2652586839972,37.8854980356137,1.08070154714142,12.5353158717887,0.661875511268425,0.160398368778858
48.3452056166322,38.5403434504178,3.53285266555739,12.6502815897119,1.17966337708357,0.449359705736489
48.8817385839995,38.5716569939525,2.77641454068548,11.8581730054551,0.779380796699207,0.533900753390037
44.3286504799241,38.5197566432216,-0.827394277669458,13.2451496804818,0.0924541565984684,0.0758695117406441
44.7527389250426,38.2859761908588,-0.575983058244102,13.4587442910129,0.0442774901956227,0.111476513337623
46.0859832739706,37.7655312552855,-0.514202122214105,12.472509304087,0.233644033866158,0.0984040753288566
45.6067131714249,38.6726437583279,3.81772952955585,10.9437311024965,0.68405825181997,0.224950824427763
46.0310581857967,38.0871542453368,0.88463073474415,11.6610525788155,0.0535149507299002,0.269766410287138
44.4526081650209,38.3257961310364,-1.23738562400783,13.7256082413912,0.122991371589675,0.247703287942083
44.8301842302007,37.6682701799201,-3.0254395609369,15.0317114927741,0.327049652714717,0.150474714896446
45.7458733635428,38.231904712659,1.34326985182507,11.8004449236537,0.113781193353768,0.0857740042221325
46.3344724443821,38.2685141801764,1.90772386553261,10.9707894383732,0.148873153372191,0.529168440247332
47.2639257042867,37.6907729489988,0.331556686755431,12.8731260019873,0.228694437501285,0.240606345044134
46.8790517685213,38.3880941960299,2.57537869431899,11.1054786842608,0.10784723023696,0.428332829139498
47.0755879027921,37.9140047192396,1.12758139971537,12.3552167272981,0.0421377540804636,0.104754346134168
47.6101271559921,37.8050960530235,0.900549068634068,12.8253742388714,0.140567055240544,0.184523814256922
49.0013805780342,37.9125599070903,0.42927825576154,11.8701280165598,0.533558680865188,0.338674963354515
50.8298785047616,35.9662324950996,-2.30224956369103,11.3962218941135,0.200494319517249,0.0746528152713683
51.7052303255248,36.2937803386152,-2.8740090026668,9.64716292265337,0.112349299643165,0.111722817967769
51.3742876742802,35.8573866707798,-2.24659595959184,11.8596035400459,0.115576666484736,0.30661178146058
52.4894767201589,36.313495878315,-3.02596874419618,8.12460848097855,0.439852486038504,0.205764328451599
53.0163517830131,36.015451759493,-2.54103018606471,8.36542388386789,0.43904129594269,0.0685234960677045
51.2503870515333,36.5588807753253,-3.3912754567595,9.97956048216185,0.465673735487585,0.175228458475124
51.3139394434141,36.3183739309533,-3.09581864906459,10.6145111027875,0.124431247404219,0.181228937497725
51.7818894997486,36.5504705297811,-3.210853736943,8.83616554636138,0.383215604405176,0.345117919957267
52.0953474955198,36.6021057272845,-3.28370832584593,8.07476529268316,0.508821676226238,0.490476836747869
49.2736717255508,36.1811962947102,-2.12743072723811,11.6269809285302,0.237296943931178,0.558900742871565
49.7975301656391,36.6401735499642,-2.5659095680347,11.6193128161779,0.0612639566002085,0.37831142307075
49.669591988938,36.2895561655554,-2.33753095263024,11.4412617374097,0.19046533416216,0.227700405559683
50.7854908464504,36.7486922203094,-3.44438619244834,10.34350923205,0.627666666351053,0.0329261989056181
48.8998100617154,37.2738760732609,-1.13480359439076,12.1483113904463,0.189134712527083,0.12932635065752
50.1308607997014,37.3366304786439,-2.16802152881899,10.9560410222055,0.369353625827212,0.71870761515508
53.695816508499,36.6525969812535,-3.1204651827466,6.77938685331384,0.57090773448294,0.576516144377593
56.1183087167145,38.0206935616201,-3.39361779695564,4.83064338266147,1.01901421343723,0.225350591324176
57.8379719242007,37.4036880590938,-1.28600347402818,4.02287359308301,0.321279191106746,0.598646998045554
59.1934860366217,36.5783644202675,0.857704509945249,2.77154291826921,0.378269325699368,0.148657104560276
57.3150951574589,37.8915923020382,-2.49334177217224,3.78917233444506,0.756681119359099,0.570265833508134
58.7115537792559,37.3670350571139,-0.552027065613627,3.02858038367791,0.277876779724983,0.477995855709453
57.4231405580618,37.1207989455408,-0.977493497589133,5.19762836475086,0.0995190469639086,0.225758056191019
56.1550036797041,36.9610000943691,-1.70759255416261,6.99258503642901,0.419638414432895,0.749503461503538
54.9825400326138,36.3789737379805,-1.57625592798745,7.92731230258662,0.586175711539525,0.416899520520146
54.5174539631489,36.6169096397634,-2.41264128375973,7.05141067708609,0.0745912356766842,0.222740362505866
54.4850217839472,33.7946335677327,-0.441679874187677,11.6254426379818,0.358338886254565,0.671723998310013
57.761705612299,36.3209855923116,0.504215091211771,6.39722074747871,0.445576530741652,0.301383737898923
58.088614070071,36.9179840741905,0.0292770028285396,4.70744685436055,0.236988156292607,0.138767858200842
58.45148549173,36.2316000573747,0.4407279478691,4.74832512575065,0.178071010605295,0.0284593042213376
57.5877207597076,36.012248936217,0.263430967223944,7.09974156207897,0.198207038390923,0.257369011753693
58.7700842174434,36.3381467692738,0.544992602122408,3.87495190346493,0.179042734725967,0.090273346282198
59.4918593133175,36.3416719235564,0.484498524946061,1.64981425325927,0.118597274246358,0.297862009608681
51.9062502381486,35.4274200816451,-1.4544414340757,10.6591314836947,0.126573525463465,0.0686813180305697
51.3533348012336,35.756793109334,-1.95770401951924,11.9854171123689,0.0418297983952604,0.14470233795703
51.9842919773447,35.8786341569347,-1.5870300606365,9.15857574449469,0.370097701866485,0.385528724144215
52.7694363963776,35.8366713135125,-2.06571044199049,8.8292351169715,0.122278604315052,0.071871674688975
51.5266494329988,35.7436929860747,-1.90920770573497,11.8551108212956,0.103042024089951,0.171546997813933
51.550518001936,35.9687048535272,-2.34704123702608,11.1398335491874,0.0539108277503454,0.214740328104327
51.673204702497,35.9349382787048,-2.14109772193667,10.6937180883409,0.0501343029039671,0.0171489005997785
52.0181023144455,35.7117939636989,-1.56618728424912,9.4164361588235,0.0318555335816137,0.149976581287373
52.1052316675338,35.8964423795689,-1.77105947870026,8.88750440346937,0.248681453830672,0.378142517315065
51.9910709580385,35.8041975343674,-1.43504302938913,9.25846817978235,0.364108074987352,0.283863848082072
51.2286923607536,35.729538697721,-1.84208714085442,12.0198315987312,0.0519922443401732,0.162458725840953
51.5541390153663,35.8090613974857,-2.18251416512296,11.6552442888324,0.34349148005478,0.218793307846039
50.9099899121117,35.6855585608259,-1.78993284094544,11.7323267157784,0.104437853303232,0.0429721461317031
51.1641347323339,36.1674107371907,-2.80687798543741,11.2016536936229,0.106140851690535,0.286322727978225
50.9174212453074,36.1463634491007,-2.805716679568,11.181380349217,0.0274399277571045,0.117661274106947
51.1391783487965,35.8413979440369,-2.10279397757769,11.8220063621067,0.107186524585285,0.242228676521971
51.792240610818,35.7762728902485,-1.67744953024416,10.5367316002092,0.0565275272638234,0.0371262458917433
51.8067266063983,35.7043530254241,-1.64072926152121,10.6080512120116,0.00692943190134732,0.0586439717444057
51.674436629795,35.7046561424255,-1.68462671747337,11.4796154645945,0.0358209877221281,0.261569521379833
51.7371749538673,35.3745255798335,-1.4104655101709,11.3937973776378,0.135611084510544,0.15928263590456
51.5550696171813,35.6084778329665,-1.36352784368774,11.9601674735505,0.366697506076991,0.162622549042695
51.743211623277,35.5913739703185,-1.46908532981993,11.1453397980957,0.234130058666634,0.0633387587702495
52.0531694318411,35.1735236377588,-1.42721452633232,10.8358458869402,0.061513515713594,0.333068558032807
50.6031625035618,35.4903834459148,-1.76562025771349,11.7599637926668,0.0497035206711403,0.14688795789146
51.3342304873589,35.4690644151129,-1.35725938162282,12.3703812851874,0.095045144126812,0.245236838153105
51.0023592561543,35.4401067409687,-1.52132920975845,12.093263523151,0.0694001355744446,0.0885865197351798
50.5139124766622,35.0092525231392,-1.76530301641156,12.3621039991648,0.0680363903155594,0.104247532193272
51.4600268691511,35.4068067762512,-1.30549409270313,12.248099996308,0.149134841549294,0.244778442820342
51.0285058152167,35.0748976229004,-1.42981795569835,12.46664325399,0.0919461949502678,0.0607880882294959
51.1603325932379,35.3825220544516,-1.39921010391848,12.3468384298597,0.0542284428310152,0.111715884294494
51.6615272405304,34.9767337639466,-1.46012828281452,11.8791283604951,0.141338509093711,0.239536331559851
50.7673167383331,34.499745061851,-2.02359983219196,12.979051291541,0.0130035028544734,0.14091734423159
51.8133517072448,35.1312353175168,-1.45740300614214,11.4339153497564,0.0568752970466526,0.267949357658317
52.0484536059224,35.5969890933294,-1.60922739025885,9.67099754227725,0.0783286359403603,0.119448409704911
52.8654631921201,35.5352027790805,-1.50645052081263,9.35807916880591,0.17475253474826,0.275156393501177
55.9193153476172,35.8741880704455,-0.2922911534487,9.07528485144005,0.867925182387846,0.771620240179952
57.1728754970984,34.9922178881674,-0.333472328089066,8.77437578646149,0.168505163628346,0.276703740857796
56.8623742164615,35.6118982305185,-0.0510217075037805,8.75185774561442,0.336306194518721,0.537364740831656
59.2757201196306,35.3999954017622,-0.0547815942044469,2.7160397082009,0.038144217014999,0.123042736099991
58.9654141250535,35.8108245092398,-0.332908894989826,3.09485653304356,0.788697246990283,0.430303974181607
58.457106555939,35.4182650321972,-0.362591360265228,5.12696734011919,0.401083562974901,0.106856090470981
58.9773928129888,35.1763191086702,-0.125341940241238,3.7455772274035,0.105586711455295,0.0760623116608568
58.3213911855803,34.3073102209268,-0.929707248333485,6.78746687857565,0.303530745400894,0.394836595727101
60.5149824778777,34.9324015297042,0.0280126469739362,1.43331967434678,0.0596473322593932,0.206979393356978
60.1071877393747,34.9600094607106,0.039153864450909,1.48325955618674,0.00776173782478,0.526091762704
60.8419702011311,35.3509974198628,-0.117844765989013,1.46799078899999,0.0602576735391956,0.32779713668831
59.6345792007822,36.2159115047888,0.192898074506026,1.37260816708438,0.0890841972481806,0.34649555132893
59.9221967909821,35.8570589066913,-0.0709048644951637,1.51921810937464,0.184832306061522,0.117971691691498
61.1352123298135,36.3320726697269,-0.299250007259975,1.23298909045611,0.00582135693275863,0.172272945934967
61.1141982360535,36.8199106275329,-0.270848284732337,1.14835973358752,0.202383537537086,0.114326502385856
70.4120200338293,37.1154638292867,-8.9134203210463,12.4360507415504,0.151960434339852,0.926790909548642
74.5562266445247,36.1483416580964,-3.69581193635952,23.8731618664226,0.108223916517651,0.605724059235022
74.9520931432934,36.6561801551491,-4.0131592725887,22.9127130403487,0.0784265099620305,0.443594474305224
73.4624496876596,34.6348992917079,-4.77766245769603,26.7287215111225,2.10703000839881,1.64154637062281
74.5486158286199,35.5864532226634,-3.57915434214292,24.5277800925874,0.231262346731679,0.925099018538327
71.3318472573567,35.1264564839976,-1.74595014396871,23.374030540618,0.772808199802189,0.664907672271312
71.7264202942343,34.8234981681124,-1.19033040170958,25.9004349185738,0.806343504737601,1.10350880585549
74.1519779322401,34.6517527948835,-4.32372580042958,26.1940201841094,1.74054547415901,2.29427577140989
75.4675208514874,35.0995424834654,-2.46269041736496,25.3582508880817,0.0760773973726469,0.205215068368682
75.1697529070474,34.120815999156,-0.525562652643238,28.3279171558044,0.43065375458031,0.236955993247919
74.6359114559274,35.3491604830047,-3.63772797278539,24.9185854316894,0.549612855102625,0.917454876456861
75.8215807918072,35.2896882906309,-2.23630142024693,24.3178389597167,0.291600193860257,0.148159329744056
76.7257358477118,36.3332859286477,-3.14157601593842,21.3214056600618,0.233164923853103,0.363429671581598
80.0707907501536,36.8940332198905,-3.38949603670837,16.3520050370642,0.199723366149383,0.430937272280346
77.6456568279748,34.7646453545162,-2.92036171244077,19.6116136714421,0.426034199464219,0.364265505026763
77.486214805545,34.5447721205153,-2.70473537243395,20.0760867081534,0.40936000021158,0.464785271693664
78.1546008983553,35.4882552690131,-2.51308625727958,18.5823891443054,0.114783609355626,0.0800717467155432
79.8657419987085,34.4322375560864,-1.12338697782925,16.0569490250163,0.273242694105846,0.712331030651109
79.7241835610085,34.8488271089786,-2.11410286674407,15.879032104641,0.187167023730737,0.768744415115271
82.4521131292102,34.0869742785811,3.74617817990139,16.8338938807218,1.0997232700619,0.518007407409164
83.7329879582748,35.5722189324663,2.54408026991842,15.8124343317711,1.0123992540478,0.677307463054428
79.7132114198028,35.7468441670794,-3.19323014100666,16.0619933776122,0.0546975474624411,0.606226045306095
83.9942279954562,33.2986245499873,6.74956081403456,18.7833690121281,0.617066889362855,0.665574942876626
79.8571218482043,35.0987115060458,-2.41031857351049,15.7570673676861,0.14596873401016,0.783315781277854
79.6378893199206,35.285070111417,-2.77508578018214,15.8985969640747,0.0974685890474555,0.620401260208669
79.3537705775546,35.756335264001,-3.0733233860782,16.4591094142402,0.0731370960570933,0.358282452926343
79.3680216232192,36.0050621472817,-3.15219960225306,16.6732740484883,0.0553130088477131,0.33009223713514
81.5439692978579,36.3065229926618,-3.25380329683148,14.1273920165476,0.646151262670858,0.0336463864830726
81.8970799249286,36.0553292344586,-2.37281895977115,13.9900256562076,0.404360483826661,0.242875098029056
83.8915912114554,37.772196045835,-2.19971532043362,12.437958806086,0.233237879911731,0.0212199314647208
79.7704466077369,36.4091194615718,-3.38748011030292,16.4878483363735,0.0970464835794325,0.469801609847455
79.5628903420005,37.1894534898496,-3.09308789066687,17.1209763208613,0.0889809741378456,0.158230878427893
78.0003579077297,36.2776954027683,-2.63075902257437,19.563135909604,0.06700738646296,0.120813359199249
78.8075488305443,36.1167822318353,-2.83593068462681,17.6168608825145,0.0849326096070656,0.0700982819067369
79.187188423272,36.1649332454672,-3.06846578937342,17.0229002913892,0.0597228203961303,0.135823697353154
75.5312847849604,36.7513118524887,-3.8931558897842,22.1631586272258,0.187392336808913,0.48375063435132
77.0912931090337,37.1587977222209,-3.17226986160345,20.0236434466383,0.0550276572007875,0.45169494947187
76.8008124256616,36.625029096345,-3.39599958745363,20.8469924642689,0.379848503375339,0.445078203034194
77.1897903935662,36.711726833604,-3.21100593855678,20.3711042280375,0.27916961306184,0.311639394025553
74.1642913820826,37.6885961049521,-5.71007571896626,21.1863401620297,0.271301878035738,0.871418418450747
74.6658822174485,37.644807762629,-4.85065789039426,21.5744385823264,0.0143084767878741,0.6100313709167
73.7074840560236,37.8401135139922,-6.62985497903749,20.4957331067919,0.296051466130645,0.17693328868872
73.4873266391521,38.7910790627823,-6.40356894063083,16.283941955495,1.40738969476201,1.2503275334004
73.4569741067596,37.5834573252875,-6.78050567189505,20.7397395546142,0.166550386814986,0.458570135442865
74.6182385131298,37.3919753298479,-4.73225662031763,21.918344991428,0.106193154235222,0.74982777239422
75.0409297762636,38.2780753009668,-3.9248472103878,21.2752403040379,0.0645942858582818,0.401436102684862
75.6228791177042,37.9733179306523,-3.58337937721071,21.0652395866457,0.224773360905256,0.0634616114617546
75.5041453761273,37.2170095785788,-3.88230858188183,21.7758128722094,0.117675756331892,0.355918765692451
75.1669687697648,37.5952725540223,-4.20983075480175,21.6435888781014,0.150701922501702,0.312617952131931
77.0345745487681,38.1572198658888,-2.28048397353745,19.5934881994464,0.075546758720604,0.22067194942896
77.863123768339,37.5706231869679,-2.64509303060154,19.2231513319252,0.129798040026199,0.00723703964707433
81.6578265071168,36.7720770533287,-3.47099374776303,14.0987814231247,0.57453622249777,0.132512294645778
83.4450476405342,36.7786970368204,-1.88283211391031,13.4398503479632,0.455283977830504,0.0850469365716726
83.032578281562,36.9559688431072,-2.64197366127045,13.2120842019442,0.595635280427657,0.0794337603565049
78.9267152486663,37.1283955590332,-2.88877761703438,17.8977191131868,0.0586622017007823,0.197835702847812
77.2181610264789,37.9118692452838,-2.40344353028664,19.6134989286269,0.250275692736563,0.058058158816392
77.3991647277226,38.4686176427414,-1.85785029035611,19.1305969129164,0.162691266963616,0.336164366435567
83.0782254976401,38.1542834929848,-2.10166894035088,12.783929721737,0.0496437788222205,0.0655973140213393
74.3585104741445,38.923049637425,-4.24342104720892,18.1648278786456,0.932262088129058,0.720201024229544
76.1401512043775,38.9733391040447,-0.723914561364175,19.185820949368,0.411991068321076,0.571309867277485
75.4951522014733,39.3650644293721,-0.208357510328856,18.1803196373057,0.221258463698595,0.443852226620281
74.983311192315,38.4334714302006,-3.69813766671118,21.1315973377332,0.0470983439213463,0.652679660283186
75.0293870025126,38.751794807862,-2.74173489114928,20.5435104252188,0.0862608320462246,0.99455571978758
75.0753304417025,37.9500802970242,-4.30382583171577,21.4325843255423,0.0436647518135861,0.0571788060949634
76.5809882047233,38.469358311237,-2.04535681785491,19.5568814676913,0.0289916938253528,0.352121888490296
73.5989118186069,38.4502835693168,-6.75819413260011,18.592309142682,0.828424444428932,1.59365314070119
73.5733713461296,38.0457811090911,-7.0066673058258,19.84285140378,0.43314588744106,0.676410011869813
74.4541295195707,38.1861509889291,-5.14359026597855,20.6621776400593,0.387599579532849,0.203718301790766
73.4749173879879,39.032969890158,-5.24515807826191,14.6115268895887,1.04192585825625,0.618338580201951
73.8206714118787,39.4807683284384,-2.37897159033255,13.3175073650845,0.380267723897462,0.105115563030949
74.6263185279379,38.7129470584694,-3.97738792234064,19.6978100030875,0.503675388745707,0.593644609211767
69.2096998526021,38.5297788993717,-6.54198360699246,4.92901029633944,0.690304029278148,0.0554178529948109
73.1715102553425,39.0257131521243,-5.73503748914863,13.3764695733455,1.25286486427156,0.29748884616293
70.3741682778824,40.3322852593575,-1.15984143946962,2.87701920378742,0.138005533595304,0.376164398735631
70.2458369716586,38.6896777089054,-8.66190224994784,7.05019123148278,1.97870983156232,0.250442741104766
70.8343212108147,38.7798594200665,-8.69901664327418,8.32477331368614,1.8503157696163,0.352108616860534
71.117956258863,38.4582198073059,-10.886696317478,10.4155710600883,2.33013079439139,0.620304534914229
71.7269978758971,37.223775897875,-9.29899637984584,17.1051094500715,0.301091308156341,0.416481999649004
71.6961651406241,36.8139586228098,-7.67602324280292,18.6263412053419,0.111529936648474,0.635547820491118
72.2582610143142,37.1202147708534,-7.989304013796,19.3552607765274,0.138579450544955,0.689426570627451
70.1773127935245,37.2388171219655,-9.01451797809573,10.8386911723555,0.190842646577739,0.655682084789731
70.7717277713718,36.927390471562,-8.518703945951,14.7766338188175,0.10312252018142,0.855033540533358
69.4227691789581,38.4582186127907,-7.41622241765801,5.36108804411616,0.796547552668096,0.121244907520681
70.8333210477151,38.2277880944157,-11.2617712633438,10.4611469999397,2.07918700394796,0.863757128157513
71.7670985775902,37.9930409921597,-10.9555013231333,14.0292574416692,0.867519031141392,0.0135553516876142
65.9952149567645,38.1251427879041,-2.56788223328113,3.83013088016978,0.492445642506425,2.22725790554007
68.4638165820868,37.8916906382183,-6.07008911866376,3.83553985672109,0.129425195499854,0.0976145456865566
68.7079537227703,37.7982001793752,-7.02100345558706,4.72078362437483,0.480089461776649,0.703463035033109
66.8757554059753,38.1042536279528,-2.74787650750325,3.37502137213615,0.465681391549452,0.914758597124463
68.1954866256394,37.6956373212607,-5.66351421992827,3.33818147843196,0.197679554533599,0.341829082593618
68.6602911465551,37.5361404519861,-6.92621541013091,4.71584212816511,0.139540473829125,0.382095423382589
68.4545705583599,38.3972891383282,-4.36977639095513,3.78102196604233,0.478458357757932,0.230213170919047
68.0191337378612,38.2101219350261,-3.72166336178949,3.1257740097012,0.942042782325149,0.191094825066884
67.1286964989811,39.0248551900442,-1.29518412096002,2.32807170814332,0.740044902478229,0.422851800400128
68.5427202317515,38.9409214936408,-2.6365059063268,3.67069886521475,1.1297884206387,0.0647036045425874
68.8815271752033,38.6898347088548,-4.56798073134993,4.46127721881291,0.323334380312668,0.296320291062424
68.6675601167949,38.7448449546652,-3.54879880794403,4.08017710662651,0.915834613482213,0.234731070062689
70.854424111117,39.0649931521441,-6.26843640579063,7.05791759447907,0.768104394642731,0.15044269308985
71.1528649761362,39.2081457111825,-4.93736476945148,7.04872116470634,0.135961515064599,0.353323736274231
71.0454787767296,40.0829044001587,-1.19616681645409,4.07381304875064,0.166878053613214,0.282770881900874
72.6999962492733,39.6400255840832,-1.60372232438963,8.66812940965781,0.926848714672692,0.489168462371373
71.8327924739312,39.6579127214951,-1.87512068114633,6.907481805,0.436940850500705,0.168098222280807
72.1904798369386,39.5122143017656,-2.63185409673859,8.25315201704597,0.312184142852581,0.0541597462243225
73.0107424885088,39.657501370443,-1.3702151712191,9.27437954538546,1.1660605796097,0.848714684922669
69.4793616988511,39.6446016313847,-1.98352817263392,3.99102753931488,0.516064737215312,0.0438900499667439
70.2207040652679,39.7936961167477,-1.56365878209981,3.60962219712253,0.638119870441739,0.800812678716989
69.9867463049472,39.9274952950691,-1.29366577059307,3.4085259478333,0.558979933460294,0.500898604258877
70.1374006374346,40.7485342135748,-1.48390463398784,2.6414246474958,0.0632881902849503,0.251892517564664
70.5330369124459,39.9450984685404,-1.18357884285047,3.33175048234044,0.517054899864722,0.965801475928099
71.4662337087844,39.7258328623714,-1.59615307959542,5.84726387668405,0.50127572008537,0.266959499713784
73.1156562748899,39.8940062582205,-0.468800433030709,8.64487249229591,1.65619732729847,1.00598966159999
70.7782024107174,39.8709012459012,-1.28133081900261,3.88613960974106,0.559771645550382,0.795200456541792
70.8013584987147,39.6241434336585,-2.05725090725599,4.7561901992776,0.730583052435581,0.669336453121418
72.1414086994465,40.2680204902998,-1.2468402869905,5.92222999683023,0.138589426808225,0.230436652456317
72.2322773471646,39.8953689980217,-1.12752742458198,7.02528555984927,0.502469346967307,0.054969575840447
74.472118897921,41.0668060136244,-1.41202861830848,7.63099522618562,0.0429020722354869,0.0345030406994114
75.0945302835744,40.5602188761784,-0.365391713592378,10.0425999351154,0.0746351725850539,0.568998223464482
75.2798920789354,40.4366124509703,0.00727401338508011,11.1110952281615,0.173712962628452,0.434446438524643
74.9623596096727,40.3346973615556,-0.386672025231404,11.2038783621507,0.0714669877296278,0.28908460610245
76.0400019134558,41.2892529884086,-0.760331652940475,10.3934896068134,0.0844151737437741,0.345245029585686
75.3555993270086,40.3570585345629,0.203840861124249,11.6699341815311,0.208152524458932,0.492315658877509
75.3396215424663,40.2378050156685,0.349311656662957,12.1374421581701,0.278669001205588,0.677872450656906
75.7546839694985,40.1951428697519,0.644910108371404,14.1137768803291,0.189850042938739,0.0833684549953829
76.0722142491518,40.3890169734951,0.283307367721181,14.5413697207845,0.0663104562969364,0.480742317721542
75.4926097643254,40.024335255639,0.603622992359797,13.5820537319292,0.272686598947658,0.921282079631673
74.9854672357313,39.8375298770214,-0.521385875818196,14.1457015800903,0.0876768023472527,0.083870612920727
74.693550837048,40.1119723317124,-0.895783159485139,12.7018170151524,0.204306031016242,0.632824412855073
75.2656922520017,39.7644802673351,-0.0500035006939678,14.5429115111572,0.0806898791549052,0.945164577811857
74.7227223442034,39.2596211134511,-2.49780844773612,17.1539086282332,0.689984822925472,0.39829824071823
73.1955010664252,39.4967357409199,-2.45472727537619,10.6939207238765,0.481463467382242,0.686785902514578
74.261549387593,39.1260803413726,-3.66433632211048,16.8778907677059,0.680468492400056,0.759341762060638
74.2621028412537,39.8235453175439,-1.30164500978941,13.4247956087164,0.345850996031682,0.599791016824037
75.4829221768847,38.9051356995879,-1.26721609653757,20.547040343887,0.660475333403994,1.2708327571989
75.3147292464231,38.9607920465542,-1.42506539937591,20.2853050461316,0.478758776796384,1.17933733744265
75.8156236439219,39.2952384607937,0.1566645621214,18.7636117883694,0.494895221836782,0.663400372003712
76.0322173185559,39.5306504583767,0.744637784251284,17.4980606222318,0.509854964274448,0.104069755140136
76.8205871927095,39.6271601441739,0.0710720475795877,17.2314868257119,0.122394856686884,0.179316159911772
77.5118209284156,39.9025594225617,0.0305217641965096,17.1021660820814,0.336066526533848,0.121394852833471
76.9696677276527,39.7979436786883,-0.0179526297588196,16.8352345137101,0.373247867346482,0.0644016086398794
77.6533026671845,39.9698317308388,0.127939528187616,17.094530120358,0.360160742938827,0.197076997962375
76.5522587659803,39.7916242050215,0.201864491306223,16.2164109768625,0.279461140738168,0.632627014308219
77.482198781187,39.7003307390402,-0.201690955307693,17.5083366999506,0.318345748470653,0.0156439497443151
77.6131124374582,38.9894951614427,-1.13976927386281,18.5288010095996,0.267655110646231,0.240006479700031
78.7930941367283,39.8000226501288,-0.281936581217282,17.3281757018216,0.0872171034021111,0.0528483765169307
83.9531943103449,39.1040127625911,-0.626270732556487,11.8272300348368,0.40423193108146,0.0318733251116305
78.0884847286435,39.8051004127825,-0.26596270869848,17.6042701953439,0.410669110922769,0.17412516079323
78.8182046548415,39.5756329631429,-0.550053391815019,17.6016756839539,0.0467988683639954,0.248188945392584
78.4981083434446,40.035405594512,0.208036209134534,17.3984427558917,0.0382056452139131,0.0909557032405218
79.0178178676624,40.001287423439,0.0279075472335462,17.0223263137226,0.0153176709335721,0.132908971977115
78.2700840590834,40.192009758483,0.919019587815792,17.6014177564141,0.494553362891429,0.198895751542553
77.927308791414,40.142081649993,0.784154854880854,17.0310074519005,0.178468297987327,0.389103753151154
78.0351444928671,40.0190545546548,0.490325061820873,17.4558317857174,0.0761708434785896,0.124730566266714
78.4193446346623,41.0035822265422,0.734054781009023,15.485238575075,0.0201957517745028,0.0669375101335599
78.5206783874381,39.8531136767326,-0.248955299857973,17.4332025513152,0.265945033806096,0.194123961539506
78.8924553829465,40.2167660547057,0.402153883668653,16.938441523062,0.0630568356316807,0.0652107293325856
79.3452983258589,41.0623570613631,1.01811856232972,14.9834039675498,0.25713160482979,0.618143195364587
80.2856407962263,41.0101573494835,1.39053486668071,13.738706244916,0.0310198171545288,0.647386060579697
78.1260216533918,40.1946454661498,0.946786399202807,17.3685748574926,0.403073492485343,0.115435436897362
78.3508845731401,40.3054224724486,0.877914740424821,17.6912045087579,0.388913487763213,0.518488902442795
78.2438466549984,40.3973933248634,0.765304937227935,17.361382055072,0.212319493962648,0.151447570723747
78.6451126285899,40.1977955620456,0.547617785820003,17.2871173280841,0.199361784340435,0.0692188689096987
77.4543138761112,40.475792850216,0.807563291379315,15.8748337234996,0.221783808772355,0.0132403985260013
77.9697626611784,40.4273047334881,0.650629817448217,16.7654818349552,0.0294364464022637,0.171023396068653
77.6944795324669,40.3700132811987,0.774197682985568,16.4401933487645,0.132023732889338,0.162420270669562
76.879778285738,40.252924348014,0.468695875133876,14.9624879292253,0.200427679849253,0.634658373114005
77.6826574213403,40.1704525461042,0.597485267158097,16.6394436555938,0.0407761368585038,0.379970984745339
77.3109432069778,40.0885407300582,0.319234722462763,16.3618804010658,0.282830647914557,0.23763731646281
77.7013862659403,40.0829400042638,0.399662113185009,16.8854798916803,0.207251903379795,0.288285078373239
75.9751749133049,39.8418210518194,0.925666329315839,16.3719191604813,0.386353422540413,0.0839769609499593
75.8772988524626,40.0294399484717,0.900896235083914,15.4613060354257,0.359575326074078,0.245359747051014
76.2262288160788,40.0755399945951,0.701929548398033,15.7948113546134,0.133008227979244,0.130045878104746
76.6773613794739,39.9320710577581,0.115714785002556,15.846871958508,0.474253773166443,0.590708623272051
77.1534285983919,40.1483817450135,0.390217163854091,15.8993783723298,0.279587314085333,0.275445236526324
77.361440608599,40.3560807952583,0.723083901504999,15.8207626943839,0.0697229540060451,0.190887190069463
77.2573881754049,40.6992192306574,0.375984911165799,14.5160582215299,0.0516829713101393,0.176649087154134
77.0385689443838,40.391350317713,0.638677439647204,14.8838016977373,0.0101804054226755,0.418228723247163
75.9225367681804,40.5528690621404,-0.107514653878673,13.0786168498527,0.137240358682167,0.016226951997046
76.8698722752238,40.9208119036202,-0.186576980490259,12.7859660548723,0.336642140584763,0.525797243879982
76.0114182763585,40.7881848014444,-0.385669993128251,12.2369418346247,0.0808530955104791,0.050469747314344
75.6608357331882,41.4104193566185,-0.960619430993867,8.74841748486491,0.098462243470531,0.29090837268524
76.4611652359202,40.9097287516789,-0.2908598679545,12.5128769434324,0.146659584346849,0.175209310264356
77.7686879090897,40.862834031301,0.240973941768139,15.6253964114373,0.182255276993279,0.473255121090574
78.4498744766122,41.8015199922459,1.16487069164444,11.4096485181256,0.341068340489637,0.321503143616666
77.635198325763,40.7120623308952,0.494508980780313,15.8530656604817,0.0772683375542846,0.372090014069275
77.7423643777168,40.5976439647868,0.688847604954171,16.4540996730339,0.190172792890739,0.418074993562137
77.9496487308338,40.8577527051862,0.348383453824071,16.1461292347667,0.102033712603285,0.621241626528874
78.0028112040367,40.5290580180815,0.561854560554108,16.7428777139065,0.0273027823963574,0.0501856399452682
78.2857697171664,40.505968096072,0.494091661375131,17.2670059456524,0.0926748184380579,0.27004279218962
78.1646917288494,40.5728662685784,0.410555090240763,16.8976781940256,0.126798066495084,0.0420336910107795
78.2028147099935,40.6718052548474,0.298154441899648,16.8648613191761,0.231840629445906,0.23756728977464
78.4460342283984,40.5633462212155,0.533098221833767,17.319520120116,0.0194877124975655,0.616316082311456
78.7503909723471,40.5746587051505,0.786477231685492,16.8905781156643,0.244150514754274,0.40557285816066
79.2437981449399,40.4551270463661,0.645673509293415,16.4370839547527,0.0622411286773783,0.408735689610675
80.3615718174747,40.732164414121,1.08833763962365,14.2595924629618,0.0698520244002165,0.749451432840824
79.5997342632357,40.9207350768941,1.02469358974585,15.1608849488968,0.167012834974349,0.786844051952946
80.3332413478655,41.5139457220308,1.854130746912,12.1337293983221,0.0641748839678563,0.278106832469706
82.3995563794808,41.7283185975671,2.23027283640961,10.3751495518642,0.148233929404576,0.0511327606257792
78.8267485002186,41.130152619957,0.942617502547507,14.9392400574833,0.149718473824096,0.221225041437854
80.8915796596214,40.6005684278963,1.1730021919917,13.5672665674211,0.0663409012331489,0.514932074527403
81.617764810944,41.4326299892203,2.237070155777,10.5118733901737,0.132905555089851,0.684346032225811
79.7790890382149,41.6265565590944,1.55988114880568,12.2642507132566,0.102932647470464,0.147391728231115
80.9218312190831,41.3727578409574,1.94501144121827,11.6419801042094,0.0285586454763347,0.118353306337402
82.2711069879656,41.3992200077663,2.26616579799469,11.2243472374466,0.0670344407584276,0.309447050864184
84.3102381292249,41.9106240478245,2.48324128281492,10.1171110354351,0.0582292040008809,0.303299138294463
82.8531474817695,41.4544111969389,2.20045787866971,11.8098133476304,0.101822589543681,1.03151571985353
82.991719546835,41.011102083088,1.7338907541431,12.2773198922999,0.1629665741403,1.03704996202511
84.1697810586225,42.7553989782817,2.37559324976335,8.64634748272685,0.0410502990508263,0.0599332013210043
86.1458891393287,42.1270721163504,2.80240185547422,8.44425480343722,0.0745173587534193,0.108247432426365
85.2905572889443,42.0674609187806,2.61568653479987,9.13006226523926,0.0821611579805437,0.0636295211022582
81.766771099856,41.7249108756201,2.34294489093773,9.62098552399109,0.0928381542508468,0.947755497811407
81.60340930862,41.9396666500963,2.4570711451978,9.07161186790761,0.245018240864214,1.02063120036759
82.808121964461,41.8831285106411,2.31062605817365,10.4284164132546,0.0758123941657151,0.21415754331064
78.8609565341019,41.3187765149629,1.00958326810958,14.1379113080535,0.243899585797108,0.142773092519593
76.384825236457,41.1747460873475,-0.524661100694469,11.4199480600083,0.116760390444757,0.0604465797432422
76.6226236165992,41.6754682905146,-0.0983455222338716,9.66974411016471,0.0936488518584062,0.239045900582704
76.4215372355677,41.4436478821657,-0.421471756228926,10.3808501986337,0.0866360181007926,0.145762945257328
76.282023395116,41.9769121953425,-0.365859877457415,7.05281848648416,0.129558797143523,0.0120848281081784
76.7172313127738,42.1042648728869,0.254090588298127,7.27266666839063,0.0832301773780234,0.080271131766129
76.709709818869,41.8027578949765,0.0274339998797274,9.23201996998731,0.0266318531889562,0.356850437960838
75.8287141194313,41.7000282497968,-1.15197292103332,7.97415304305251,0.348942414229519,0.327104016454155
74.873290027992,41.7250251955715,-0.831597876246553,5.20122414764731,0.13989763124787,0.141818711454162
74.6288178514846,41.990240278039,-0.737790008917742,4.34147465832277,0.0224212143095311,0.0765343535391418
74.7308026453082,41.785398144959,-0.794087003025863,4.92488183677831,0.120654770651476,0.0751247649360498
75.6824353764037,41.8454722087101,-1.06418531472033,6.6912714150013,0.218848812982078,0.105072600173226
74.9727473614679,41.5067377353206,-0.998513777937328,6.10193649478675,0.023481434623007,0.20840466384797
75.4202164791032,41.801754880127,-0.944587557136883,5.94509186060691,0.0381929407495237,0.174192864607944
75.1515349287468,41.7393606233209,-0.862854594115427,5.53519077292958,0.116478010228709,0.150795909079981
74.9112611047986,41.1053577856124,-0.923001070384264,7.76330994913684,0.0433141361757617,0.11871234148153
75.6839225772349,41.7087223898248,-1.14412125975602,7.41094391136953,0.264479162922172,0.169218750299797
75.8417451700291,41.4790765384368,-0.983528027565867,9.13289343942271,0.155443758494505,0.477109344833286
75.3853598100097,40.9166156286976,-0.662482301763682,9.595422944624,0.0979206735860004,0.0802066939782976
75.036597814295,40.8001585425929,-0.580127157444478,9.05627284151022,0.114405873488529,0.365563946896022
75.3827068300209,40.5599783485034,-0.171706339672352,10.8929624738728,0.0281077409864061,0.27713194452855
75.4698183273342,40.7484662378318,-0.483876497225226,10.4965930527359,0.0824618919106466,0.113404565574646
75.8243141265474,40.7333076006521,-0.38429272420549,11.8629383849894,0.0659861061370163,0.0954657004509695
73.6185310176082,40.8659304930065,-2.5547941947021,7.47786941737191,0.619119367859729,0.13731253982184
74.6690823714867,40.8512169680877,-1.00180942625355,8.84478477529794,0.126244402437226,0.0889248000933685
74.2676293832485,40.519696799807,-1.71759362589176,10.6209620761202,0.472265552470946,0.978439879151384
73.5961973313855,41.2757041505895,-2.10789563414974,6.04343192047334,0.218891464270434,0.274035578601037
73.3366560376224,42.0960974237303,-0.606519869126758,2.7626934068078,0.349561735009252,0.0345559569930464
73.8120682584985,41.3356983268759,-1.83205176935385,6.03038656398596,0.0771664792535137,0.148146602487188
72.6784702000147,41.2386618826564,-2.23703063716764,4.59353546830139,0.291659285161465,0.306794378013317
73.1846127031476,41.3108513801536,-2.19472670271173,5.27742514048883,0.311354747581036,0.30982979090304
72.8058891752331,40.6695288493417,-1.69835980713773,5.97892958469796,0.184990459541285,0.176941418241914
73.676293383154,40.7246352024599,-2.38882959132216,8.04527304355881,0.539998039608141,0.0832666598394683
69.7649104900752,40.6159862083813,-1.35466340271952,2.65949529769283,0.0611482016361344,0.123180102803271
71.5462516147519,40.8362600239161,-1.93387829959165,3.93376487602219,0.307236820475674,0.556392353582907
70.2073661367735,41.0157794527291,-1.72901803194222,2.50112723358567,0.0994699353210086,0.396117429552443
72.4288139401363,42.4953975761546,-1.15622516789797,1.45702614480762,0.0340116728300296,0.0420126260504164
69.1494488060281,41.4464339275813,-2.12673851709068,1.77617679845109,0.418407103144884,0.0223224116875141
71.2488513998851,41.7395263081194,-1.95039299135238,2.01887807132882,0.0307408540205302,0.0268981952387849
70.9176042951219,41.4308887961148,-2.00515697359762,2.36587961810572,0.0706259599587409,0.315015478675878
71.7624719394757,41.9145321450639,-1.73790384688798,1.99814379598487,0.0189696583260047,0.127113043873051
72.7489266075222,41.6560356581975,-1.66735472927684,3.3935149180224,0.043542793920826,0.0344824811484419
73.0274522213431,41.8846222803651,-1.00509788127478,2.91612503918047,0.228598052103,0.162816896148978
72.804589542025,41.8387154637539,-1.29213562239449,2.7577979083688,0.111388676187186,0.239575463653273
72.9864514081338,41.5832220441181,-1.71558498602784,3.97592080833221,0.0864289696388539,0.121290572089894
73.1511056056804,41.7367258885197,-1.28351994935326,3.69137921772792,0.0795615121378227,0.0459847278954362
73.3455881940915,41.7810231245684,-1.13030954075325,3.81976911089056,0.0579962424025213,0.0455785371259146
70.1752763690632,42.3060883190482,-1.97497699615749,1.35337028245189,0.187699630581115,0.0179224967123671
69.9242743856426,41.7844468005101,-2.19238737324023,1.67411086345728,0.331408504716123,0.0135609998075259
70.7102519136473,41.7794212828587,-2.03855423240784,1.77580356534848,0.0822892328236217,0.028279213002167
71.8116166065046,41.674551494869,-1.97924048966761,2.49503033941993,0.119660404745656,0.0164271255056354
67.7601832157112,41.9325605919594,-2.31002969483241,1.33335242179296,0.812673707161388,0.210933041309413
68.2339624597683,40.976324214411,-1.88755082628698,1.8580933981689,0.363631610753241,0.00345497620527945
44.7512166728119,42.1330686413482,-0.45967913027736,3.77700868057784,0.134231120892918,0.13718828244415
46.7163830656108,41.5898918228941,0.461507775240553,6.0757827245868,0.625821408232168,0.21685288990466
45.6048426276113,41.24447037227,1.42568563739581,7.04193273456384,0.188064071741298,0.457299149889559
46.0044417496749,40.9065870566822,1.92194562645994,7.78887894243925,0.177199163676358,0.305093781617643
46.3317255325796,41.6402964611836,0.434290738116082,6.16109605589432,0.484372764947607,0.0134291497512904
47.1394558243651,41.2540319153368,0.920282081677343,6.47016673876486,0.628345843090377,0.481161597515755
48.9567117418686,40.5918692095151,2.70549145079635,5.47577816764562,0.155855474469645,1.73996541580729
49.2447213396273,41.2861568610147,0.638292646860007,3.22426584707243,1.36910059567532,2.38833440087704
50.0614469391534,40.1547531593342,2.47094202016115,4.19263643420001,0.634996486378672,2.98650253687207
50.156678025339,40.7061702707321,1.36351530156006,3.21498557189388,1.21656647237471,2.94060835157154
45.6909602031966,40.9888684025119,1.87774648398423,7.4849875153133,0.284685469661193,0.336237158686143
45.2199779235084,40.9408972438846,2.18314098564352,7.10063827585921,0.579875464968617,0.131143584997478
47.3521426757853,40.5828195822691,2.37993272778551,8.0090379000617,0.211620012471537,0.418344610217137
44.955170702836,40.678501259,2.20376684878422,7.16432744985838,0.21196417383348,0.0916747810191177
43.8993054105619,40.0116196612888,1.99174801585643,7.14563501157871,0.0966376334804794,0.520788579382077
46.338168623503,40.5348362741958,2.74883065785352,8.78753219455111,0.294147066262482,0.413771455877714
47.6924861438236,40.9280080445161,1.45308550472825,6.49884350095548,0.643223827085682,1.00524272712927
47.6049151114184,40.4115323083903,2.75942131862036,8.26050572973091,0.171556438868217,0.405047365317151
48.0519787501145,40.2703074925354,3.16705846054267,8.55558390032735,0.0630056688959892,0.0471280488010032
48.7139995413485,40.7364697101429,2.15036746797398,5.34271855532545,0.275199911306974,1.81661608113767
50.543557832613,40.5640830387713,1.18152806172097,3.36498050563476,1.42287255363633,2.79144650543854
48.7262762453113,39.7959385242606,4.08473719672154,9.80729092171627,0.399186200124396,0.700014607853777
49.0820641862936,40.1075094167365,3.87253411754151,6.93952498538614,0.660634878831886,1.2760354602644
48.6873587925209,39.6005660598788,3.88446634518872,10.7770574102482,0.141615356577978,1.14117227780943
49.3881637026207,40.1535032770268,3.41705337137418,5.59095280236567,0.210148225735811,2.30280891809596
68.3793541910656,39.4694412361673,-1.63607977381798,2.90711258724032,0.602153031810629,0.556613875715334
48.4427422806913,39.4905175436486,3.97997930079024,11.6839816155283,0.118431159869402,1.60568225037427
49.1047413907093,39.4545392516214,3.51024834236475,9.25381502886634,0.419586815577322,0.441163916372345
47.1192905727834,40.4601161200433,2.81384467309231,8.68818841389564,0.0651612121060294,0.0324760902508965
48.5055109837299,39.9500899440704,4.0742891631044,9.80258732813561,0.607435399546498,0.987553134801624
47.7001397712815,39.6210862275588,4.40640558465171,10.8238409550349,0.521098988918078,0.712521377618707
48.2079527148392,39.5868652336395,4.20956420585899,11.404609804101,0.342488788230058,1.46018794378359
45.6179347050007,38.9249296339991,4.49156733890247,10.5356506960002,0.517112624224207,0.187626533960681
46.2653697311914,39.0350554101449,4.60518178026177,10.997321871977,0.288292272065383,0.527093703963178
45.0217717283455,39.4185883257881,4.01178881002823,9.40580493957806,0.587211507004726,0.187727809639006
45.0665167391539,40.3655182745559,2.44922149598643,7.96332870316308,0.00679370315411773,0.220014849627482
45.2557043525314,40.2593452329609,2.81721905247175,8.42020626388318,0.0738760692145901,0.300302038584661
45.8248856535758,39.7952486576979,4.11734812215745,9.8141268044975,0.159602847234181,0.365602007697439
46.1853422931482,39.5884887046711,4.50366705894018,10.5042875068874,0.147956178697041,0.52271306912048
47.1931072720265,40.2475643071162,3.29588434905387,9.19489200967638,0.0447628225675107,0.0501296678957295
47.8474994754804,40.4563762188843,2.57796059643019,7.88729439733855,0.290786781743534,0.491776641436957
48.3416428181679,40.3618459094224,3.10575742176721,7.83849612220469,0.203202676219526,0.2987398903284
45.2435485793443,40.0771147612373,3.13909733111387,8.78749558425867,0.0375671054873457,0.382101068944071
46.7647000423143,40.233427326574,3.46019664556381,9.60623971493233,0.21910270499674,0.481174177649076
42.9764522482563,40.2831913290654,1.65576280122157,6.61475935460686,0.292188856064539,0.118832898573089
43.769434201478,40.9906535410441,0.890315788411171,5.59033364624596,0.0785728119114793,0.223404092624261
44.1827207362892,40.4193790072322,1.76087662401885,7.11772981856583,0.137907222674867,0.233042719422563
40.6663323672329,40.4344688871728,-0.352762256039526,3.29681090325965,0.159265100652769,0.325475605537534
41.7443175386647,40.326640808003,0.404326405309355,4.83009983284186,0.0219870023849307,0.0968689804611491
42.1460487360276,40.1946668439319,0.782738389324122,6.13443638285519,0.242559451437816,0.145417269348367
41.0961672796088,39.8805080591953,-1.17698463801249,4.53508855856065,0.39926743269932,0.302775532158572
41.5430576202458,39.8198928350688,-0.90981277162902,6.20103608083947,0.239854971554839,0.144548340457547
41.5487006150977,40.0315224083363,-0.313400099537034,5.48685316935172,0.0158806523756422,0.0574826991549952
43.3362204661147,40.1044537935118,1.66195456847921,7.29977762552982,0.148785860807093,0.126510086546052
44.4860901658446,39.9454200292905,2.54029944851598,7.91094867042118,0.0457793926933709,0.10252215869382
44.449634989371,40.2444366873712,1.96524834602821,7.39281972288932,0.221497347147208,0.0178979375660702
44.1409791937667,40.1843029930094,1.95370166487346,7.08847238410781,0.0701234935126017,0.206984268663624
42.9092082635396,39.8833080419183,0.536980982946908,8.04046343677655,0.30718263701543,0.0743153756086413
43.6641552474089,39.7301499650036,1.17359964796714,8.19239534873609,0.225790485728824,0.386361386097118
44.0697829817221,39.9431593015114,2.09761927179494,7.297299390529,0.0114460045866382,0.563950165898514
42.2254073254566,39.466859641155,-1.62124079566395,9.46846827926317,0.194475898803263,0.132104153914727
44.0040634866065,39.4151785035161,1.38141287138316,9.31684559915233,0.0634178921304525,0.347854086544379
44.0268608928839,38.9757595746057,-0.157716011096326,11.5287550990534,0.342154482439155,0.146246621954554
42.2773496916981,39.8727997861843,-0.241047930407688,7.79726003881219,0.422656661821359,0.35936558299632
42.2315251177826,39.034584631623,-3.13944436363049,11.3338404647389,0.0608379924634813,0.120294201783388
40.9882745734719,39.4511406564415,-4.40018546738301,6.45967691026132,0.323325788635953,0.734227043166947
41.0006152105213,38.9297484528475,-7.14426085514674,11.8869785547296,0.156161159604853,1.18042953483407
41.6968542085635,39.3568140806488,-2.43178512047705,9.04514085070755,0.564186907866709,0.229726032213464
41.9999033531719,39.878255533481,-0.402455772803414,7.39638187870059,0.184708116511284,0.410251977145575
42.3712710942111,39.2542966591341,-2.20548695991208,10.433294253358,0.169597572296427,0.0801715178052581
42.7431023737803,39.6734053071486,-0.511617180423781,8.86623257478351,0.631309843254045,0.132466013282193
40.4339142296029,39.3477495341865,-9.27800496010182,7.82549824557596,1.08714769977094,0.245520582006507
40.9582748351722,39.2522007243718,-6.11174676222002,8.48576724622828,0.301132532822097,0.0705844813861661
40.7441866474051,39.2167512923797,-8.16579241148033,8.89013259829702,1.17219197435547,0.327762529500599
39.0938382399677,39.0179138639899,-16.426975912917,9.83134348570847,0.309958465407415,0.643252507186865
39.9048921515533,39.5854697109442,-9.93098156534589,6.15407970936105,0.414013550861395,0.29524522536021
39.4511777597756,39.0660409215357,-15.9485812119874,9.41884693732093,0.566091095357464,0.146407336773406
39.6558138859788,39.0947610437198,-15.2648310758343,9.22052363893922,0.642975344628559,0.183883940318817
39.6501711994971,39.5734627170464,-11.9690545018752,6.50430527819695,0.658306327943989,0.225037658490628
39.6687046691783,39.6910700346059,-10.2316083002401,5.45559457532916,0.651317896957692,0.00977839292962616
39.5838423693962,39.7646182229949,-9.57722257087871,5.01429358333064,0.553346017590161,0.088176896043258
39.9996401069856,39.8889880355284,-4.95134413170235,3.97416669269769,0.0984685138418706,0.0321974844282923
40.2251892209192,39.7800176317449,-5.00959726646437,4.716710746184,0.129171240576856,0.248585302991968
41.1572891952326,40.077950015119,-0.480349500056121,4.33058800197815,0.0789931501160828,0.156103275332718
40.9539055766243,40.1817978923757,-0.533769120083247,3.80522346458662,0.181333637642474,0.344086357806665
40.2683654331676,40.3357225887055,-0.722837397413826,2.83468347774542,0.153496917349966,0.0892446211311632
39.5337169141371,40.5027627337705,-0.960182692777554,2.23468358932257,0.0754678606100952,0.112827627174252
39.8183545942471,40.052538914478,-3.64013223310749,3.17270057857667,0.205212967240354,0.0598640908499068
39.7359826944001,40.5535744195778,-0.663418224226819,2.34225800334125,0.03888880441579,0.0217457663141373
39.8114231221797,40.9728247288274,-0.713646930552889,2.40358284320618,0.332053673114036,0.0413193648931938
39.4887189653946,40.7665108492455,-0.728487913224387,2.11598027171987,0.299902829440235,0.142939442805986
40.1332706670117,40.4905673403243,-0.506906478505011,2.73449768799141,0.126913061789915,0.0608340198512176
39.2086146589473,41.0328824717919,-0.75113908814959,2.1595233269994,0.515873446891156,0.0563123254181684
40.1375995054374,40.9569746384951,-0.614470858902623,2.85636149363657,0.287156673319854,0.319441199551719
40.9601930006136,40.9239550226957,0.077079135313975,3.16979116642766,0.0430908227533785,0.150938104018292
40.5136556641964,40.9684314165185,-0.395240287890255,2.99919756395184,0.292642796835222,0.247509547101574
41.5899118360771,40.8268627381653,0.582297342302341,3.50714214477343,0.346845907017878,0.240761657545698
42.574037130831,41.1096048124217,-0.138411336807779,4.33591441438303,0.30066909572117,0.0447779735042885
40.7562521330292,41.0589501801945,-0.131225837052229,3.01210678274448,0.0841517479772391,0.168375314257001
40.4767296943459,40.7362885027615,-0.413145908152857,3.04360360113025,0.281469425924127,0.200397779836845
41.5403424438923,40.5406858441389,0.288123543461636,3.75177144181106,0.171095226787889,0.396665579706211
41.9327646770844,40.4623464838748,0.69020367392357,4.62647062008205,0.0973574138330811,0.320573625455929
42.5326711023828,40.4013645943568,1.46073996766904,5.39847817962937,0.508865482246873,0.636073363932768
42.617638515855,40.7300171793386,0.397535058512223,4.77269863437388,0.533030034465909,0.430650523641305
43.1122746827769,40.6065078786782,0.98361365178544,6.0821389277992,0.283212942070725,0.154946000857435
43.2977490069013,40.868528076628,0.540063825104659,5.69886558297221,0.121368474650818,0.238370173041249
43.3074250548397,40.4760803880353,1.44864428340828,6.5038943778682,0.102827054467314,0.0424025795684276
43.928407538297,40.6430298080983,1.51703320560962,6.75668724475301,0.0649483836342397,0.42692553410886
44.4905179140989,40.9944118428781,2.07998212539833,6.27168458873546,0.610497473321183,0.1599816132512
44.6376564974658,40.7766481023503,2.10253034562535,6.76610641647042,0.241901329478623,0.0805616429469845
44.1959661296023,40.8287715678398,1.69041015880324,6.55205146914604,0.115682559449165,0.470562860282806
44.3888313893829,41.3587414420542,1.08266681502817,4.99226202651555,0.300809328078035,0.0377425282629375
44.4670412384974,40.7409750701961,1.95454349415914,6.81681742178103,0.120335306173271,0.218648922700822
44.4295494606797,41.1147666487312,1.88847557661694,5.84113148168106,0.673383187381419,0.107067439004389
43.0469565916608,41.0872723449451,0.00492890215052508,4.89525049520766,0.114147952824869,0.123947092205801
43.6101901093293,41.2186495391464,0.249626099297546,4.72013252541083,0.0743260581761035,0.103101949382161
43.929480387086,41.3677316274017,0.159423023135221,4.14584867711909,0.329631021073573,0.132512101319815
44.4322361773278,41.7754763803478,-0.00157414931302389,4.05379263988093,0.0394550315132948,0.135921182374125
44.2383046009849,41.3499154015989,0.740488651647045,4.5570309611467,0.0351506397674203,0.171822916824722
44.5928694911072,41.6830778786858,0.31209106240389,4.74359772043745,0.151015088879239,0.201653032024421
44.8095795029071,41.6946110856821,0.391327473170529,5.19483798045361,0.0830691056007051,0.201830105952301
43.5309234381984,41.3521383142547,0.0222735738611477,4.35600271627286,0.0561477004487567,0.142337883692957
43.8939043530705,41.6339712440545,0.0526938730479085,3.52323739081194,0.0441492563021019,0.0794334769571019
42.7405952354823,41.3052796499612,-0.227962275492745,4.19404000307624,0.122512990728626,0.041434839778083
42.6555544036483,41.5273595557651,-0.203660081307473,3.89179719638619,0.0873443984409564,0.125036097399903
43.3294552482245,41.8808782804164,0.0484854247881058,3.12730059436201,0.360126045773011,0.166723944402642
42.9931404776648,41.2723084318419,-0.14570538310301,4.38393954102976,0.056315590722659,0.0462268327977811
41.1336559469714,41.3441362123333,0.0740134389975277,2.99925296427514,0.131295943674182,0.0847352173977263
41.809667287667,41.1311311368121,0.361735170092296,3.78198515376152,0.379026739059515,0.226560907581929
42.1305672970546,41.4645100029834,-0.133209512769825,4.00272106775312,0.0367533060197359,0.582552134241773
42.8827808693428,42.2519737429202,-0.257717905694325,2.53771179193273,0.0448210119767212,0.125906225735043
42.5128687749819,42.0015280121599,-0.188091695281186,3.23575808856746,0.182682061600468,0.180078486121382
43.0122340768566,42.3711858776188,-0.33585914686047,2.21806318624724,0.213799825959596,0.202472190602938
43.0134540840705,42.0869203678102,-0.116595908200651,2.76346403242716,0.200182542323222,0.0281866128589081
43.2169693824249,42.0966192482064,-0.101047611283504,2.70481812315496,0.158268492892966,0.139936020776823
43.4571667202573,42.5832846963346,-0.204128775467717,1.50640823223029,0.0668452703059833,0.589164888036291
43.3313242961881,42.3934000994863,-0.27050334910985,1.9680524799957,0.0984079308923192,0.165691634803
43.0664764896523,42.5241640887869,-0.288476639609578,1.92637009390514,0.193348449335697,0.309360195669305
39.3687290748727,44.1878522603804,-1.63130570526963,0.660175473506092,0.455469190484824,0.0995825916604394
42.6133155691719,45.2100261923637,-0.0264513868876238,-0.3419542615533,0.990029863562701,0.558212292047481
41.3125450914128,44.046839750638,-0.820004768395739,0.909539590141241,0.0443136545316241,0.0557508176029975
42.6487049053525,44.6794139453083,-0.0774514058905149,0.154878016358914,0.805185543359206,0.410436349937254
42.5836138871337,43.6126089894336,-0.18358592567631,1.2252638544519,0.220832612443477,0.177854860692762
44.0798692495315,42.9694740979702,-0.31267774452713,1.473005584738,0.146949361386413,0.764758742543429
44.5011730353663,42.3657396164819,-0.407008872566246,2.90601106281066,0.146704553222938,0.245571465849303
44.726583211579,41.9713487072191,-0.307705595516041,4.23351912892764,0.139168522709124,0.0682378183784732
45.1317564720574,42.9105709908664,-0.352798997605095,2.75384774815957,0.134909619601867,0.271656480225698
44.9784275360588,42.3056682885462,-0.437641497833278,3.7343170828259,0.0738229695146367,0.161182195831216
45.8632147071927,42.0346227399296,-0.0136959433938303,5.30305742903929,0.37794885152664,0.138980228649407
69.7623419537261,42.4514826657558,-1.95044686178995,1.39506261901114,0.219967840093289,0.142970800875824
70.51578032443,42.5638265013155,-1.74165427255445,1.09863974603844,0.0847006235210677,0.173884376645509
71.3216810350303,42.2161835647735,-1.60469592251264,1.38474446146449,0.0988728936371004,0.222741065990783
71.5434573778322,42.7871967416885,-1.39319437099526,0.983405124135326,0.0416754123675205,0.125884979732694
70.3106518891033,43.3591211094849,-1.25009947066641,1.06420885801978,0.125650175931572,0.256631432544319
69.3733916768533,43.2398583157438,-1.5841916095826,1.12612378781824,0.155892351651326,0.248552575644405
71.188454591055,42.8443755128639,-1.46000663869309,0.860490169403133,0.0559378512201275,0.259964186410776
67.715685870062,44.0885615192965,-1.76732728672957,0.463356494381774,0.53892811666384,0.136663536322116
70.322491908594,49.0342382623881,-0.979710105857271,-0.721593382261116,0.293992633205561,0.219935256978251
61.4479212135371,51.3533333438411,0.25242046488079,-0.56472576225316,0.479462313345435,0.153090474264764
66.1052013275717,51.732030824146,-0.0886285845267677,0.296101688362322,0.186369660400761,0.640018591064863
72.1244204824231,51.472793943653,-0.43214632937102,-0.750234885761174,0.0910222033927647,0.0522559235618838
73.3527552518342,49.1598805331981,-0.674069230317239,-0.519212024338925,0.0657492481391744,0.118190878028093
75.8506698101936,49.3337915490857,-0.750916812616319,-0.339606137383804,0.0804367983320747,0.156411013246374
76.2739166478598,48.2296425532121,-0.900082065942047,-0.265972989294796,0.0505920609987892,0.387525131481851
81.3437766897434,49.3138638210426,-1.78319684736375,0.175380906141565,0.294851667796916,0.0330717700656851
74.2028415434998,44.1134038714904,-1.32945602451843,0.669495795646429,0.0872071109384742,0.00469955093946071
79.2486659963992,46.6759120294164,-1.58453258494629,0.916829151869599,0.343280477165772,0.402413027156458
79.8571214366151,46.9921454288332,-1.73694895493694,0.767761844214242,0.541327026669773,0.144040523430573
80.8270709650777,47.2027730819536,-1.60631156004143,0.664024727907015,0.456939715134511,0.238648269675509
79.8880737017208,45.3295464640685,-1.05392314771621,1.99387503879937,0.244836979709927,0.060342956076693
82.5843473870615,46.9649221452169,-0.290623036855414,1.87964933730302,0.0903159971536979,0.100209246840581
82.7072658678585,50.3220758572902,-2.50511784640564,0.395616492648711,0.173279891066615,0.27047495705767
79.7593546968706,47.8361977916896,-1.71084715147466,0.493003378763964,0.320989798616605,0.217866721941131
81.2537662091958,48.3611479676147,-1.68220229776912,0.166342058647978,0.0595859923678673,0.283820321538017
81.1247385455636,50.6383704825446,-1.95086145887825,0.347497785499902,0.199595299803333,0.115960653347337
79.7840191453806,49.2496872583357,-1.37772261638923,0.188388783086956,0.296410098368856,0.0478779905164251
80.7495416324094,49.8083922039075,-1.68545163616209,0.204052897647885,0.182356627937633,0.0404715110756737
75.2221420109185,50.6464286017733,-0.719599068596,-0.631377496244844,0.0455482268612922,0.202793005382755
78.4017684651893,50.4051441056536,-1.08701019855959,0.0173588566471262,0.0499117060013135,0.0354832499199795
73.3801951067324,51.4435620242014,-0.532178154076353,-0.81405148162865,0.0404061221610599,0.165250275373889
82.8276301544432,54.8988289509154,-1.42017073718505,0.291518296633256,0.083722189783915,0.096216919287711
83.3222433233214,54.6985016767886,-1.35173906686212,0.187771848200645,0.160653302918673,0.0526018693302814
85.5618402345092,49.1077252321726,-1.94400465057112,1.54424212987646,0.363129656584873,0.0209696763082804
88.7476989794716,47.8751853139805,0.558342135143395,4.55097625018445,0.10779421395704,0.049752576069879
86.8611780320151,48.9808202056807,-1.02945456794492,2.64397828550953,0.0910441614771613,0.0124424814394066
83.6290522218478,49.9180185981141,-2.71430769092514,0.243613024941381,0.215521420797452,0.0449950235813969
87.2539464866012,48.4441982679733,-0.205488820886453,3.70403000463811,0.185313797678455,0.0702839402815097
87.7796029464306,50.2153548788906,-1.59408576917882,1.29645105235669,0.160548118311746,0.417255373100543
85.2082154382339,51.0334407700836,-2.61370235235295,0.0856237012654214,0.0926206805555204,0.125013211552054
83.9155192026969,50.5363268497708,-2.70439804489763,0.240690243931352,0.178502701515477,0.0756277580790232
82.2557144902571,49.3764649661851,-2.18722906620696,0.156466459495653,0.0541060769875967,0.0881708432872325
82.2324703631026,50.0224877783029,-2.32713561862392,0.355907641281181,0.0714848499558824,0.215085651504858
83.4726966388516,48.7558035647317,-1.97809873279916,0.563224913208943,0.218758585911856,0.211048369020353
84.8647218379766,49.0997631312489,-2.18749510276078,1.07173926705695,0.435624967491081,0.0874588545092972
85.3052249141639,50.2894420332518,-2.70814602217931,0.392535828294658,0.252764895454681,0.175000062483841
84.7332663843437,47.1704068586274,0.617660727148551,2.6744574428635,0.0657051701529433,0.132750635213083
85.1230835227277,47.9808881796261,-0.386461686086663,2.35258054974522,0.0394943045020792,0.0728843242529493
86.5848235198789,46.2593601832708,1.80410756827041,4.68575877797432,0.0367936389051589,0.304063606132007
83.6498230225375,46.6893548058532,0.645248821218003,2.6356735566693,0.047029433526891,0.0269435631947834
85.3955036193815,46.544408896283,1.59766600016076,3.56741497812764,0.104882407829684,0.253491482894992
85.2001345134832,48.3798668220087,-0.994118933804851,2.06393437091366,0.0750057334325012,0.123035660221239
82.5655504872225,47.9858449427431,-1.33226930903498,0.705510067923201,0.0455454308142919,0.228669056627092
84.4860335689797,47.7574473948908,-0.277079848741246,2.06448748888578,0.0633171170508245,0.0205325265633355
81.2014286520643,44.9132799310747,0.190012127501084,3.73897028795409,0.10307060336932,0.0543105572664377
82.3947176650739,46.2624758251315,0.0870344336918339,2.70619498749257,0.085645245674839,0.175040864706924
82.6594420816739,45.15966610449,1.13171282399536,4.5267344708909,0.0254021512199134,0.13714783325994
84.9184336183064,46.2749768747685,1.79962282411676,3.42023531099414,0.110935684700578,0.323237426644418
86.0271335338447,47.26982604497,0.78499316370316,3.71385895362493,0.0400901305200479,0.046100500647741
87.0609560852597,47.7008424398167,0.468650548850048,4.42421753196059,0.0762205898285191,0.0853923476763604
85.8985192427181,46.5643839101065,1.59963048965317,4.00480414028867,0.106501891809333,0.203960864303583
86.770087467098,48.2077867563443,-0.16537583482916,3.60807483986617,0.0737718613254102,0.0763098895901631
86.2934670418499,48.2742571531675,-0.426299973621998,3.1463337630719,0.0333045952578737,0.182663514359873
87.9053537046023,47.912612804305,0.429592088414576,4.97933044059692,0.0804067902935368,0.453487536098818
86.7292300042345,47.0497448906281,1.03123333304344,4.52235058427945,0.0327880987622215,0.0701094438230571
87.5057643056828,47.9649315588115,0.328017157297851,4.65211072416163,0.0980791985319908,0.257164317805908
87.8914740424821,47.6361060344534,0.546150001543094,5.08000603996667,0.0341803631030992,0.33996443616574
89.9395685618449,47.3069715147781,0.571154600734911,4.14476360745338,0.236029813012454,0.0939667285605451
87.4820170006533,47.0782336109627,0.819961994826653,5.04075540435281,0.0998457606438804,0.0595956254450377
88.5971756702042,47.2062950251656,0.499419413024989,4.78434495174851,0.274389806124601,0.0911593536896776
87.6592867292797,45.495793305543,2.10558731470101,5.43840324808268,0.15423794088167,0.314982305263106
90.3482470111968,45.8913360749307,1.90021544928504,4.71043722111207,0.0604827983795447,0.0231434162222913
86.0199164144866,45.3777446572582,2.83752170446347,4.95573338944148,0.104752403565847,0.254768061700038
85.3002467375078,45.2398384421676,3.29189305362929,4.5155064661527,0.401882775289799,0.34170202431896
83.9231393194365,45.7305239650915,1.88457119733987,3.80209059318267,0.0803605385649147,0.0536627994989321
83.9738159332763,44.4864915353107,2.32781480152975,5.65321742516489,0.176127153465437,0.0183097168452919
84.7249174640564,44.3090694814252,2.82913399919865,5.78414345637696,0.0516594944978918,0.180097573754876
85.064372476202,44.4307192054972,3.27063311277635,5.51544647153912,0.225651490610642,0.100778717262162
84.52012047777,44.433277940337,2.85106724581147,5.60890106209368,0.0499487961775407,0.0848716575830232
86.6794059815765,44.0394695718272,2.80005449952805,6.65189543207812,0.137983305461634,0.321733022785268
85.5631700067964,44.3604950345212,3.16530361634446,5.63707948306189,0.0848307846735239,0.151042462699179
85.9313936744616,44.096899639438,2.98014701507697,6.24877865115012,0.0164461902639265,0.00874167924003042
86.3135902886164,43.7919206865591,3.00544575219116,6.85273147370404,0.0742865033113841,0.269508386401145
86.3195435404545,43.1126118371854,3.32483942830283,7.41230482013645,0.247574055761118,0.101533784257618
87.8001847837974,43.6163223298398,2.77332338816945,6.60859488350318,0.168434895599652,0.0523023002302531
83.0718046594661,43.3519163338508,1.55304519198426,7.32690560750508,0.233394126365993,0.0915810696695815
82.7743578385156,43.3630659170242,1.61292783982768,7.241104391907,0.126866242879209,0.0571731950551356
84.3410679636938,43.7173292566125,1.95352880022324,6.79556567946962,0.307740811275175,0.0144509496347802
83.6528468499682,43.6426601126511,1.57062298578449,6.89148974104209,0.331734549051371,0.206277028115434
82.31302303719,43.6945827169943,1.4378424102672,6.64622081105577,0.164837244360129,0.237687909578749
81.1541513486704,43.5404167063978,1.52919209845165,5.99145929008987,0.0856702296147709,0.123647136780513
82.0602050775697,43.1997838481766,2.0360164738029,6.93610199750956,0.182426694131535,0.148715634843429
81.8837559562196,43.3142887150033,2.0164709789253,6.68785187886543,0.231433628707941,0.0599129633028671
81.1741015752115,43.1491692931395,1.80301187352698,6.719027429169,0.211948218525955,0.0821313770559626
81.5017280131034,44.0271989477741,1.12860553554956,5.523205036413,0.030257973542606,0.190837335988895
81.4258946819203,44.4386076508473,0.757500737706872,4.81421832083154,0.0939768398485265,0.177764868712717
80.5913240758456,44.3318796660363,0.364304347773356,3.93867178160946,0.028733717507771,0.130644908555835
81.6316285723543,44.6771187155293,0.681450546257271,4.62137673173709,0.117839822660959,0.157303952001204
82.2837965298859,44.7877431935828,0.971674250952293,4.99363025113435,0.032981925792107,0.197173801662544
82.6716589021181,44.5073477466494,1.24562525940785,5.68373457223013,0.204922917290122,0.254953906297599
82.958807920687,44.3849118963777,1.42624479480231,5.94508513685024,0.255762896890911,0.221105816262884
81.7708554584006,45.1224767108226,0.44588429771628,4.0002767779384,0.114167330067857,0.131483470077524
78.0648209776404,45.7443567870117,-1.29610850557532,0.982537808820853,0.0728924196285745,0.472907065041738
80.6259108337937,45.8701286039438,-0.934762608482838,1.94666487577209,0.204224391040549,0.0703215364783402
79.9228032074816,43.6552352912918,0.86855100760296,4.62529484592241,0.0261518353761459,0.0398311168987966
79.3522040741072,44.3629755429294,-0.626615179866656,2.83852312727744,0.280078135580727,0.162862125794472
78.672413564948,44.2780824467141,-1.01488038003424,2.18107461134607,0.494302912025603,0.0559180265527494
72.8212311320573,45.7867110992508,-0.422174079184795,1.15122370164696,0.44074773316237,1.14461327816832
73.8719080878083,45.5500638546122,-0.597447164041261,0.515479143045148,0.287476480646094,0.176965726606348
73.5614176237889,44.3115963030251,-1.18477531463797,0.772846586396574,0.00494766306503227,0.188334438766057
74.2995294162791,45.0666825019911,-0.954281634745478,0.393998893574737,0.0421886728291039,0.0630371563451367
77.6390906843566,43.7151013669699,-0.480636671279897,2.04296478322595,0.0231843925887716,0.166288001908917
77.979554043235,44.3584697458257,-1.23946946897562,1.49414546473596,0.413971831941907,0.00989733278984787
77.8774351546495,43.3773853532378,0.178698010272621,3.02299868280467,0.0635638252352849,0.18426651764518
72.8936908866882,43.2631763907534,-1.30242891207074,1.25135877088712,0.00478844519916369,0.364351179224191
74.7966491471002,42.6747451864057,-1.72643009729552,2.75514823274574,0.069234365258805,0.184885655671488
75.8855770619908,43.0865271076432,-1.04950657903529,1.86582133317922,0.129991065497596,0.0942288942980566
77.6566412213713,43.282500329784,0.0119989868956126,3.20965905036387,0.0984658887607289,0.258843886299802
78.2249736757883,42.9613207167192,0.762933218758354,4.97579465162042,0.451613563308284,0.239540392780086
78.2012213743193,43.1978672863418,0.652488747916459,3.7740548134987,0.0666573075496991,0.248690812718058
78.1849177249481,43.52733867885,0.266322718397574,2.82374764428758,0.0728844282977619,0.0667347313165792
78.1662348676004,43.3810105381154,0.465595749344628,3.17129979882522,0.0557119600105331,0.0922382349123363
78.6408129875932,43.4985667279143,0.565855640949857,3.62597251332576,0.0721689094479182,0.215201231218399
78.9548962828281,43.9155515423942,-0.118876723923377,3.31289509773752,0.08894270347986,0.434464978439798
78.7729944445599,43.6132933143246,0.419165690267888,3.68315782801368,0.0985749410528962,0.441736461565083
79.6710403381608,43.3412473339958,1.09879495687684,5.14400816114601,0.0101358503958148,0.0783555920091325
80.4532069958647,43.7222889232838,1.16032253544437,5.02741950455188,0.142918156103218,0.0289964643686457
80.1732908201653,44.0177380298505,0.567859678739374,4.00517976186862,0.114793112178545,0.237687618480803
78.817451653352,43.3466171028402,0.799096825051058,4.25163842417671,0.0686842669464766,0.136056424780604
79.44584706246,43.2824963696945,1.05454316796193,4.97884580136304,0.0212854235133626,0.167261058340588
79.860475304931,42.961657575304,1.50568497346812,6.89946415666218,0.0466278647266064,0.241445506245264
75.1558008042918,43.108315353458,-1.38636725824891,1.33597052101192,0.138000037518193,0.0988634994798774
74.9570475591123,42.7544043233419,-1.6000203162708,2.12140587151849,0.10085490730703,0.0622026773999566
75.0887124936269,42.6661871613088,-1.41462544971969,2.31474305570413,0.154070992067304,0.0843596668955753
75.6709325292552,43.0795513716912,-1.16306694626685,1.73906019397191,0.109422315393141,0.119002108119389
74.8554474062268,42.7390758708465,-1.71795667167412,2.36951986470069,0.0490929853319289,0.0734781761253522
74.6528292616598,42.7964757139283,-2.07028733086601,2.25972874953574,0.384115337777518,0.0136860748186929
74.6610528543021,42.7458071968689,-2.09978900327786,2.48070403790423,0.321971577037736,0.044871770753988
74.8011846468901,42.772198549759,-1.8990640118784,2.38405402020338,0.253205072759304,0.137525107209376
74.8030848296254,42.9702752128601,-1.39676259363563,1.52036290424559,0.0690877283983695,0.297903844926105
74.5796620821953,42.825660621259,-1.79430699773792,2.15651456888251,0.0435985806237262,0.0200460162009941
74.6183259064827,42.9245911765872,-1.45295202677057,1.91879288497916,0.221570858370268,0.0260936992330066
72.1601710334963,42.5738300164776,-1.2079331683116,1.35542397605989,0.0516669545081127,0.0271289498745225
72.6471133526587,42.633739984048,-1.16511408238467,1.46800380956847,0.0501001378369727,0.165177258709927
73.3124693035665,42.7427845018414,-1.35620256660968,1.4203287940332,0.124225497586136,0.107452853150793
72.9434745524226,42.8973853742673,-1.28317605708967,1.48261828315766,0.0466743862781903,0.407216967520415
73.433070727054,42.5870327138959,-1.28304823102408,1.62882348728965,0.151749027862276,0.232884747622424
74.3061013161602,42.671655285715,-1.6981199235976,2.31338974071597,0.18730095866936,0.00117069579864738
74.4064693935579,42.7674906983744,-1.71777309777141,2.21314934997849,0.0246318009711379,0.0181702658811307
74.1841364577946,42.6856238128115,-1.53196283209881,2.19868194172074,0.0207039870629031,0.035703888144661
74.4683474484627,42.5961665964953,-1.61848927370178,2.60708400130491,0.163058017105208,0.0573145323860936
73.9337041479821,42.6230902706619,-1.32506698289955,1.98102694091019,0.0215846346812793,0.182776750736235
74.0689896222612,42.6048789075472,-1.41047929301228,2.20528213113461,0.102657060768866,0.0837066687362431
71.5916371800953,42.454696641487,-1.39016165816039,1.27505915825094,0.114962969575212,0.095071521401005
72.3909864490178,41.9131137771101,-1.44434980004595,2.33348186655182,0.104273934709962,0.142739920040755
72.9169471809472,42.4197152897293,-1.08089859263283,1.59354460527805,0.0646884736639818,0.0957917887476507
73.1056783970729,42.3480785283859,-0.940898336944861,1.75700212497948,0.070938322922848,0.216654441186057
73.6471946893172,42.2932813508561,-0.69062626407076,2.66892143656797,0.223594608614658,0.0792304208309203
71.9089160652009,42.3865502817308,-1.31182029786542,1.46734418986218,0.0972550939168907,0.0226328251191858
73.7812290941612,42.4136715185678,-0.947271152846403,2.40765977632452,0.0516416442082193,0.0603070148763614
73.7174110355127,42.1540076761355,-0.556462671882727,3.18630172961167,0.247352107844179,0.154256379722275
74.0139919987732,42.2857004778043,-0.735151795533853,3.02703070054412,0.09424286438075,0.025197903719854
74.1003104529783,42.0653546111042,-0.85084283925242,3.68304446361926,0.219153639832159,0.0325357884430843
74.6118390996099,42.6894575266388,-1.89848706063679,2.57679626988806,0.104110383423906,0.0346959823003699
74.7255395600669,42.6806174666112,-1.77190119588,2.84642981662205,0.11876946418393,0.246203741186419
74.9004645477652,42.6230347610945,-1.54822316423507,2.54079176980719,0.0383208933691438,0.12314076932517
75.3317635255418,42.6961907572813,-1.14673058904833,2.34858742197329,0.151975232894353,0.0604184505473717
75.1275662827509,42.4161411733395,-0.727068281226576,3.30090321699324,0.208801123085707,0.100166549347095
74.9779309428238,42.0256978301123,-0.676606450411147,4.45228321852972,0.0925629806279049,0.0426501453621958
75.0400969357588,42.1636198689577,-0.625903447527992,4.09586741455207,0.128363514094001,0.0764819223040014
75.9479217727878,42.2031982136673,-0.223440308673954,5.33248431832682,0.0788099878043027,0.102255766458771
75.676601257458,42.104300929629,-0.564093017538192,5.30188454613266,0.0177977487216921,0.0428941313550792
75.8864640565473,42.0097483590263,-0.653954856706686,6.3063891909749,0.0580334412392574,0.109587610706951
75.8252717612117,42.0905342334954,-0.528584096251339,5.71774618103358,0.0295403081743594,0.0679078070736467
76.4135202162186,42.2113456007606,0.08047155127721,5.70381410014764,0.0831251129025336,0.318833192662924
76.4111326357306,42.0689406662558,-0.130204320314945,6.67243876649842,0.100520107653762,0.0930633508472201
77.1062308962066,42.0343355972336,0.386572778726162,8.78265310070321,0.0568119989032095,0.318087339352859
77.1365018070237,42.1836906221717,0.385893613315568,8.00764831447059,0.0291212615544177,0.291076553038414
78.208532235119,42.227130244231,0.458123148790793,9.24825112401368,0.0756452201712825,0.294696611564182
77.4702459115051,42.2212660463452,0.294209389096472,8.32185508547112,0.174265589223546,0.294090061790588
76.2499858256118,42.2654755307287,0.0721383311440534,5.25158304221577,0.15345046412301,0.162162758521454
76.2510293054402,42.7326777966576,-0.227066716047815,3.04474588996138,0.130124293285865,0.30395449736155
76.1157662188129,42.4717573375152,0.19886796257786,4.06949205471842,0.437275115588956,0.109258283957472
76.8964290584872,42.5902154355356,0.0762611199614557,4.68510296472563,0.0922930445528103,0.555305100942043
76.1934002849256,42.8926433122837,-0.614893665167526,2.47458090373755,0.100327999640597,0.223148798235926
75.827918084555,42.7517779688372,-0.664045846193162,2.59617910196353,0.0632230436231668,0.149338202229156
76.3637734159309,43.0325392711817,-0.68528460077652,2.28443690364354,0.0578353702379531,0.188413779631615
76.4664671131487,42.6956676446793,0.0154067043762657,3.4755531102366,0.27436602226345,0.371180352736567
76.9188201820866,42.7676469704522,-0.0949375778650805,3.99440544669677,0.083707560313065,0.470271133183083
77.0834616047508,43.1255498428494,-0.370554986105783,3.03346281148622,0.052551654700935,0.267536247667578
77.4756160378773,42.6654656378047,0.00370214449487189,5.82849742924893,0.0825260238945431,0.146369206764884
78.032004349738,43.1695771953646,0.516323344457064,3.80278944847838,0.139867044151039,0.299035200879107
78.9033151316762,42.9791655473401,0.920105996013684,5.48082756506925,0.0536661259017297,0.199139736530911
78.8029942550228,43.028524857954,0.960937089954469,5.18592251730075,0.0990881514287923,0.200676938253286
78.7000184458181,42.5811139326697,0.317496827976928,7.88041405099682,0.26126063737966,0.374306305520475
78.8071692669526,42.6870789123261,0.428997146227628,7.28410718750699,0.190235297822144,0.26952989654089
78.9623932868249,42.4488537767159,0.758767426800876,8.86958068282357,0.145463236823014,0.249001254003815
78.9605346040381,42.7278633334589,0.648805455552317,7.04863300902572,0.117678787407522,0.0326666330732413
79.3451961172955,42.7483833313567,1.14632324390137,7.31042463223431,0.0414135603639492,0.0267800189669155
79.139918244151,43.1302058042538,1.04280076617017,5.09560647740737,0.0331150904947556,0.206300227075076
79.9916718222144,42.7107734218869,1.75281496963138,7.89023345445728,0.00499882943084327,0.126677669487701
80.3945669075874,42.7285756186989,1.94352100913412,7.51712540905069,0.0304650682661582,0.330626891785354
80.8667900702235,42.7524020171668,2.09738908566726,7.50002761303072,0.0258016421138735,0.308021743893773
83.847735717182,42.8719035212367,2.11194315543625,8.28861885390131,0.111440366937656,0.275140521936066
80.6361091617624,42.8645109782586,1.87057589983004,7.06899402628541,0.179653179673116,0.383810895965423
81.8921960805956,43.0084776381732,2.14309063371311,7.06516044698978,0.127531331412374,0.307237442981366
85.5954325576361,42.8944980930962,3.07827873807014,7.94681690896113,0.159961139410774,0.109142061345361
86.3174494040661,41.8565485643426,2.4832574212848,8.57090887274252,0.0718703488752506,0.0464088026642125
83.4882821267777,42.8012565738628,2.03132249041237,8.28997763621973,0.1310415738497,0.407310741858893
86.2397900910803,42.8271012122962,3.31559925562651,7.73432558052887,0.282862395626942,0.139218924943159
79.2156174603964,42.2921868132704,1.28420887733488,9.96144981635531,0.102766444581562,0.261101821694431
80.1364637555272,42.4090966963047,1.97774763630823,8.88646313756227,0.103118740103,0.174965323714635
82.1038762415766,42.7099269829369,2.21283105077499,7.64380290082431,0.0981949926611227,0.581004358383012
79.0155351043651,42.3011622259312,1.01416117025267,9.76122951354897,0.0226851219998829,0.23855051300675
79.9349963231376,42.5326218147281,1.79665926268552,8.63388973271418,0.0564905951959447,0.108364680543985
82.9305826141247,42.1467950599114,2.26981088088471,9.59614546504655,0.100771462280409,0.288949358772415
87.7191828637278,41.0842551048225,1.67968831563808,8.26546544820066,0.0276169554748727,0.135645096675241
88.7829189985772,41.5208694155208,2.25787270973039,7.40027163070691,0.186932188121536,0.0301018758165425
90.5754888412922,44.5882037343438,2.63449185986791,5.27357063861235,0.196099454944114,0.0832528767572571
91.5660349368483,43.5103071559862,3.31160932555005,5.43803453509782,0.225247578198134,0.155296552033366
86.9899579889279,42.345766811345,3.03975942173424,7.81547624795369,0.140116221783146,0.0354266362059714
88.5548148854808,42.4297667950815,2.92756557192068,6.99045362299454,0.0569237753165065,0.136071098563801
86.920072024893,42.9431315714561,3.38545578753568,7.42973917942256,0.274028628228556,0.0375462533320494
88.2560046216818,43.4973994773553,2.80688975104559,6.60899642767441,0.16752252348103,0.0481867986281699
87.6931873381858,43.8079313065599,2.58986702255849,6.50940101557035,0.28016362379732,0.0417674949309284
87.1839291819543,43.3840016339822,3.12105828581653,7.00762902546076,0.0455437972806123,0.0730448942294072
89.8370504741255,43.8610934670033,2.75397230140354,5.84116627308303,0.0748485481997757,0.0711186104526091
90.5208215847649,42.9571985671981,3.13178315056083,6.14276058896057,0.120977859793773,0.0891711539071595
92.6201620555495,43.2475726035522,3.44185957744138,4.88817637957957,0.314051164882547,0.249460718110086
94.2373300616505,43.5920932612974,3.30093844792201,3.63557956874992,0.0607493414895483,0.253989860192725
92.0221626057296,44.3237745849602,3.15337697802528,4.96191469991328,0.310870260081712,0.295044955246361
94.0499683038321,42.8808732215011,3.40254333349898,3.61554306531052,0.29878113776513,0.110099086408439
94.168816756452,42.2081028094838,3.00018273907502,3.5164311384889,0.192860889797081,0.282928660592511
94.4114073697061,43.2835599794432,3.34457054643868,3.39318675285401,0.105166055586693,0.045849852453925
95.5540176143644,42.7571884959698,3.03393411772461,2.58911056696613,0.0406454835098305,0.0793641090462286
96.9642598370134,41.8067005494659,2.71559977220144,1.98477148433062,0.0109319160935158,0.140724039063245
96.6619507611366,41.117031353349,2.39386384544842,2.51665403758504,0.0164635493141646,0.1357752865638
94.9588072329929,40.0996142901226,1.94366371220543,3.98863610722453,0.166559353288376,0.105425611538669
95.2985210665525,40.9570024602808,2.11575739971856,3.28057721322198,0.0561961119681123,0.109515219648062
94.8037547444741,40.4725877364535,1.84852398922623,3.75581808298677,0.11546427911405,0.0652998419414327
96.7013517899274,40.7815464879623,2.23666985895269,2.68590406612842,0.0461762848098899,0.0632947019946272
95.9899394853619,40.5518500395837,2.00526642228472,3.20813334117548,0.0434303385484097,0.102432352731869
96.8994161833254,40.301478882266,2.07625071870063,2.86737213002469,0.236150190210455,0.0607675800146552
99.590547332549,40.5835195667985,3.55054349843389,2.11691498548806,0.0968985379012732,0.137665692037944
98.4214582749552,39.8832342627573,2.11554181696249,2.0055100635152,0.360354386803604,0.450098554405832
99.9279400019298,40.1213482391752,3.26110782783816,2.09563370546819,0.199876781189829,0.201182678098839
100.185625234734,41.1115622948322,3.85530081943367,1.62664482087867,0.045154475729846,0.054742316006451
99.2909412877537,40.4976824637571,3.3002023233534,2.11135305815834,0.0751123668117527,0.133675206930651
100.030303187008,40.8978746699397,3.85657245103301,1.83774535558076,0.112052649299431,0.0718501550232185
100.72216082437,39.604311959439,2.58748129389733,1.08519560441225,0.317027154153113,0.104335411362543
99.8054317630388,40.4805911610703,3.54184192038237,2.10097303212801,0.0712230852923342,0.119945599842638
100.240534509228,39.7783837654877,2.5912674774526,1.38756087414511,0.19248953363606,0.218414529135409
100.351186148371,40.2998920183717,3.59838331208947,1.73119085546925,0.207087941513289,0.186266609989894
105.155857318793,40.5208362399391,3.47736496304026,-0.628622086358986,0.217047034067208,0.10242896153053
104.589675681466,40.6744841324376,3.50122835878617,-0.300591832659149,0.0969799545575614,0.0343750205778876
105.781418521379,40.7516631181644,3.6465835332421,-0.957666981232437,0.0475663554173966,0.0225209358691909
106.576004338808,40.6289637242034,3.58626153662713,-1.44733153244643,0.0774422810271223,0.0855523327908217
107.340924673063,40.5968224611159,2.98441379326719,-2.08729855194906,0.170653078928792,0.170162243292234
107.553076482691,41.178608307032,2.57842679896943,-1.84297991274234,0.290281052903906,0.0627183390133843
106.55624807245,41.4290415568156,3.64630492392333,-1.26752734047215,0.0689661550629629,0.0269056739479921
106.80128673524,41.0020292091498,3.48232823757381,-1.50644766780086,0.173698404497746,0.0321816593409885
104.423870643287,41.1398792578098,3.5166931930571,-0.231211904737079,0.108811501514774,0.113857285437816
105.329593656642,41.6068662663759,3.6685860967184,-0.935504904019942,0.101326767837394,0.127342272721717
106.133197520584,40.9610958003703,3.76541434800115,-1.16535961651675,0.145263104006458,0.00704992541392142
105.500944269861,41.0933508106363,3.74886511631559,-0.92463170299111,0.0665014672731151,0.0668197790437798
105.895322843499,41.3008614147092,3.84833916971867,-1.10448631456895,0.157511565621645,0.0371984809830092
106.860241024164,41.4099070472913,3.28430728320789,-1.32473463783954,0.236464470339848,0.0189230240481994
106.041444291782,41.6140687550333,3.767832384768,-1.20042765296403,0.0600814334708803,0.10323264920309
107.288017705215,41.849483534895,3.38363831932917,-1.29125387843423,0.0740066101083841,0.0522623708967746
106.717899979483,42.0065317950317,3.62067241085245,-1.17347945553349,0.0257661067452314,0.0797360846216949
107.945782727751,42.3334292011002,3.60590953515462,-1.49925461604728,0.189188491119065,0.0172012749950496
107.939371193306,41.7187598928129,2.94707405187788,-1.71937800813633,0.196644765713827,0.0684127040629341
104.708249567926,43.518236861314,3.22211037646987,-0.70090042610742,0.0534976897103804,0.140982752455837
100.919297015496,41.8063921080878,3.78034077819435,0.953466759731491,0.130372471329573,0.0990018718175456
103.346621438957,41.6542496495095,3.78279429329418,0.127269685483652,0.0097423797692255,0.036235633915079
102.909650454993,41.6711983079048,3.88200078234547,0.287102527000637,0.0178218961891013,0.0341228253440171
100.604357579483,41.5671705933548,3.82417637614736,1.22028564372895,0.0568557768017037,0.0558098628481457
100.15026986549,41.817478581477,3.65126691884325,1.28989496035604,0.10752867033169,0.305406737064088
103.110630786054,46.2929406368268,1.12405608581694,-0.898221065781166,0.577630067534086,0.314454461336831
107.043762587219,47.757849926902,1.11086051124899,-1.31362589525105,0.0859916122330061,0.0530915355662509
100.476119334765,44.3757035336439,2.38739501928184,-0.47666774832747,0.293792682673154,0.302399253672346
105.964237476735,45.7682874613393,1.54831320208652,-1.13717728052213,0.313454401646032,0.0258904675308033
110.009111355401,47.1471812864432,0.554407828451755,-1.68576965479627,0.662252575040894,0.180311014884103
106.876265939863,48.0641246645658,1.09886517032471,-1.31095012609859,0.172455503395795,0.0482016386756159
103.716338236578,48.695906660997,0.475858390298189,0.0214347018420809,0.158035680858059,0.245538133102659
98.4817877666637,48.3731780135574,1.79822859827719,-0.482333420766671,0.539822176756765,0.717599359674964
91.505296214443,48.1428941923794,0.715998844471618,3.6001024729003,0.00241445804552549,0.289662298805828
96.2073038194802,46.3444876786448,2.3898680146546,1.91351485319854,0.109218241066286,0.441845109636579
94.257408481202,44.3177134582828,3.13595708707859,3.81280564763776,0.0425850196300491,0.717907440897406
95.2142873102713,44.0884525186143,2.98619012426468,2.94844723543483,0.239597129736112,0.360431815017319
90.2300529375769,43.7673625997322,2.93185363840835,5.80217925102385,0.0207465565480838,0.0259231040768481
91.1081068822552,43.6451956918346,3.20794950844012,5.58921352874712,0.182034959749861,0.0979526445650834
90.759786253971,45.9909158670969,1.99363559065037,4.55849550848341,0.263797640933843,0.0433950248858812
88.9258947954091,44.8541998949284,1.91842351521168,5.47709615525574,0.455319358222553,0.198532310121112
90.1906491300092,44.6356757959107,2.41529862777303,5.3014172193912,0.0536428365134412,0.0138643404286113
89.7910650488819,44.8994938124392,2.05222245060524,5.18387748763838,0.247228899859124,0.160878226146886
88.5896135297965,44.2858370349308,2.07083883284243,5.95176163525854,0.545800529179719,0.0499233902064582
89.0629924129919,43.9680486532746,2.41172218197308,5.99483309166278,0.333158534861084,0.0806666416776796
90.0625344694499,45.404903411383,1.93241873073429,4.94677972537826,0.179699752401505,0.0451304509395719
89.0100761329027,45.3936614063018,1.88381220254005,5.27816295265604,0.235738172192505,0.145119701034808
90.1297868567636,47.1508205995835,0.667032245960642,4.11335778570593,0.265250496571762,0.153462148490886
90.3674548146048,46.3502524072526,1.74423716471777,4.48362386198996,0.297339418173667,0.0681490722957323
89.7633076540297,46.2629439040452,1.59022776047079,4.78327627133903,0.0593662303626861,0.0955458269883913
90.1674344782541,46.6977975643083,1.17645684793631,4.33271284495661,0.0351848030021242,0.129686652582309
90.2151582801354,46.0986752236426,1.86255394720792,4.68607745668728,0.198573106230519,0.041744958656087
92.0411276137031,48.0035964134945,0.680094563651769,3.73762001619377,0.2364793742603,0.658471223560886
89.4260504546222,47.1429269123647,0.550204881437833,4.43955155507998,0.304779972977491,0.0718632652495012
95.1015937809849,50.5744778203372,-0.131922001375324,1.80849629923154,0.213387059328445,0.485419963519676
92.3334010291212,49.996650007792,0.360596059176146,2.38153928324848,0.353206024948973,0.174284613962612
96.2450932274257,49.7724761423562,0.21417499697716,1.12661098121337,0.156422139081206,0.374763214988375
99.3419724033777,50.1796730277884,-0.390143151702129,-0.978698523208289,0.0627969354960505,0.681711880049553
100.399271182268,49.6096206993792,0.34525604692138,0.0269862916216919,0.133785516075771,0.0320210359399943
101.774604981404,50.0291750560724,-0.241823901053252,1.42404092165942,0.221213539125983,1.1441467118106
102.553125803308,51.6143346338184,-1.64086919281745,-0.0630584757603545,0.101850493286313,0.191849778569917
100.342078428387,52.8162245618113,-1.66011053300328,0.301406795085705,0.145258793978505,0.343499886808661
101.15489888271,51.5320551107746,-2.2215973851453,-1.08328424484359,0.421644268636591,0.359622032821001
102.497142533202,51.8726675875809,-1.96071044693834,-0.536353721683989,0.179827646169488,0.045549337080223
91.3615662667784,53.7402098946546,-2.06746525069923,-0.598684141858592,0.0370600349636149,0.134288237827139
93.0551534893814,53.4757161512745,-2.19127524109707,-0.108956993793042,0.516509962884138,0.107131176447697
92.1585020831485,55.8611737404548,-1.94454580171053,-0.955192351292852,0.0927539371490917,0.130400176533625
105.273664235034,53.8481498503997,-2.36298038658504,-0.164019021177576,0.0758724419818952,0.0537131301647255
105.339367132125,52.9040170128464,-2.43810960512727,-0.0674316216941666,0.508345006153333,0.155173024153787
107.906028951083,53.1054621180634,-1.58873817569467,-0.467735678531089,0.0873175863602068,0.289535557952718
109.510836444185,53.673178069994,-0.750545553483794,-1.2602353000191,0.627555793467676,0.276070665182139
106.385361962652,52.5971969258697,-1.51697003226694,-0.190704423535395,0.0798644973887014,0.163579977390055
108.131766855244,52.7647855060051,-1.32939792783428,-0.822650281196956,0.0566336042467565,0.0918821664222063
108.931591619849,53.4048648750963,-1.12515130701171,-1.09306974878632,0.252082122477943,0.228132725517762
104.981277338161,52.1335690745629,-1.13453978563057,-0.137072719094603,0.116728587787193,0.0318363564954968
104.295803988692,51.8213965919145,-0.801929629086604,-0.0500927860346025,0.280937185659407,0.111837795532989
104.001143714905,52.0681201853326,-1.42058908637503,-0.0666134234852259,0.0962621138798521,0.0221707320411596
103.04924655948,51.6172967461494,-1.27760899872458,0.170917717332214,0.16206505799732,0.173753848727635
105.666858081276,51.250065674593,0.250710779868282,-0.923292251237185,0.398067135526415,0.573749940694582
107.99841468763,51.9821933556769,-0.723683054346465,-1.02411353204185,0.0980804788753425,0.226350814737825
105.604736166105,50.0903587845051,0.776991232192583,-1.2043699606752,0.262328206893343,0.412581450911454
106.592545814892,50.7014718063935,0.722844952095341,-1.34861129860834,0.470027525674864,0.393207464815331
103.237376814681,50.4263064471146,-0.0431033834179823,0.93963386605796,0.0483229812033516,0.450133418539715
110.74886588538,48.808540952075,0.13651722197167,-1.8382720581386,0.696069143954888,0.68125737866924
114.358923260433,48.0058241006228,0.0166744069088129,-1.32470198353116,0.445515351053682,0.365892577705659
117.018844586261,49.5285608998509,-0.220341870645775,-0.787438196779288,0.257817393554684,0.026498800393145
116.724531238729,48.5882392395489,-0.0499726048980496,-0.752879819324291,0.128785706282252,0.150544844135393
121.418688512346,48.6479543568866,-0.110902839804869,-0.445727483607552,0.18270556815973,0.0892561225428119
119.811503405102,46.8594030176312,-0.0837948794291779,-0.697777067477751,0.125538902029513,0.045602692407962
118.09500797041,47.7958425236446,0.02412044119914,-0.820160419046346,0.057066840788939,0.0789135795525052
119.70403239872,49.2247189091552,0.0198673724363853,-0.779198097933614,0.0639631452494845,0.0734267140743328
121.475319287577,51.0436462149462,-0.497530940425059,-0.148538936680632,0.18551623424222,0.349568185714368
127.320020952326,51.9274385419701,-0.836001977974341,0.733185859406714,0.225695602046552,0.201802706230419
124.025469543782,50.4734167470116,-0.435104801893503,0.0454037262675826,0.0192212148550219,0.193488789695915
123.237256342295,53.7343462914723,-0.463266976756266,0.351044372112121,0.240839684235808,0.244875809780265
126.206267469489,52.9233526208777,-1.15030138174612,0.100092453431283,0.350424403863577,0.565702118343537
130.17463918233,50.5726674218297,-1.27925776926271,0.819676549970966,0.114138830762298,0.208229732275692
124.537595504691,47.7901037222754,0.153608282752182,-0.475185661232061,0.105850459707639,0.104258020001702
129.314862481049,47.9687009945473,0.191440371467601,0.464860092650941,0.478767304915846,0.0837796142036778
131.056809918612,46.4230320183359,-0.754049648621332,0.248283868715564,0.0797052652921369,0.0408360677213338
129.774319039764,49.5238109964167,-0.778412040965133,0.565910307476557,0.0424780995092894,0.120855585054153
126.624942841435,45.9146695049818,0.319513420767788,-0.0201020217376667,0.0577119108664646,0.0230510490256365
130.308812066538,44.3040222861675,-1.36467235041666,0.270067732251511,0.16620905419867,0.116319864785489
127.781390389169,44.1188048142206,-0.731009851061701,-0.44951290771575,0.224167406448929,0.207139973958965
129.692184276306,42.9342621390373,-0.737518146658901,0.231988065946704,0.131482748889558,0.141274704106242
125.688265147283,41.9385256615618,-0.378663078062502,-0.953851763093554,0.0568099887231629,0.211100836280815
127.779753662909,42.2467488669654,-0.535834282123207,-0.408636058852295,0.0194747635222305,0.0402885846083941
125.194712716387,42.9434471095585,0.00961119087556614,-0.390145058942648,0.0293208196987621,0.063347248054243
124.732335940846,42.1080608141675,-0.239981202941421,-0.727574166695016,0.07859636558636,0.128396384173387
125.824007117198,43.6291905354754,0.182355824232313,-0.178083393632837,0.215712796461742,0.196199328637095
123.257855027575,42.4926999954295,0.246341415356834,-0.100709921852476,0.00766953115703582,0.28938157900194
120.751554568604,44.9130179311062,0.45643673886111,-0.151536272064512,0.0562529948914423,0.20803313507534
122.010843100797,45.6835319680044,0.12419178247222,-0.128887550190645,0.234541342182131,0.131808453007017
113.561513780937,43.7427988331758,1.76688682307399,-1.5254851534615,0.0304909768022476,0.00850520370749202
112.473683652427,43.8554034662874,1.67368800627469,-1.28395483397645,0.34448213900666,0.240154740399654
115.632242054701,43.9964929011715,1.25594418540916,-1.46752017289186,0.293142626318953,0.17976065131844
116.766444646875,45.8118611979203,0.301748471964683,-1.02981467623268,0.354977513101071,0.263874775645302
110.633660019771,43.1235639692403,2.35897344727905,-1.60230432531231,0.439515516480938,0.0931460802906842
110.623544615067,41.7825302353371,2.87771373427666,-1.63128901337217,0.0409509517211532,0.0181184491057323
112.37527488785,42.6114774093213,2.17221899376772,-1.26095017221086,0.168109187404486,0.295251287696681
112.841481674058,40.8311247915086,1.98328687116547,-1.32418339623567,0.101245829191865,0.0463025345319172
108.782649689249,42.5674736082776,3.36484675275315,-1.6451934652802,0.0681820141609274,0.0387511976500478
107.624326271837,41.9029956208256,3.34206559215087,-1.46545864320146,0.0317278138780445,0.0299573231742511
109.701849461595,41.8064619399967,2.93338126460446,-1.87865642851867,0.017906896267361,0.0145342106763589
111.701075738916,41.5714186134932,2.62437234553864,-1.52272948876419,0.132897128424041,0.0388347365015736
111.534389159656,41.7192220411724,2.81825323461767,-1.47611857541898,0.267550165063322,0.02372647032677
112.011310876895,41.5898060977774,2.61923176794126,-1.59850941982435,0.331708789864139,0.123586606067999
114.137548679902,42.5814603788792,1.9305637311326,-1.82937164138535,0.108084275875337,0.234290816750793
115.401505030519,42.6660996557432,1.75405468061273,-1.49601522092214,0.00898059940881932,0.0394338345337199
115.890699114914,42.9530793898803,1.7625291068274,-1.54850256757026,0.0195043828176782,0.0237506662069136
114.84622598398,41.2416640496915,1.77272972385821,-1.32227711103841,0.0340724610368279,0.024296453275747
116.105548275272,42.4852369921581,1.64666371377643,-1.44343967719947,0.0189489697008301,0.046334677339122
113.384022580428,41.2331535214314,1.85295126114693,-1.32138757458629,0.0495956864122682,0.0967644987760226
113.868280602644,41.7751281008221,1.58603470630929,-1.48209881975473,0.200947393273675,0.010438515911942
114.336658818226,41.3967530995882,1.76657829763229,-1.12178222414166,0.0185946574190982,0.159407398362001
114.647212293038,41.5876811672123,1.48143041557171,-1.22512317995583,0.234924511575679,0.070570708929007
114.35445858311,41.1622615432614,2.050671688491,-1.19442441460772,0.130299459608237,0.0924402832037783
113.342568618445,40.9768732022472,1.96243133542364,-1.24295296723682,0.100401558252672,0.0990205752980413
115.88818438318,41.4920332308432,1.4531782044715,-1.12170776067241,0.0309555890620978,0.0213516885307654
114.950461599514,41.4802916108251,1.64846950915231,-1.25950734166402,0.0318055334310521,0.0368500400542945
110.44785769311,41.5549240421502,2.74857112251096,-1.6002274233271,0.0467383767446096,0.0321568681635927
111.20767703943,41.3244876113528,2.34707156077867,-1.35479753581912,0.165420754983775,0.0585037999997211
110.943562979278,41.8225148441329,2.87150829927362,-1.49321463636173,0.0744884029209465,0.113465489670543
110.633343090772,41.4181247636108,2.55521736452651,-1.44981456928186,0.0262451002147316,0.0467501398812367
112.659655853982,41.5262744960412,2.13122156582431,-1.48231761521777,0.118326491540398,0.0629439044212567
112.640673217052,41.816415114736,2.17111858038494,-1.45032742327622,0.0751208174855011,0.0920391525241728
109.735234809643,41.2869967825033,2.42412061648341,-1.59583727939396,0.0769839532506935,0.0504575309442149
110.058836741334,41.6563530476687,2.78451732759172,-1.77770227023083,0.0733467355376775,0.064965221219475
108.482110918578,41.7726404617159,2.88463144717589,-1.799547172799,0.110681109969107,0.0703382124858653
107.861203336459,41.3812210201386,2.54993807090011,-1.79937675217509,0.282855937723828,0.0128988177354237
109.073193632501,41.908080542562,2.89742789445691,-1.73937206837128,0.154885909110567,0.188545201691941
109.290203234202,41.6012273689666,2.59892156464004,-1.70309414490347,0.165963241759394,0.191945821867735
107.4399436248,41.3890208848802,2.69787078831516,-1.60922827270001,0.493578844727588,0.0115791471562512
108.104216886109,41.1695033414569,2.37794482982693,-1.87983471525458,0.183776799530932,0.0519974098264059
108.580702990791,41.1275892571335,2.30145263072415,-1.87959584293278,0.164493003854172,0.0538092481397859
108.561035891822,41.5236753611665,2.73618772737422,-1.86142865232752,0.12580548808861,0.0957150074262673
109.598619125469,41.129212068821,2.42562484638225,-1.59207076316249,0.0931319459195594,0.0205347508121794
109.187216753145,41.0859699940293,2.31295264330762,-1.64407072118131,0.0950162213252336,0.0143051453390265
110.200553798533,41.0930901477891,2.22148823256739,-1.45728099301698,0.162329572756756,0.0516061904065634
110.288022845215,40.837617148588,2.05722159242321,-1.28146494271616,0.301434337404722,0.0330378265930805
108.317543796447,40.9110231095956,2.2663138000841,-1.9189108077274,0.340570094979033,0.101040444940743
108.751328989989,40.8139582889926,2.37687271992452,-1.67712665199413,0.138035393820566,0.0180558231574391
108.865767466276,40.6902935484121,2.55932570416546,-1.48424595836783,0.0582054460313181,0.146959328637891
107.140813954711,40.4361323069,3.26371716339113,-2.04081005680983,0.11226794777149,0.131937282287351
107.259041824166,40.7303723136878,2.9861043453371,-2.1264625479989,0.0959827282487161,0.295015241920042
109.666443018961,40.3696147974042,2.87082971976741,-1.38175725861485,0.129356471692672,0.0745912597690559
109.546108194227,40.5999810532062,2.44140200963058,-1.59614758534631,0.136998376586118,0.184358376443174
110.005042757707,40.4673736673155,2.60633691142967,-1.18210538317762,0.0160991483408716,0.158162180055637
110.017048844343,40.6030942772828,2.35830524577496,-1.23166317535415,0.11413664309092,0.114399400507507
110.994101121649,40.7191765324596,2.13016827345965,-1.22702310364889,0.161945944467116,0.0448869544352303
111.587972417352,40.2432815497612,2.58643274524901,-1.18888211017872,0.12709904794263,0.163656445472166
112.202135132365,40.5553210873462,2.1957146805221,-1.43720248925916,0.128061335302754,0.0826017879857779
111.706062009386,39.991484918411,2.92484356960105,-1.3691614742625,0.0796797085784993,0.0259560693905197
111.005744070361,41.107268374682,2.17882176386311,-1.285840628986,0.177731193460814,0.0785224715132983
111.835058407144,40.6321716320831,2.20667591724266,-1.28502161199908,0.0504855400737793,0.113846566569942
111.62175866115,40.8640131749114,2.06617662484032,-1.35964273328328,0.102068496022103,0.0164793851492131
111.963535830552,40.5147538829648,2.31837151258739,-1.35838997844517,0.0448698305728512,0.014336720776574
112.453784835762,40.9465332965106,2.00023926479041,-1.37481323697811,0.037233695058175,0.0976666656434495
113.069278844771,40.7928173959626,2.00298442784172,-1.27421032449092,0.215382565100708,0.0597112987783568
114.075400165878,40.9880388619116,2.09426693119937,-1.26626979697193,0.069059454093014,0.0439062073697946
114.287835179617,40.7991931250044,2.31737555363573,-1.53670155740638,0.0792606105163762,0.101830980435562
114.903325670189,40.9510951214747,1.8673472979978,-1.4238470162774,0.0923122431659441,0.0253683425343132
114.61849225882,40.7040014214788,2.36385732668293,-1.77465235366494,0.156565944685446,0.133985697993563
113.209843776212,40.3756940454793,2.8612335544471,-1.51615118765711,0.245415231383045,0.0515692809991892
112.564017951093,40.4661880210435,2.37051145051172,-1.34460024811037,0.124706510385048,0.0125393298082192
113.228839144441,40.5368918632374,2.56555932120064,-1.29328398579612,0.0901664177427543,0.125448328480872
114.27912522084,40.6622096467668,2.36989787783796,-1.63913905657103,0.0138071223224303,0.0703390236191189
114.166822201007,40.4353271468546,2.43493376553077,-1.64547066302892,0.215023598034038,0.00636816787950128
115.60856635021,40.4300447275223,2.18619495853501,-1.53584789470514,0.00688796636864604,0.0669934566139856
116.321263709097,40.1302940927705,2.3902099707131,-1.64785489432097,0.0748013047714052,0.0141804607712982
116.49852514154,40.5368110187627,1.56108505552319,-1.3683832812887,0.127826408904372,0.0661523182287791
116.287648475111,40.3023066860848,2.32067120386021,-1.72831196746976,0.101980404895826,0.0837255075002611
117.03877418384,40.0810085310652,1.70584908267975,-1.21631918563498,0.12493625052927,0.388350365385001
118.041400632769,40.7562704154355,1.11802121250909,-0.477864914906201,0.105485874478575,0.110519042782978
117.216841565951,40.7629138596012,1.19606542672103,-0.942050562420245,0.115418646150741,0.0584817703676018
116.994525485213,40.4939871462798,1.30390287256031,-1.33882516242422,0.0259675072040168,0.177804810552674
115.411534364189,40.6798973870576,2.0401778335347,-1.15332418705309,0.0378034664543832,0.0637426985973968
115.376431367317,40.5176001173587,2.11064764250027,-1.21555189773307,0.0257895835662683,0.0217023282227198
115.678029203516,40.6575698741961,1.95766403772561,-1.52137723525017,0.0342281811541078,0.173549256847945
115.549712600015,40.5215322862458,2.11937769768828,-1.45495729762496,0.0179604137520841,0.0951771059221775
114.996077801888,40.8331343178271,1.95160953421993,-1.33914790925471,0.0339884172864321,0.0241136825554767
114.80388340879,40.6789306006323,2.21806203851083,-1.54637132008974,0.0614116792526184,0.0507541563900898
116.025403920314,41.3017345115818,1.43278531477212,-1.01542568784197,0.0936713025057047,0.0434632149427927
116.695397330784,40.876458201367,1.39722043645187,-1.03716092419406,0.0740100819255304,0.0835338506049957
115.500783984689,41.8586110185839,1.41849027462004,-1.38054841859436,0.101151578650776,0.0629934859180157
116.779305719965,41.1270223830158,1.28097901755024,-0.889968375013,0.0402904941528318,0.0958085073488585
116.221639149419,40.9319126125384,1.474063375274,-1.01445341509549,0.0678276622243852,0.123772839773306
117.796582429206,41.0729232971074,1.06083162420557,-0.658957709681883,0.0288656768777933,0.00799265135973604
116.089581281777,40.6449037404658,1.71809948284312,-1.18842581472126,0.0923715652370751,0.177295685605328
117.682017707201,40.8630136308968,1.05176715791134,-0.621985570567704,0.0418728538775951,0.0250784997833817
117.674173124405,40.5831462472832,1.1167245000697,-0.428598440241647,0.133205042841212,0.0768967309263823
119.606758044814,41.3343220102303,0.83528933343865,-0.699184491045664,0.0566665073480721,0.0727960018753752
118.894878184547,41.0222865452433,1.02563116381329,-0.744314089747299,0.0357601952898321,0.182626848089489
121.110121718163,41.9289313526446,0.521496692837647,-0.599500968864718,0.0942814413115192,0.149078469601692
122.593817635747,41.8695734841331,0.174573162896173,-0.349766423944325,0.0604260906859066,0.0601805195610943
118.518540579002,41.9113689798986,1.14405132892803,-0.696017101293534,0.0774599190916139,0.0890977976256483
120.788579938059,41.0722841410721,0.547089553083845,-0.709473545879438,0.0981359025733957,0.122935179891907
121.63211797648,41.9405165442996,0.386997982359519,-0.58444520256241,0.11102580147874,0.201684860106983
122.544671131966,41.3396381751835,0.147628864912845,-0.548089351513771,0.0409486297501301,0.0342869499485226
123.231638744853,41.0722990038584,0.0052689881215169,-0.740265025823729,0.0114715731124698,0.012832020810544
124.502550691081,41.3838237811741,-0.262496512618089,-0.902908124690459,0.090578798619209,0.0856906092854582
123.498118912417,40.8849073638348,-0.00703079753064118,-0.848405553902973,0.0229199079033825,0.0130503003960522
119.154240915679,40.976266586044,0.936305871312277,-0.770791662214537,0.0281715322130269,0.133522999487133
122.426116737409,40.5322564457353,0.373917314420774,-0.833328484665028,0.224461084701555,0.0452747156958476
118.358727419189,40.551196450896,1.12807784737667,-0.598733025617142,0.106487459156475,0.175380728876545
119.064447367437,40.3973897419458,0.963823868930534,-0.723906808907493,0.0199235259901909,0.0538331897715833
119.062217931652,40.785989832237,0.967585401781943,-0.795804551527836,0.00966253362778899,0.14601407021168
119.387523467455,40.426347503739,0.920184128909831,-0.748932340681835,0.0360497831711026,0.0462838533799565
121.940511574491,40.8218557876022,0.432549590131669,-0.639005377899007,0.126757102832527,0.103153395340875
122.669648646637,40.3061993760419,0.354043935336318,-0.973922521352091,0.251673284538382,0.00508013100996445
124.156495146431,40.6363233733038,-0.0743860083253598,-0.996396003895354,0.0152706071465682,0.017372110615836
120.034012770592,40.120667873724,0.824694887232017,-0.636971541129253,0.0636984832031993,0.234004543142812
123.598154742159,40.3131024746529,0.103468506722194,-1.01596724207715,0.0775335189426944,0.0414771567259821
118.245858001455,40.178049349275,0.98724107467972,-0.670131467478605,0.0835692823928907,0.200005287607217
119.579430631673,40.1681646948107,0.87826762279513,-0.763377244208878,0.0273431387964518,0.0990017743245763
118.954677935839,39.8822478363069,1.00778399032289,-0.862723763277503,0.1362322433141,0.0774564160640904
117.594177900688,39.9585594681396,1.13104440805134,-0.637205655449687,0.169491374526553,0.0423049140328248
118.026191338828,40.32638464934,1.18354438534945,-0.404951232958146,0.207801965573035,0.10159038086027
116.814658994483,40.3902978720125,1.49529543349608,-1.5367223675144,0.0767844114715765,0.211655908218455
116.214268447731,40.1953507692342,2.51546258202506,-1.65526023361402,0.0755079971667022,0.0267582360040397
116.822217078913,40.2843490316451,1.58549821104875,-1.62295482711143,0.129273518754781,0.297387152228656
117.122471282654,40.3314134985172,1.29653058878445,-0.990066039908429,0.087453621017655,0.208634382826972
116.386040016944,40.3613866341442,1.95924123201348,-1.67967630707471,0.0817310643184653,0.0914217456420728
116.292323152593,40.2448002184287,2.46426581937065,-1.71270422758453,0.142470658930211,0.0336998874021749
116.369353498988,40.2484834329574,2.40987485452387,-1.75541299194123,0.20394261579288,0.11844109357708
116.337574510474,40.0651433955622,2.36085949549247,-1.5961716852799,0.165244666045376,0.0221064456042475
116.11750848182,40.0066533467354,2.63913566531924,-1.42674982756099,0.0752520454670384,0.106603343323758
116.232459680299,39.9971584944792,2.51984444834714,-1.44554194107917,0.0869337802115951,0.0995513775548529
116.559212308224,39.9453048152246,2.52428982639491,-1.39799293755302,0.0198298927835006,0.31303233997391
116.932164109723,40.1415690723115,1.74044820306162,-1.31234709337312,0.0955062165331199,0.223095677907466
117.02313740509,39.8759042625588,2.0622378302161,-2.10009124313329,0.0429049649346491,0.207933931583826
116.898243327493,39.7557872318615,2.28694433766908,-2.58082867758905,0.0484776565488272,0.44190250088907
116.965153974039,39.964768705833,2.0153196433047,-1.61242941654994,0.0390293844624505,0.263571913855704
116.928685592338,39.6464316318928,2.5631550718367,-2.78532926355438,0.133900798574766,0.672644456028637
117.19920920629,39.7673554324441,1.97011904947415,-1.84833147854354,0.0799524525517186,0.234404167652685
116.131084172466,39.8544903443584,2.77684808280007,-1.32420111068901,0.078232734898988,0.0951421021961413
116.027289196293,39.8589073869219,2.85800780642354,-1.36011276063704,0.0446102304818631,0.0794385437863368
116.235410220334,39.9283844456389,2.59514162457434,-1.34795321881162,0.10916049788891,0.144291611968695
116.084081650096,39.6968076014523,3.21410825685886,-1.23621216217612,0.00832084124885629,0.150760364410479
116.302732428035,39.6781657649826,3.19937843995431,-1.13428379003834,0.163295118409388,0.611064177846423
115.831695731915,39.5950048681567,3.38650904075005,-1.3453084841816,0.1571451738547,0.021775056145124
115.26649263886,39.1698714695758,3.74702200811512,-1.38281393211448,0.0935218661785743,0.0560521214246679
115.944850718876,39.6822750322699,3.18303495931623,-1.34568416553602,0.126109998209281,0.0245740095028775
116.294244370851,39.8233576552882,2.8168001862432,-1.1273779084211,0.0497198122407972,0.414218549305781
116.153362377821,39.6341331799231,3.41722534719966,-1.19543707751422,0.141995076157441,0.323871710802327
115.949909071714,39.4704032948299,3.90257781693866,-1.26571573237193,0.287387135431837,0.167443358557309
115.970186025896,38.7446022071178,3.45788055622523,-1.3335034420948,0.219349495131957,0.11355299458799
116.376640683398,39.4238295960496,3.57076358576283,-2.2363406467269,0.299150034918023,0.205870361642218
116.522166379349,39.6681330394564,2.76916346625191,-1.67598155028032,0.0960972535555302,0.423261621391503
118.123735707926,39.6777727663578,1.71678792312111,-0.64426155810697,0.0267430996717163,0.0789965584128937
118.01821942567,39.9068242169433,1.11237132635079,-0.646825839213596,0.255254859375745,0.192204345389817
117.441583234704,39.7060342091002,2.03350158421484,-1.02640383538829,0.093574948020569,0.0964551231082205
118.701726056596,39.997988859168,1.06689252500099,-0.637936849354288,0.0385486714609541,0.21660154202835
120.344690852665,40.1399614358874,0.81532800385064,-0.640957901709391,0.132319778127691,0.240578017453484
121.826408834352,39.451748298873,0.526978026825726,-1.25364293440044,0.0205034259173374,0.0598855728477339
124.567080284,40.0705683454533,0.0233090515464611,-1.16722117035746,0.0618712479399852,0.179742707018086
119.277643887923,39.7192685247507,0.850154419523764,-0.997364166808598,0.3448041979986,0.0503938171806351
121.655936650796,38.9166947250015,0.715420400614813,-1.41717616160974,0.0960020521693468,0.061372566811194
123.021085127567,39.6393497923131,0.332387421852552,-1.16524134356371,0.0758466297486058,0.0206196377628149
117.747817836615,39.1452717563236,2.94644764329451,-0.965872290787773,0.158272937829798,0.232943930709288
118.515321423353,39.5431609772133,1.60201289437713,-1.17811833485511,0.097766479395877,0.200023787111349
118.756778407349,39.5412107899698,1.26959202587685,-1.29635370763623,0.320423485828857,0.254966840571955
118.400677954863,39.0697937309649,2.19291826623747,-1.86466258741931,0.117533334268299,0.572462789569948
118.700663955128,39.1396621081458,1.81281593545208,-1.74003158827582,0.0408045110571385,0.445064626683606
121.480740472969,39.1819739462253,0.643732507820543,-1.3260474651814,0.0670843986969189,0.0529193726960397
119.183993781394,37.635655554766,2.46100478208221,-1.73372492017656,0.336456800537379,0.191018016326269
117.341233785608,39.0698208083641,3.4445903576716,-0.922504544705437,0.219595034615413,0.261818817171209
117.107528774522,38.6291712609734,2.96936362256972,-1.03457786101356,0.362070497875586,0.365345124676648
116.261009758032,38.501151449846,3.62549811726319,-1.51044337745558,0.326253468848172,0.324151594140997
116.828587482112,38.5979911576271,3.11635548737758,-1.01669340225834,0.453471143030914,0.309499591617611
117.165432204215,38.2932881696362,2.94704222164609,-1.43539149115052,0.192060256303872,0.378888804707989
116.826965842612,37.8361018010006,3.23173676995203,-2.05019736416501,0.431451205126287,0.0447487193441833
116.741975021037,38.3144972402897,3.47243695938292,-1.24050768361874,0.182206785874424,0.340223598162458
116.772149495045,38.0139340982314,3.29356772528035,-1.9651391390599,0.368288661739929,0.104902916143564
117.214388335104,37.8770850001282,2.91187347479696,-1.87324545607538,0.341522933100856,0.242819011879673
115.116547065175,37.8960671938686,4.81269137463638,-2.23188709767308,0.278297543419537,0.0449252728656401
116.333289410138,38.2436238514075,4.23350158863226,-1.54896542816338,0.0997592919100537,0.0395336002561637
115.497840978839,38.7593377032104,3.65751239401625,-1.66987140904865,0.195501653251129,0.0202081064509229
116.222488754573,39.3283575015971,3.88328666180314,-2.16223982291808,0.505201585471513,0.308738078993027
116.195888054598,38.8504180108644,3.29876255791247,-1.13065157113897,0.251725293209293,0.353445841106591
116.728547401784,38.7502303170505,3.22161303992197,-1.09834376538419,0.389156277773007,0.192979307151596
116.606795801666,39.3318636768566,3.63638659752773,-2.07532984054625,0.332492237135361,0.159833484177044
116.803347745826,39.5437704869917,2.97085008183175,-2.61595196320504,0.187992358157871,0.374618206895102
116.848087091676,39.088277637925,3.82005478183294,-1.25751758679943,0.352548009938195,0.346850735715308
116.971560385394,39.3948257382502,3.55335452798383,-1.89140346928427,0.404636804516373,0.10617129113973
115.544027164566,39.48069449437,3.54367830134554,-1.47615496859269,0.0848748865772528,0.0848803028562073
116.00703704705,39.1218273364953,3.48283996620589,-1.65535139002481,0.0322301122035925,0.00925642674994734
115.651945864583,39.4011975192609,3.79478176863645,-1.30763580335997,0.0987269636049211,0.0429105399665426
113.502672609887,39.2348869822711,3.62940115909391,-1.76750497651861,0.196519115007838,0.172430570153861
114.13318512982,39.1782991477898,3.29713367579145,-1.91554972477576,0.0804682025075227,0.0612194922000004
113.979958413248,38.5909477488193,3.14923640450045,-1.9821220209588,0.276859865162073,0.102902207393946
114.230681387871,38.926532280267,3.15812148348523,-1.9763698766661,0.329770707995915,0.0431430676410949
114.715977840139,38.9363313743946,3.49142704178177,-1.65616341248528,0.207763635202238,0.0594483367964789
115.456483117052,39.1580841843503,3.9013962908068,-1.30082512219306,0.298851654285358,0.135586005236072
115.020266902456,38.8874246832255,3.69661562829393,-1.54960625706194,0.105152774050008,0.0885213373582969
115.419777967364,38.5754591098164,4.12523803131764,-1.83873687958621,0.0552550310167324,0.0207953476015652
114.081572905096,37.9688650459157,3.46192841418631,-2.10542336363099,0.205205743588849,0.026125742837256
114.381299451484,38.2896002435912,3.73278354724211,-1.83876208040082,0.147272436403215,0.166380749661975
114.029821408634,38.3271199532916,3.31661508406981,-1.90804127005832,0.185397075902759,0.105718963814129
114.307803424218,38.1018304468567,3.67352390121664,-1.8446663912435,0.168418592704814,0.215369329840629
114.044009099332,37.7394007166849,3.53246970678283,-2.20842195347595,0.136249966755869,0.0713126519684856
115.088520915535,38.1608004754121,4.6992699722198,-2.14098692612506,0.102488723918033,0.0302333662727605
112.775388436273,37.426721055786,3.67531726080497,-2.21317671072448,0.0197951790227814,0.0333346786055834
113.485674989403,38.3137655345377,3.14759285068607,-2.35436162763438,0.0995187048413622,0.0284986703319463
113.438151053937,38.4289719131821,3.16295148867641,-2.34248044860306,0.0601099277156645,0.0480510218534052
113.892265753084,38.1699565251861,3.3801096511909,-1.95552822478437,0.0638650485158099,0.138778480744969
112.539198493654,38.6418884623463,3.68867603374813,-1.82903827698544,0.106336886734165,0.0739314703180871
112.613982055572,38.2520819659508,3.53435213635745,-2.09457176216638,0.0818217708212939,0.0196528854107304
111.875297617874,37.3477244058406,4.19283859428677,-1.42885109482611,0.2464428163778,0.212012197823321
112.449540018697,37.6340901108564,4.06126373150255,-1.81029050132543,0.385428793447787,0.105087349271905
112.904440029333,37.8074446708625,3.82165546656287,-2.36301439946257,0.222425249016449,0.111401743449904
113.136293639807,37.83025108625,3.72231406784262,-2.42969516305755,0.117598324648881,0.0892149430623789
113.273672520965,38.1357691920838,3.24375519218035,-2.52494814701822,0.125329915203512,0.149545320457377
111.708561932056,37.5448053708961,3.93655118192129,-1.75348057636558,0.0989364881483408,0.14222955669196
112.14546952217,37.9121189943451,3.64650077353019,-1.82741620195255,0.0869122048058954,0.143155024821012
112.467881459448,38.2770106800526,3.58199995557031,-1.9981379899532,0.115094226557383,0.0899654047837466
112.521992360116,38.4127473971025,3.55525364012211,-1.95204853118705,0.014993937658346,0.0507057404925132
112.487160326287,38.0212080104907,3.59629300425273,-2.06883996557837,0.0918797339190861,0.108087461698676
112.745796168627,38.6893842765613,3.66248913475372,-1.92595645460802,0.0855337586950905,0.0921488547475569
113.31842558864,39.2149704532337,3.49031078761913,-1.80749687599737,0.0550871011999244,0.244523738354284
113.311749105684,38.7263981616107,3.37808507599664,-2.0728214598983,0.0160686425059265,0.0343987083272546
113.028665960606,38.494356141792,3.34422771879751,-2.1783234022322,0.0993672597586961,0.0382804156918241
112.810494863322,38.584278864262,3.55153461118002,-2.02928503295761,0.0138404243807368,0.0625296930113258
113.12274439396,38.7237367492194,3.53039613851144,-2.00553015535187,0.0676216324420236,0.0101108465046286
112.897065937811,38.3719420389637,3.38325132869221,-2.20075001437408,0.0346878005693512,0.0338165143907292
112.725822163835,39.5085035356731,3.08064623383315,-1.83348457125786,0.0612553729384882,0.112261560612623
113.014066422751,39.0549430937892,3.40321191660668,-1.76299929704703,0.10528585308963,0.1664590853606
112.761065448698,39.1505275292565,3.22338824651837,-1.49463346863937,0.0681895757664006,0.208161566104385
113.739650012692,39.1316377846816,3.44000989123636,-1.86730931954108,0.0219130032780243,0.065536042263186
114.075387730753,39.2972901930105,3.45564243140437,-1.87549309238017,0.151905042766922,0.160626623231053
112.722700164797,39.2970340634295,2.88741632560665,-1.74694460568672,0.072255181362117,0.0238132346502819
112.564205679456,38.8791171592961,3.68529864956407,-1.68154837958359,0.156024736584926,0.0210355000627225
112.861597102988,39.3228198587652,2.89367053070369,-1.57793384151876,0.103916752634917,0.113666014140574
112.488558020275,39.4014845872775,3.17884886705765,-1.73729735567477,0.271781599999188,0.0537083278047718
112.967737326322,39.8708918153322,3.06820043475179,-1.70026941805462,0.0390109699130822,0.0754505386869317
113.799679889022,40.0525316459241,3.10161023250541,-1.39665827377272,0.0986877015395561,0.0608155654889231
113.557715955394,39.6976063913233,3.03939914060697,-1.50650780465787,0.0935150773998768,0.0752754475344118
113.829641127588,39.8108309411702,3.06461236215284,-1.31768651966014,0.0490869175978779,0.0787820634943118
113.673996050311,39.8215067384019,3.04267259666821,-1.33243185846512,0.0692751259147943,0.061567571077066
112.986678990589,39.4653542682485,2.86904376517534,-1.64439276034617,0.160015738208864,0.0751420638295825
113.106446655126,39.5001051421483,3.03414176547401,-1.627843541215,0.0410061665457508,0.0769215430625125
113.407010340233,39.645347114717,3.1334707159315,-1.64691521989596,0.00712125327606259,0.117419074059881
114.365927331062,39.4907824387174,3.34296697201004,-1.68337600593693,0.129633325975568,0.0321440343400326
113.818559461765,39.3990511789271,3.43579790729992,-1.60558722732618,0.145169229879598,0.0391999574724725
114.419414021419,39.7748940538193,3.19915028848546,-1.72984312826676,0.0812726123828025,0.219090240941337
114.192647692204,39.4365126294139,3.41418577007651,-1.79232772890266,0.170797618944027,0.132882224035963
114.695482990664,39.3421901993552,3.18275340991028,-1.71897158741584,0.152519448322051,0.0601748893815058
115.100180731377,39.4503972927865,3.33597909791512,-1.58468786207267,0.0734305676922984,0.00738178297017984
115.071676941831,39.31994133827,3.47824204148081,-1.45178034476172,0.0300216294917321,0.106590682938616
115.331450289673,39.6577441387538,3.06635114764089,-1.74310232714418,0.0436664068867395,0.118440764363779
114.99700877988,39.5045943637077,3.19104913027659,-1.61298778810379,0.0617192475101849,0.0352948608976726
113.8067107011,39.6734365907472,3.00690169047552,-1.31920395622962,0.111539716210617,0.131229961404012
113.926354155763,39.6399732095275,3.05273291282308,-1.48617417224649,0.0739356378505191,0.0342226324432888
114.336520184777,39.8833314683744,3.36233512716526,-1.99796327055844,0.156745380456068,0.0409097640623885
114.278456456905,40.008549571553,3.45923472229968,-1.9890104712744,0.229963128722427,0.110784418774667
114.371505667575,39.6778812566811,3.11614661110661,-1.70488418759174,0.181246262100848,0.079287826173614
114.906341827008,39.9520810628531,2.95140650555833,-1.0177007670927,0.0724193127393561,0.247464945613189
115.480212389947,39.8532851804424,2.88964408729878,-1.97875034851557,0.0487937110816605,0.352897472037277
115.461557073885,39.7386095141503,3.00761074600569,-1.83349587613799,0.0281292343420127,0.186899010340901
115.801755762189,39.8817417954273,2.92763160248916,-1.46530613629086,0.134525818814236,0.127145640888131
116.012486452429,40.1028005987803,2.59806501893423,-1.47946129273887,0.0698875689450733,0.0817327738603941
115.603718784415,40.2240210585325,2.37203299074114,-1.63673319149813,0.0846509137059816,0.0538199486175955
115.65559076704,40.0207454006998,2.65868849558236,-1.78904874420357,0.000968135957484128,0.105085063376418
116.049029077707,40.3168616581667,2.22560040920819,-1.52763789296063,0.0465816576464851,0.0787780228880354
115.065774152994,40.1647976814796,2.49801751627574,-0.855120580222629,0.12136382871099,0.2918551050222
114.730937950509,40.2391459542695,2.72510044597758,-1.84644660330565,0.0337260941024078,0.148111952808159
115.230694925499,40.408037859486,2.18605442026408,-0.958238647986979,0.040985707634235,0.213755356720289
115.033836223835,40.4105286689441,2.18234572121664,-0.999511473261678,0.0955591978475141,0.289100007807497
115.226369139542,40.271944939781,2.27907751295243,-1.0490545665202,0.091603429690786,0.102224792171523
115.518848118918,40.3071554038602,2.30188655843892,-1.53151852622274,0.0293757039090527,0.107028955136283
113.10608171766,39.9043198824699,3.04222483780865,-1.67776525327519,0.0176145157895928,0.131784296498624
114.095001182108,40.2191738947132,3.03751134487386,-1.62245706057283,0.161861528191684,0.012105288633692
114.611911237521,40.2744624560896,2.83470759796144,-2.04225463735528,0.039485955607003,0.200682827567511
113.393143859577,40.2383164267665,2.70992241313372,-1.77998474189556,0.0674324259532561,0.114977266807397
114.235565890756,39.9162015772488,3.37450237244352,-1.94395448097674,0.143583040488712,0.0931094159245439
114.195228359993,40.060345868217,3.40911099409236,-1.78926956120096,0.248953452904645,0.0462466690245561
113.303318343702,39.9208810880297,3.0603161732636,-1.64547869623256,0.037783698187736,0.0286065052941174
113.134498909416,40.1441842184726,2.72736806225033,-1.90038256665642,0.160116041103553,0.190688328959752
113.284614793709,40.1570765848573,2.71972084472425,-1.91675880861364,0.167490325781881,0.192688864399652
111.81917281048,40.3102065401705,2.4922263395663,-1.32808462057532,0.0990907336012923,0.0146279153770264
109.748095797529,40.0579960239108,3.23230029183536,-1.32928479167828,0.141496060289529,0.0714830006364821
110.175483809546,40.3080278510541,2.77613329744677,-1.19946189753889,0.0521211086357137,0.130493829987415
109.925427817437,40.2173073682947,3.03076777703173,-1.25899513375531,0.0841209267156386,0.101009195499428
111.115578632122,40.0536540946258,2.97830653916149,-1.16130100547921,0.0294166694090709,0.129178669241329
111.172387360573,40.2398591628745,2.66454753782102,-1.14134880979952,0.0779777792173056,0.132166265705692
109.194281661127,39.8643683558339,3.21969629491994,-1.45672580080858,0.0193977912658586,0.0113002848392288
109.814942352876,39.8933923000438,3.32368034963277,-1.40098057397812,0.0871258088223507,0.050285500186535
110.430608699463,39.7332386610208,3.62769483758899,-1.3021039312834,0.377538897753045,0.0256412543890917
111.701156063654,39.7850039223788,3.12808936127127,-1.51903258504394,0.0322135836169617,0.0678922152330522
112.817490008238,40.0005134937241,2.85102772496607,-1.67270885376528,0.0821795119124965,0.0634497819147003
111.946045729607,39.7825807880669,3.08889844655328,-1.58729136811474,0.0227076636416735,0.112788444833362
112.44103383275,40.0424604695313,2.93323790775831,-1.42305885544723,0.0555278221327644,0.0522078734158606
111.263320335682,39.4089709060334,3.21029732549359,-1.53607723876846,0.00530895222284254,0.0339525698874924
112.204918343286,39.3844766840212,3.21109977961174,-1.67327989922589,0.150898605277256,0.00916445552624563
112.727731479015,39.6394687486332,3.35393279221019,-1.65826617230715,0.307221259393908,0.0705939037999032
111.414659436821,39.2590282072977,3.13519319549003,-1.68502873989427,0.106011497793719,0.108980848699878
111.737191106558,39.300370048166,3.16144888470638,-1.78222478311264,0.0392336582926823,0.163054072348023
112.330384771725,39.7286096356743,3.15645139592309,-1.60557706521426,0.105668410443171,0.0317275665670838
108.118487137881,39.3931656752271,3.45701666478469,-1.82679793558326,0.0591472381314545,0.0456077961070501
108.770160434311,38.7198931230877,3.70473056850732,-1.60338691772128,0.124015929702636,0.168553881663061
109.022770185333,38.6183510096497,3.61007768898261,-1.41974407528405,0.0082416477518653,0.0306335226278692
110.605704553762,39.105180055169,3.15323319444002,-1.28234984554125,0.057160986066867,0.114217213948554
109.674636033977,39.4709667785056,3.16428628105405,-1.38302982196466,0.233119011122458,0.0961851787207019
110.84318172088,38.6756889294703,3.38651908822045,-1.52146770019429,0.136883899552138,0.0485282995651712
110.454151802642,39.5224535018512,3.50217127525786,-1.28805711704308,0.242418326534464,0.0500733718530914
105.530970069602,39.379088952688,3.9622825944728,-0.351008759117805,0.0569337805747082,0.0852539628455204
107.45925863608,39.2750797569778,3.50244793943697,-2.0059585197668,0.0626193440273616,0.0571232860488354
107.893923340224,39.0161827284662,3.52701717167818,-1.81889237148496,0.0208901091372075,0.0505435974758878
105.66696695238,39.252822705859,3.7941262443231,-0.513107162747419,0.0378557342366844,0.0560140577106551
106.300004832747,38.6763616889232,3.25996097751537,-1.52414881691885,0.160583971501268,0.109516371021169
106.471944809574,39.1353738337393,3.37051351752725,-1.66940107388859,0.250415428300479,0.119460942726936
102.64671918881,38.8081967554272,4.10041903254639,0.752174520294604,0.226155999470818,0.110842603440771
103.426885713656,38.7519685329101,4.14965319956274,0.607646552992576,0.178151435182509,0.091773598219866
102.074129778218,38.9169749270095,3.77238849055993,0.776690595673171,0.170893358758951,0.120879729116845
103.463973606108,38.9776084785881,4.31765871767244,0.552303318812698,0.292727243928649,0.0299215462464146
104.007338273139,39.2472628213095,4.23786929291792,0.277637793366005,0.209592756192462,0.0809336397927593
104.94398292987,39.7375902056722,3.99813233407121,-0.10752586417576,0.0712958020533696,0.068540694813005
105.673334492139,39.6062564908236,3.98142600567344,-0.481505477169505,0.0317378953483871,0.130984754214142
107.593359373811,39.8417783212575,3.47420905204668,-1.80107866568883,0.0876626614049839,0.169444972317432
108.036405456238,40.0743449443866,3.31315962757028,-1.7396038304897,0.029057999310173,0.102105826686564
106.298499987598,40.4609529011118,3.71468139816372,-1.19474143390642,0.0851099854937177,0.118317731445676
106.948900254455,40.1122422087246,3.70596127821668,-1.89479891858936,0.0803490136941955,0.0342990170036897
107.173780088886,40.2706700512856,3.44418638463951,-1.94368091594975,0.0261324726513937,0.0241379029115126
108.468894867136,39.9965347389654,3.14646909853654,-1.67098694677371,0.116894076725287,0.0378756903490868
102.919282754831,39.6388864674225,3.71485255847374,0.491157507110607,0.0662803550516267,0.145381845358461
103.290960989708,39.8888943748527,3.78494434704356,0.331347499578362,0.112918046286239,0.128073968069173
103.620199291987,39.7330441416642,3.7753351430793,0.186576884525808,0.130434397991489,0.050212365896558
104.154413052059,40.1627289531348,3.60437430811799,-0.0462354451848029,0.109975613146973,0.0304098334819601
105.589565218962,40.2507383608922,3.72614820495066,-0.583927434958647,0.0243265468828895,0.168884345654633
99.6904294202565,40.2360288120857,3.23208203864037,2.23710675852506,0.0481956315540586,0.181534999107991
101.113679682817,39.5219766880746,3.04018943952645,1.04051082364074,0.0220821461607548,0.10230579459606
102.282849221599,39.3871633183303,3.5803192289598,0.663132761721567,0.106865156751358,0.138673320794853
97.9687517622947,39.5718872692496,2.20173652804936,2.42891990930008,0.39298682163545,0.358169652196406
97.9196341172498,39.8122401286068,2.06080315241347,2.32853653699994,0.391057280231772,0.317795194784905
98.2237354311331,40.0010749794256,2.1835649344039,2.04541343362032,0.303988441081847,0.357307746576938
97.7286402365115,40.162732633979,2.1742811183957,2.29640591678739,0.293770913080168,0.251485587128282
98.8463398766864,39.739856502662,2.22950357202575,2.13693962317498,0.355459640731039,0.470564157991356
99.1573446748942,40.2680796748517,2.93632051280172,2.04064969209252,0.0795207865959523,0.150384480025288
96.5596190508573,40.1343448197483,2.0333260047493,3.18389325033405,0.249854461224929,0.0803290106881218
86.6180532440386,38.6824364911454,-0.421694513554213,10.3270550569377,0.174601733612401,0.149441597541846
88.5247510054893,39.9858233997548,0.610320258548237,8.2814797818893,0.107644449382081,0.137159950152692
93.3294897123351,39.5367067340071,2.31938589028204,5.52605383837449,0.574274949051432,0.563181322161812
94.0802645742963,39.6267412008656,2.50054526137607,4.77724209073541,0.199699477686839,0.324858154598359
94.3901005247978,39.8925275579133,2.07748744905924,4.3539589458299,0.283107256818431,0.194547546433145
95.4337073772293,39.4576981324907,3.25530994474568,4.17983823591629,0.373145912686454,0.372727849939382
98.2912422159743,39.6278667928688,2.09062171407738,2.17551734201884,0.471501153090248,0.491295997190069
99.3610993798013,39.6957420257704,2.38430336483817,2.32683317800276,0.259560147039066,0.0616450686012805
88.071793151398,39.2460675047885,0.0712547684747741,8.94834477648303,0.291007673623318,0.337111246284532
94.8534377024761,39.6411761903775,2.75132712519728,4.42172595126223,0.129831174639412,0.0566952170084562
88.7393277576706,39.0927231433596,0.27698773617877,8.71256280780404,0.726711145826122,0.691796211406604
87.9550778979872,38.8757690156986,0.17325076237454,9.29355548833667,0.459847242748479,0.528685946687158
91.2398751988453,38.870564387244,3.36255909759856,8.83489760051405,0.237206823279214,1.08970840323712
94.1861056352771,39.3905974139028,3.21409772880209,5.05053649073946,0.18206552533178,0.183359712294222
98.4357848627641,39.2488735949343,2.70857761961534,2.54398389026829,0.260306512218377,0.412308634462491
97.8894266316953,39.0506762249506,3.24713489794692,2.96254363894975,0.0669429166574945,0.320564623568146
98.5744858908551,38.776191352423,3.71761808927006,2.9219008892796,0.131002579628834,0.171149404472708
99.8315081471423,38.883731759579,2.98933097612878,1.81472985563322,0.0562776695639229,0.244994317494291
99.5844007871978,39.284935330217,2.26453521760721,1.93350347602995,0.211256682344953,0.229716996356761
99.3404924696769,39.1334293729741,2.59673652603767,2.23061882481849,0.11741379409766,0.150318771227905
99.8140567823956,39.5637681600398,2.18120627120557,1.7370366583981,0.33719422840614,0.2785806633825
100.323688636632,39.2792223440444,2.3810393228902,1.29009024905777,0.216828865560556,0.334668883313286
99.9702357688732,39.4608381157151,2.18153086278488,1.43362942045216,0.261355687696385,0.454381472852824
101.338417389265,39.158201342003,3.21733220558577,0.994533679276743,0.061260036080829,0.0507789406009181
101.958085796311,39.3729643107794,3.58400258662486,0.652655085732494,0.113201826367631,0.00699179650554901
101.348228459591,39.3225838355231,3.35115052717061,1.01332824765938,0.247256708354247,0.101908041160235
100.736451432478,38.8519724899267,2.83163492291801,1.64514238900192,0.239955108631864,0.0991565105186925
100.913019159267,38.7568159505855,2.79815753789693,1.51302015850198,0.441283836219356,0.0236861619257968
101.747962553505,39.1289290525179,3.43432803817848,0.583934105106984,0.013473117593443,0.380225094369185
100.308664720499,38.9783758172807,2.79752874662756,1.57345897930096,0.0429453286502336,0.193368130038376
100.080963829067,38.996282846874,2.72643392878107,1.55537864005445,0.0461886874298298,0.32921922715032
100.891729595672,38.6250907098361,2.95324239000266,1.49929805099972,0.429519153386015,0.0831432062937307
101.113125261061,38.8644365561791,2.76289326059441,1.27185011747459,0.473192338212028,0.0659933933470872
100.434767029529,38.5782433245798,3.35591677476856,1.84657368121817,0.104177022393897,0.0248480922699579
94.5089472694599,38.8904256620986,4.80393643350115,5.41419080227899,0.781565376320531,0.210894770955005
93.9560446301259,39.1273769189964,3.92334880893266,5.60921749152269,0.41141231511585,0.132061540421614
93.2463925009865,39.1777861355575,3.24387733951029,6.17443315238656,0.213889919130737,0.307996554445381
99.4194556620058,38.5504628525447,3.96552553130323,2.42439663803972,0.13746665145873,0.112026739493212
90.8721742646385,38.882165147541,3.06566502300067,9.22745419532131,0.248987203000718,1.01971813738922
90.7607412258856,38.4444079355552,4.79720085618611,10.3693919080244,0.339380335397579,0.685572374219181
85.7388726176309,38.3613366234314,-1.04110125207906,11.2047414033999,0.185906906140315,0.0989242707615329
89.1744260326104,39.1259622262278,0.4304092771737,8.56394098295222,0.909503342683946,0.842824324698787
89.2528490031205,38.8314459874768,1.00744522662617,9.0602118453635,1.00165138120913,0.896394399868643
89.6865745266919,38.6066291135455,2.47187292932526,10.0758870607944,0.627063668108675,0.563286958124249
87.0646550071393,38.9100579273959,-0.193408585039098,9.84398089838058,0.160113845050748,0.185227031278425
90.0209149401365,38.4253087176255,4.13851612085627,11.1951963507198,0.0528070127809715,0.0838431844414882
90.3342864359236,38.2981191084417,5.08700908356875,11.4437764962267,0.336090739094437,0.0645621039108181
91.3064236874597,38.5904323779084,4.43518749104517,9.25402760827165,0.133747984189919,0.936730634664067
89.604873208923,38.2243661981908,4.34445901024409,11.3826736769944,0.0792546241387048,0.118161234339268
89.7915782482274,37.7772423980116,5.73924832363012,12.4549727780081,0.0262953900948344,0.105808537227308
89.4567944454109,38.3616673157633,3.32046532720427,10.6338798018035,0.307131762978378,0.430739816508035
89.8808731015607,38.2848685589247,4.62105810197902,11.6115915840307,0.185399689912187,0.0799942417342695
85.6976542998075,37.6371557724506,-0.713440671413789,12.1245567336557,0.426632209740108,0.335136201973421
86.2791175328509,38.0379548630222,-0.392166348632361,11.3345917813414,0.407497918320537,0.252239796504177
91.7323327183395,37.9584084193634,6.33546429046929,9.78989925768427,0.254457354746422,0.0898078651194292
96.3153310177583,37.2633508203885,7.27165103818361,6.12920330605889,0.42631926123962,0.401391864178068
95.7050841298358,37.4474485383775,7.09058099255477,6.38889741235511,0.206470656702948,0.383251113548898
98.4148420463017,37.6171337226719,6.61328836091603,4.19935724746682,0.177760115698561,0.0531038315629684
100.334758293466,38.0847990140785,4.89620752355251,2.14239637700928,0.0433102783510848,0.0663161199935141
100.466905446669,37.8714365029194,5.72500595194198,2.24925513789768,0.0704978063213303,0.0989155706953921
100.182549570401,38.1713636817901,4.68393284649122,2.13558544690112,0.0175585373898367,0.0482823761520064
100.857267309805,37.9417191864166,5.20328288560771,1.92657587929491,0.157739474162577,0.0285082911682782
100.847263598734,37.7681851940918,5.99041330445034,2.0219817687101,0.0611008031203683,0.0432516876419251
100.437201250576,37.7103068315452,6.40967710905067,2.38157417958208,0.22384744649334,0.0495486625533084
101.838278011389,37.8977486610018,5.03586911583526,1.63307268809081,0.108994410454648,0.0852597891281721
104.140486758849,37.2992192277604,5.32916007687957,0.892470377151832,0.381682495756275,0.379796011618895
105.412954426965,37.6228009573337,4.35591493160898,0.846636522524845,0.0829753883003437,0.172563488276153
104.342994467037,38.1864069476393,3.41942981241821,0.66000039821663,0.0781077105494523,0.0708543472003234
105.565892348775,38.0706044299041,3.56130329585848,-0.0235031037347231,0.220055507569997,0.046449469492893
105.66387204445,37.6822847959874,4.75168266708594,0.251888893692724,0.233464885503178,0.0478195056421189
101.471351107675,38.0296323697182,4.6208104264852,1.64407231843273,0.183563566517797,0.0258780893064137
102.556736094807,37.7055366508971,5.05109160791279,1.34365511868847,0.282290358258464,0.226254071850851
102.671960318114,38.3001123074177,3.76298690191263,0.962576756358729,0.325740513828297,0.182860507488598
102.109792120876,38.5532368535557,3.73466909259842,1.10677142505189,0.0928513810302076,0.0445450370523007
102.279563903727,37.9900457949085,4.46653241854388,1.31066075895718,0.0834428826321004,0.124155272466425
102.95828440934,38.4000842504387,3.79724337907215,0.851424456452648,0.241899200032847,0.161140384579556
101.628604172054,38.2404116617714,3.94386220152716,1.49910069520199,0.293394997996832,0.0106697998297195
102.415195667334,38.5859604306663,3.87750851526076,0.891335498259139,0.0197537710441437,0.183654372085799
105.560101838612,38.7107523537975,3.3095083845258,-0.45652851720988,0.100910498286066,0.087885507075257
105.698975766537,38.3911634719411,3.28803852168939,-0.532850747968359,0.125475347810075,0.07462634610068
105.308864169653,38.0779855360124,3.26439608344851,0.36795499322586,0.288256318140939,0.0448710729293038
105.57839004726,37.921387852158,3.94401562977221,0.144027980347222,0.0983463022681389,0.00588966723941447
106.45665656706,38.6091289185581,3.40110693955454,-1.71541114473037,0.0645415894558103,0.22863057320662
106.395192982163,38.8295064385785,3.23840368069853,-1.66873286159522,0.20844849294474,0.169009883062792
108.161665337666,38.6024896702044,4.00131457258307,-1.78460246484191,0.260603469146184,0.326866227569506
109.444918833567,38.3300357031572,3.60444103494356,-1.34397819107502,0.105763585237107,0.0208860089073325
106.040202106179,38.8870936145241,3.26801365238311,-1.11938773807834,0.262859034238825,0.0285182752968185
107.144024109497,38.5965597079512,3.62285292437927,-1.72025822253403,0.0669349858515386,0.134341107906368
110.202145678005,39.0176719832373,3.12725727978594,-1.29748843240392,0.0587798965663822,0.01325386445494
110.699183499438,38.9417451061667,3.29055370900323,-1.40066875363821,0.116199649116224,0.0423623486372081
110.444388411603,38.709631706112,3.34155438770843,-1.21233613754027,0.0923063514939324,0.082379061587229
111.629886598669,38.6375315134384,3.2156358287163,-1.68095330828712,0.168908467129214,0.0040520598540495
111.675286465757,38.9508590096015,3.43014027175496,-1.62837712635924,0.221963530043242,0.124912590471076
109.61418629426,38.6206362073914,3.38965486860447,-1.35539751946065,0.0456798935238774,0.0640780594868648
109.654077928722,38.2077423505891,3.62351659810759,-1.35090619643727,0.0812212469014404,0.0735944217225468
112.074322688717,38.5088426137217,3.52480071905258,-1.55466965196662,0.0305313255009359,0.0435114947806119
109.944659730145,37.9236821117616,3.7113623301776,-1.40269979348815,0.0264510143714108,0.0751482839541991
111.108056362548,38.2746383083986,3.21543524743675,-1.89532704564184,0.204712706074338,0.258921258573451
111.152431977323,38.5260005161486,3.17624212285587,-1.78922185110196,0.136346713901229,0.0889468566999719
111.706183947451,38.1874088942598,3.49542369775941,-1.36943699382416,0.0151875869191334,0.186545470304423
106.377571263924,38.4580302506938,3.55225439468405,-1.48553777785793,0.0469407621277151,0.106752123810249
106.154036884333,38.4104689208237,3.4829535315149,-1.19065908299934,0.0917703032757324,0.0685422942658909
105.997691121257,37.9472698211192,4.43426369244361,-0.61961713306234,0.0902380282586122,0.0543784920312197
105.65734384185,37.4150166161026,4.84864984102121,0.299607366431193,0.061867876294362,0.0859159438551079
106.586159810802,37.5448831044586,4.51149470439277,-1.49930320876156,0.0304678141375312,0.0227767195159954
106.369737434676,37.9020495901599,4.76797353765514,-1.01297558981837,0.19413078620195,0.0298173529019277
107.450089631453,37.8897172627655,4.10347215064883,-1.34952349547931,0.00684514188975314,0.185164348943785
108.329808815279,37.8980079861532,4.08650973142483,-1.35210478984199,0.0404704761843573,0.0748274119792355
108.55043159716,37.7213578555968,4.1314729182678,-1.30557986040187,0.0253700106401431,0.144608267403943
109.083040744639,38.1724495384301,3.87648073611507,-1.34371167597151,0.02505391208993,0.0871063279669245
105.781223849112,37.5826319629198,4.99380789677838,5.81323864314795e-05,0.309638931599552,0.0440954485328679
106.889231842388,37.18054788355,4.15476402222379,-1.94295085913436,0.135220574612194,0.176695225875788
106.829889275478,37.3567927544578,4.01797458808631,-1.84304090312927,0.295772838181155,0.0770451251831684
104.901296144583,37.5625837675375,3.89389579929307,1.50369247750411,0.582225436194131,0.337595350098217
105.65232081673,37.1576799164565,4.61310876976082,0.0163277916196123,0.400121507584109,0.0900052127910195
104.262008491753,37.4398391228493,4.40614121660195,0.849498518419911,0.536181093948589,0.342902039204768
105.357065707497,37.0076191600578,5.0428207549828,0.261780469978845,0.584139144410785,0.214689395864174
106.368868679243,37.2200252864869,4.39365385855929,-1.96873913429537,0.112440258472217,0.495400171771531
107.770413909141,37.54936747341,3.99935761616479,-1.28763133670186,0.0492429434385141,0.206612662813513
105.999751999474,36.9419300696766,4.46646487180345,-1.27689915601776,0.504314964620968,0.0829311803257703
105.708490243072,36.8466082059811,4.93635733602305,-0.555003862271391,0.501216187544438,0.306129756716784
106.170571458983,36.7534744035531,4.81044548520054,-1.71059316232422,0.334624540576714,0.0945695808251954
105.535168029718,36.4586103698073,6.92559196243842,-1.06928223844389,0.350737358505334,0.132917525325776
104.682461963981,36.4273922343902,8.54323277991103,-0.294468663776773,0.351200778022599,0.237473826424026
104.528208309412,36.4996220353663,8.73093431888875,-0.0687570561589966,0.357995803979127,0.288271759842127
104.399777624405,36.7750954375011,8.46480550213226,0.372585848834746,0.367996015074931,0.503044532249058
104.992309928751,36.6616596489576,7.42197649561704,-0.280830425975888,0.0893976111977132,0.388027844124749
105.495166906223,36.7108838712193,5.97081186423117,-0.525822874634843,0.149618868200127,0.0572109830948835
105.272475210022,36.6774929610216,6.67341911304436,-0.521749178826176,0.0184554183452217,0.3459765303371
103.010641804862,36.6250119203289,8.68711032607327,2.23258791189345,0.348852226958861,0.0572154879060042
103.524270469879,36.9784181235451,8.12192147745663,1.19103878608465,0.0466566933939464,0.398300535774764
103.539322551159,37.258101322789,6.04865568484909,1.21012803061006,0.172783140251863,0.00438036794247973
103.614211111268,37.0780052309183,7.36092932298998,1.075148338482,0.176873865936354,0.29016630409372
103.201454610011,35.7611548974176,8.52413571957645,1.91639685984482,0.140445942916995,0.0453906650173708
103.237636357475,36.737270541165,8.72473889503695,1.96405799682288,0.172215441070356,0.0458547257583855
102.965612736537,36.4165400533949,8.97226198919378,2.52983336754281,0.161405208054906,0.168961048727912
103.738404281043,36.1032645636038,8.82028281201122,1.0768781139215,0.0548867378593817,0.128715423944061
101.334623343274,35.9308025814484,8.91217822760501,3.26588180330753,0.351573569511974,0.259102913480218
102.48911364524,36.4264228621799,8.66895939773472,2.47440235622179,0.324186934575699,0.176525725924017
102.738236328656,37.4243757786937,6.16218438976678,1.59352603835378,0.0173574074407945,0.0373821239461575
102.059045406693,36.45393653872,8.63966621987715,2.70819118409731,0.131500290238651,0.00761858576327438
102.155083248268,37.0520055037755,8.06502053882023,2.15017376330162,0.237172164766573,0.119739349727586
103.094393276424,36.9499345347235,8.10999376435213,1.84680605847509,0.0917217062391824,0.122958317025736
103.207917285022,37.5193759771884,5.24091008692169,1.45800440009368,0.225042848123054,0.0498075364649861
102.522017370029,36.9675676885924,8.08959033784545,2.10785412011366,0.144730762012295,0.168220457627431
102.780701003382,37.6324943229847,5.17197548167861,1.39699454640571,0.263575096108684,0.140774992742942
103.150853292321,37.0765046866921,7.67548306751149,1.66744196341908,0.29144581697767,0.0938395312240378
103.396319470253,37.0874982620576,7.50596956630503,1.27239130543921,0.171167702558952,0.1858139197093
103.508176975074,37.1587258352468,6.86781295206152,1.11812895382429,0.051867049841017,0.193533624307262
103.878687641146,37.4066010613753,4.55195133091639,1.09713557132168,0.676370473638485,0.0395259009234513
103.807048161473,37.1481311632555,6.54733186511875,1.12934378998869,0.455087403865406,0.0883613878621815
103.922587600356,37.1552032418657,6.50429059511006,1.0905942901994,0.370768889718268,0.170024047514876
103.658359777754,37.3014993898552,5.43731505373484,1.19764229223957,0.464643773555637,0.0812411317270997
102.922167127414,37.19271089273,7.17222135854349,1.7457234391482,0.215086385396645,0.122307744476043
103.233902375076,37.2717333282354,6.5299834852669,1.49598025486372,0.208538592781279,0.0525336357524556
103.334372064981,37.2219807868106,6.73739498329883,1.39131367533229,0.247792562698751,0.0179203087611845
99.3176090198085,37.4365600000541,7.22459610275741,3.64178936356282,0.229170242724542,0.0401296500511697
101.144729464509,37.6513716419909,6.40845128425376,1.94913817514386,0.176280220619207,0.0210807355786202
101.422594422209,37.4947632522245,6.92824626521944,1.95216824608215,0.350071124080867,0.049690178804667
99.9578803927311,36.7610767576001,8.43992629817192,3.83744802436963,0.0416237050607822,0.0435741762361029
101.800167831374,37.4298262364146,6.85210135756456,1.79191232000193,0.186289252257103,0.0785157263434497
97.3069146486292,37.3219040192899,7.09815403426675,5.3841670759761,0.172560909795934,0.214196738575953
98.7895642867436,36.943355098438,8.03525365528466,4.83522665382545,0.0156146596007799,0.201604226706562
99.0477956312794,37.469094671662,7.07400007305831,3.83853292016279,0.203015499803706,0.0527620610872093
99.4141705031806,37.2420478456227,7.68516791395864,3.82067148978703,0.231693413414444,0.0107759030659857
98.7555707601278,37.836915622316,6.09724007921336,3.60533446669135,0.230540487071766,0.139079175097553
98.3907577687201,37.2659562829749,7.29992460209039,4.74969307923098,0.0292059874906804,0.119992119282286
99.5677405202034,37.6158646567022,6.79153274952354,3.1406366195633,0.261836264886367,0.117546492988846
100.169106320315,37.4349236127159,7.40829195191706,2.88784660689167,0.39490681239544,0.0453565444236827
92.8242891561825,37.3137707308819,7.95311950847907,9.15764854129927,0.264153943771056,0.970398981341425
96.9680291138834,37.9068231451327,6.09831794774808,4.91954746436661,0.347759659648744,0.0701253314590888
95.5580799796663,36.9013961489914,7.98274236114592,7.00520796081488,1.26679918550243,0.698064455794751
85.5302573592931,37.4521581299846,-0.553113545329783,12.4878845066917,0.269387191750249,0.400400359059112
86.5343507738088,37.3412420167445,2.34103726327741,13.2088926620879,0.672637572369559,0.121760575494326
86.2736217445761,37.7316090710547,0.200823703684688,12.0244025681138,0.271966274231916,0.191194260863402
84.7063441854289,36.9522937968533,-0.378044211400489,13.4895042840952,0.0764285234600864,0.0961500855635653
86.242865895248,37.204355796951,2.30994606505982,13.6965005725668,0.938726194026569,0.269030655417343
90.525385504528,37.512175336451,6.6404082888367,12.2717888709314,0.282080995079785,0.513247106915215
90.5980022339232,36.9456074174469,8.33100412654555,12.3255071600948,0.136227308588466,0.544226948457499
91.8608253722286,37.1104665294458,8.38446334274444,10.4761150962565,0.177984551039912,0.786896168130402
93.5683537179002,36.9831539861761,8.5581586285645,8.37001246178313,0.826717822018941,0.837151902254724
85.0611217954461,36.8941317754653,0.517302727275944,13.8433535701303,0.260905961997906,0.134859318656525
86.2328216202266,36.9705184460797,3.1176806941729,14.4266676105803,1.02401265583056,0.375096805301145
86.0312776583495,36.207142256889,4.17026169289983,16.4648953019992,0.561847876663774,0.670609540911949
86.382873869371,36.6216103777391,4.05672790278034,15.2195093568133,0.154336526531276,0.290264985392279
93.2868595487612,36.5546210948944,10.0751592780319,8.57451297027647,0.728205712811886,0.537212215132852
95.9495786051304,36.108391643971,10.6305365930745,7.09419249469812,1.2554895203894,1.02442324088018
94.8052430880118,36.3631183366258,9.93684147234376,7.5718905384862,1.58985559921718,0.740424236257826
98.5445606224619,36.6277466389662,8.57674058446434,5.42428880662626,0.217940725854075,0.384114938756607
99.2263174488434,37.0060555418567,8.05390507694448,4.34744246242804,0.129691295432838,0.12669195951852
100.326934627167,36.2065785007033,9.0274536967221,3.84091358769452,0.0707859270180017,0.0436145756402545
101.364273792809,36.6257724839022,8.41434559642845,2.97188858837075,0.253994884647556,0.139929006447483
99.7731352295926,36.057273296355,9.30074923215263,4.54751958201676,0.278506940989247,0.171667305064021
101.170911630296,36.588211753027,8.42557525737384,3.06261334109609,0.242591082829713,0.0778188659764347
100.781857682347,36.8440010731857,8.34076587764389,2.95203293012379,0.0575385607583585,0.0279802609845075
100.897985025307,36.3505767434348,8.72045882213751,3.30093097041844,0.0860072003297215,0.107963949038889
101.10966868998,36.4256448907223,8.56804290935956,3.18669977006899,0.199361767855031,0.0305673054244598
98.1700081550714,35.5843231039323,11.6184851994783,5.78481999225138,0.252699168547144,0.327521419364761
99.7489233191674,35.8102472285918,9.73950549604057,4.64320367286747,0.385062115762348,0.232184651616485
99.9993511360731,35.701883631786,9.83115982955605,4.38375138072816,0.398811216960996,0.191987259240825
95.3452545185468,35.9173308213393,11.8985466053796,7.32678180985152,0.934536606617306,0.891850015858952
94.105316722498,35.8481782347456,13.1403266531484,7.66114468188288,0.11221814306105,0.155359818472273
93.4686141859388,35.109435993714,17.848944934902,7.56040475078002,2.2479661065453,0.855135262647735
97.8285915991886,36.0466084971792,10.1915477942338,6.13789704409669,0.539309213409591,0.62078939675263
88.5636670890987,36.7690235145348,7.28272582772219,13.3771281296873,0.0807134654646769,0.132015186267574
84.6505366019371,35.67565638001,3.85991701608267,16.3477227920014,0.794504333588045,0.56390503674291
86.1272605233614,35.8737732914995,5.29761962120168,17.0498225155026,0.569459141749446,0.715276970092573
85.6341980052131,35.577040660687,5.57246419226252,17.3605966511333,0.170747304279313,0.640775207566199
86.1711202170363,35.4600103379895,6.63834921787878,17.5490614959869,0.207070756770784,0.800054397299435
93.1409009171704,35.2561637434099,17.1175953410345,7.93782928776081,2.16713176236267,0.84492178977612
95.3378913912091,34.2838127834214,19.6179664881804,5.69093563695305,0.757491312657352,0.399462731802448
94.2903930058121,35.5304071805298,14.977538998231,7.39269595760558,0.737135367467073,0.0991979728635009
95.0235474215237,35.1663635776487,16.3551667793412,6.85392039196991,0.887967721771567,0.236486925498085
98.1116696901391,34.8476892229745,14.7963762053208,5.20167691553406,0.584095638559,0.244557918960242
98.6070978836887,34.9256926205368,14.0021666893315,4.858127884778,0.681571176565356,0.302863341271926
98.5308314740233,35.1491966291986,13.1337745030163,5.13357780591413,0.346120367729128,0.311510947790391
99.3650273107386,35.4176138290023,11.1405926864455,4.86776437786024,0.168913790363153,0.165999808834641
99.0776591579557,35.2680958549727,12.0239967555463,4.94000968759519,0.106349923064509,0.147465335054734
99.4029430124232,34.2258617707539,14.9016464079496,3.45536990125665,0.893294131798384,0.239707651001435
101.871802895407,34.6679067897892,9.96347470925837,2.24217594681187,0.233341147751532,0.105386723934887
101.136705248399,33.3148567462529,12.7794903378283,0.692731074945972,0.167766313797967,0.0799053917385531
103.741638679738,35.2605836644154,7.79276459220087,0.738589655663368,0.0904782403833411,0.0722311980425038
103.287546097014,34.6876587430892,8.48193420178205,0.942829556987689,0.173959758486775,0.0336282552528052
103.86250250731,34.4641981937515,8.01345185924566,0.119047782278942,0.281024294751047,0.103009570866304
104.05145118743,35.1261562639317,7.58535846569427,0.238151361113309,0.040375030524388,0.0674222451372071
104.294800215731,34.7084522848525,7.47810898709749,-0.338851371049612,0.329942518183506,0.0734342421591118
104.275026372352,34.4302877622301,7.47869143884633,-0.509918749019122,0.211591076214038,0.0308921197155922
102.819771813891,35.1482430223373,8.39827048482028,1.76366197455749,0.263282890834483,0.21150408469147
101.596229302431,35.9303804551481,8.84783930688957,3.18610082111913,0.391250413695732,0.165785379158929
103.638442648713,35.0198156637815,7.93363855943994,0.782097336147661,0.0705308216271403,0.0825158830515839
101.483981396712,34.8699928451889,10.2308980878602,2.95496815122938,0.185428436601186,0.113940726359694
102.090767373632,36.1428524465649,8.7191120183605,2.87982515533337,0.332530801147996,0.126738523040727
101.80562646603,34.889210519968,9.75247500849521,2.68697658991133,0.278768078150913,0.0790594645970129
102.520540493377,35.0687017002574,8.73001139733708,2.06899011721443,0.303950761757286,0.153848466895413
102.217649034296,35.9955193795096,8.84421447179695,2.92270237982273,0.264258749151194,0.107057498236496
102.715573864972,35.9098008223811,8.93703430757148,2.76431229872214,0.0557072121020438,0.120062598821419
102.390248103884,35.2209852019623,8.82373890263757,2.46392784892618,0.306780776598457,0.0463586476356413
104.050380728808,35.7671520213327,8.17130989005681,0.375901326453339,0.00961700754447046,0.0518755773004952
105.040656561962,35.6729390995301,7.08952356733605,-1.11584045948313,0.206261325281989,0.198436881774955
104.60322810066,35.4456245855186,7.29236948769576,-0.545627852089003,0.0570772635072512,0.0409457230594906
104.659727518312,35.63111739068,7.56068013409742,-0.537496846489354,0.0378863702648755,0.0786897412778916
105.25216523702,36.017869347946,7.61417251887614,-1.23437764246048,0.268020580460862,0.213002221696503
105.330947273737,35.9170017482544,7.30416895412105,-1.58358418168622,0.140162680737911,0.0520405613033874
105.85217791977,35.9217429541451,6.41536273337711,-2.50849252029117,0.050706028988013,0.129885029855426
105.962078058637,36.2482103693586,6.05899706505765,-2.04443076781081,0.0591131592634815,0.128677167535135
106.252437793657,36.0752367972578,5.52223050665092,-2.40558621135671,0.276725081689926,0.0605965813063057
106.20571540878,35.9358364425199,5.79659411061681,-2.5128061904014,0.0792279844314149,0.0896009545748215
106.229010881126,35.7045198422049,5.94698916150169,-2.76676268795165,0.119176729992023,0.208643693961828
106.361814890447,35.7989509352389,5.78904754570464,-2.67424673349398,0.0364709880805257,0.173090721474862
106.214567969127,35.5808912116773,6.01498806000702,-2.8471989156335,0.128773265543033,0.334862702383763
105.364633372772,35.5297627667839,6.49015928434447,-1.98359934413303,0.290541429077987,0.0868207015606985
105.769380788038,35.4294849355157,6.3114698516835,-2.48720288157073,0.0450920004408177,0.0187069779846411
105.487521536648,34.7356886055317,5.94803599722581,-2.03582042953088,0.201815116565358,0.0269218645903527
106.121892295881,34.8289018861982,5.66175420921185,-2.45983722371903,0.100874368116996,0.126745829475109
105.008561508061,35.4968213548959,6.8119395975546,-1.24046488277133,0.267145643410785,0.0454737671468132
105.330801265521,35.2054230634302,6.27954959693023,-1.88337679896219,0.189729221084053,0.0136685053577174
105.17526006127,35.292285369158,6.46161962193554,-1.63410263563227,0.196268671778648,0.0221858309871631
104.555849087653,34.736537054445,7.11302440351887,-0.761563757327171,0.20321965101511,0.0199449372757295
104.502654727573,34.2547875233248,7.12249230119539,-0.939524690976473,0.0795632483128039,0.024554566349772
104.915909495406,34.251747554724,6.60170132788897,-1.43994891467799,0.0300115387422906,0.0124641703415677
105.048216724639,34.4899051280214,6.44244408950459,-1.58131899833717,0.00986472321605322,0.0635655599672308
105.097340458141,34.1498484940676,6.39908931226327,-1.63646107728261,0.0172974568049597,0.0161108814847807
105.747827551088,34.5953443749621,5.77420140919347,-2.18285080753393,0.0713186224223595,0.0788993218034741
105.684425622936,35.052083845467,5.91352768523365,-2.30771402200093,0.302067477871549,0.0916656643992037
105.46071847977,34.8942136916385,5.98763811746761,-2.02762002439209,0.27906983132456,0.0465746549165249
105.721243541539,34.7390165258675,5.78212546188251,-2.20148516744363,0.171874459523799,0.0399229410831669
106.549357690568,34.6200744844977,5.67254482410564,-2.15029065156385,0.112033645783765,0.231677466405217
107.384906327063,34.7416995238185,6.06498140297833,-2.21974662813139,0.423540140211912,0.225789190938967
107.522424937548,34.4159033992823,5.46104520686119,-2.53576180767328,0.458465128435961,0.0775520803809621
107.102258412091,34.4819758503636,5.81504797178838,-2.177695275858,0.218903753046398,0.0272219344464917
107.492381577144,34.6560254791632,5.92983290086075,-2.25830158427386,0.256654079356947,0.309707213306176
108.145521842549,35.0384886398039,5.33415445094462,-1.95114390184895,0.158883986812905,0.16827642565872
108.696702589241,35.0935157393843,5.1156984482808,-2.06586279076048,0.11253950687884,0.0418440344996366
107.414046776673,34.4980684293173,5.70688152109255,-2.47369912374532,0.0353153718997877,0.0400088927539727
108.43470963216,34.8504659051694,5.28679313573857,-2.11461895000794,0.0773943303582277,0.102149105768362
108.250410058348,34.6049995931862,5.61373998169065,-2.26244087512621,0.0830613209328424,0.00733760056367456
108.691916542395,34.4493203691628,5.6272452194613,-2.19547575539952,0.0758867417193262,0.132126220137511
108.384976222967,34.5417028380673,5.69660197284383,-2.2381245634329,0.0314629739285964,0.0424891668631853
108.805101951532,34.8999179010182,5.13234905070689,-2.56615780079634,0.101633955926553,0.452456095580518
108.560020201093,34.6287651774327,5.35994151574985,-2.3773115232488,0.178004021207627,0.117110591292958
109.362703245338,34.1713466995526,5.11179939892724,-2.21655719514066,0.100861062148318,0.0609959901403422
110.647548100325,34.5286969499252,4.9133178308852,-2.07458011646485,0.113910856922613,0.0218395920559467
109.755048158245,34.4176898683352,5.06136962495574,-2.21712334156933,0.0684933625809389,0.0728715257118202
110.58557400182,33.920636041687,4.89667559972765,-2.00686644910897,0.0459218516917903,0.00701204617624958
110.943687729599,34.6533390348135,4.85854581232222,-2.0008916987528,0.112480746761486,0.0347129859841892
110.070172928491,33.9265457130689,5.04078742392521,-2.16155609589242,0.0451831546847794,0.0801999587022698
110.223027044122,34.5680624407287,4.98997792086259,-2.18063073118984,0.104591821762606,0.0868175970369761
109.005790202169,34.5062350459688,5.24248168353392,-2.01908873115285,0.199210425061547,0.188775940364753
109.234705970761,34.7455884034541,5.27991733216141,-2.04621610708054,0.0614834523705283,0.0639679435015812
108.957914343386,34.8532480144926,5.19065248967962,-2.58420146185828,0.0235084848669411,0.435603648130089
109.262333904548,34.46919735238,4.99996338998597,-2.20633075923977,0.338093355628302,0.2072392175648
109.799082250651,35.2179638773535,4.73576127939335,-1.50051304141025,0.0721995956119128,0.21141872774597
110.38692867246,35.1726806988243,4.91633722872006,-1.96075768053145,0.12330878966882,0.168100725318216
110.529774337966,34.9793820125138,4.88388384915102,-1.94363611426836,0.0944952611115723,0.0234585795272278
110.856517897353,34.9359112462962,4.7718707210734,-1.92950233884155,0.0570684830075731,0.0736128843543704
110.721818156156,35.1401170622373,4.79877344896033,-1.75654168259703,0.0936432640627865,0.0927225305134761
110.81532326934,35.3670103353466,4.61266906789088,-1.526235882461,0.0338314943606084,0.15208892219396
111.307025402296,35.0263702800909,4.69177943625946,-2.06615519057354,0.0562999537090532,0.0459939241520756
111.239076126756,35.5004613742106,4.3880915179751,-1.84886188618993,0.0827022259254744,0.215612788562712
111.109856706734,35.8133433739148,4.61599413953423,-1.62204557485346,0.00814762908921898,0.127540136882392
111.304640413922,35.2079741550062,4.50954468885355,-2.11081998446489,0.06174663836716,0.0141514532871526
110.09878489722,35.4070900446374,4.78437491182464,-1.73959582970059,0.0557993250866856,0.0754868374099448
110.480062486491,36.0604071840557,4.50373654148425,-1.79541611194506,0.203106400687293,0.151988436557156
109.360362366333,36.1489481627694,4.49346032013036,-1.48282024908955,0.0169965775762769,0.0867417454036716
110.136351896287,35.2469183507059,4.82259903530558,-1.797737368986,0.0307913510174337,0.0375477134098865
108.694793525598,35.5183683936582,5.1693723618837,-1.76648708993823,0.109577038330729,0.0657209630118
109.833268271465,35.5698599196319,4.65222218659822,-1.58356672981118,0.047021164117146,0.0691514455094959
109.010932484531,35.3230098610787,5.21646875277774,-1.97799707471383,0.266887511540775,0.105913202624433
107.731553581616,35.4162083839942,5.2995456501895,-2.14039859070132,0.134070446737079,0.0430571020637185
109.168217409086,34.9676010850863,5.20237779497952,-2.28889990292744,0.14454509479939,0.1925218604347
109.506854368904,34.9850355743729,5.04600913372451,-1.76089339558642,0.0521038425657783,0.138214905733831
106.103351457552,35.1535158697478,5.91227102136874,-2.64366224306493,0.0918612306655878,0.190816558735385
106.739764618503,35.1838583040595,5.69708767780566,-2.73136111018615,0.0812137475856472,0.497270000852169
106.448826163315,35.0933325531165,5.77000359699159,-2.75237349248242,0.0400138982654929,0.443490166666943
106.719699918445,34.8963623025682,5.74187847684045,-2.49967900345799,0.0535596611098553,0.418952558789066
106.329808232631,35.1775330690281,5.87021432731209,-2.70355593944892,0.0347644158049703,0.246178265236992
106.617282460729,35.4096736358804,5.95974209008786,-2.63386979779048,0.229354460925502,0.197705209228259
106.594826903826,35.7434610719951,5.70838192822263,-2.40255961193438,0.0471824737996125,0.0435147269559464
106.647918898922,35.5449794476126,5.98729383481467,-2.42161592923598,0.356016338092316,0.0884948197716746
107.316127305195,36.0634294103649,4.91434400606758,-2.07384135006628,0.0543796287157463,0.0550670369534311
109.412336923486,35.6005957014292,4.77571835968975,-1.38660529523682,0.0363050769307139,0.271244317027533
109.404453197299,36.3629770844503,4.45539862900537,-1.71491375581496,0.0407024357100638,0.044507344604387
110.54435058776,36.4424795487998,4.50140887170402,-1.69406263871794,0.0611069552680412,0.0552319179052044
106.828585613088,36.0389512271949,5.20070268887344,-2.14000352844592,0.0488498799829197,0.0803743476112707
107.564804171754,35.8388066062064,4.96343742000446,-2.29771794132788,0.087962946594157,0.306441901424787
108.670272023051,35.9795439008624,4.54555472837322,-1.60941562123493,0.0679516557921438,0.0650915395388935
107.31826010004,37.0502212844492,4.21885648122712,-1.65946786114828,0.0578131347384797,0.0163977789034639
108.0210706066,36.1520521686524,4.5120723071209,-1.8369660274086,0.113374505244075,0.126518982568898
108.694465910768,36.2667561402099,4.36233596362272,-1.5794384828349,0.0394231099969907,0.015221269643334
107.145875683852,36.8295514646996,4.35308926037836,-1.90955087704021,0.165922686663283,0.176800322045197
107.309959204076,36.6680372779512,4.40252464228435,-1.87659147965111,0.198259835820503,0.142747701496999
107.802323016125,36.9537669767359,4.3116361301036,-1.69336691643114,0.0804465681135495,0.353856860021508
108.751954831524,36.9019772716412,4.3659601708282,-1.27366679595619,0.0545664445857095,0.233859523195229
109.400139848701,37.2799381978418,4.52828961968824,-1.88046641793759,0.23956773113289,0.329395324666024
109.972606407297,37.1380555048924,4.26254633077261,-1.83062206445054,0.0662368470986738,0.0935043041634423
108.111983079656,36.7186274703292,4.506492850553,-1.48105450161435,0.242246214837685,0.077576001619877
108.368405053678,36.3482190326875,4.38366678397896,-1.56569187836559,0.0374416826331101,0.0235227129221026
109.677580039244,36.8415617240744,4.45167286178368,-2.11120336488696,0.0445295019542819,0.405087712399859
109.262667287267,36.7508882860293,4.31604871952129,-1.93798037118209,0.103191778275119,0.312371694132962
110.886113032149,37.075634694908,3.98424825949546,-1.66808036323717,0.325763493614636,0.14140034600062
112.319745235578,37.0106942509401,3.61538767055364,-1.93996436505019,0.0793951279874836,0.164215894909853
111.22752115317,37.4039097198377,3.9248007045956,-1.80119641467937,0.0811508606323524,0.107577102334817
111.712456890981,37.4002996295198,4.10167672799134,-1.59462294955974,0.140329555626901,0.0196879342173271
111.420691799176,37.565375878473,3.89632379759675,-1.78563091333617,0.0561384757714467,0.1396142663852
111.432996584998,36.9936567057949,4.24255837788829,-1.66165875895388,0.0884728566814032,0.0398795852027228
111.443866791561,36.7603265736038,4.20147130556062,-1.80006698308666,0.0304161680364027,0.0460167186305028
112.088895714779,37.4052855954416,4.17558951450248,-1.46630188195995,0.332223135635334,0.247775068893028
111.772014634104,37.1951187502054,4.21264874190164,-1.44161816829569,0.192589899690554,0.237390805143219
112.034292927049,37.0100579104382,3.7294472519254,-1.83298289230689,0.101770398600154,0.0144133173660527
111.457804448548,36.389484450762,4.57777607686037,-2.05598596849665,0.0284025277355278,0.0308344724170197
111.842264000021,36.918225884837,3.88977576290614,-1.8260343961019,0.0163392614209504,0.0265825491381696
111.460781123736,36.1454563143122,5.07219273604871,-2.14568633574458,0.381195144245827,0.0452311884731585
111.593495498903,36.1565199834686,4.86913900195059,-2.26986309651874,0.1878691972513,0.0113935161222905
111.367199777024,36.2842419238994,4.9019952699468,-2.01777242022039,0.30427950425595,0.0388142502663619
110.133226403277,35.9515933150317,4.52926459044691,-1.68387966226299,0.184393132953352,0.112003542940974
110.628387561781,35.5856898146203,4.52673307872545,-1.90620334053758,0.160640901386562,0.356542616620693
110.508944889829,35.6011918385333,4.55870773964215,-1.96576061576024,0.154908434833371,0.358012459246845
111.142455782362,35.6919050005189,4.57379866217891,-1.53186732393117,0.0708591689832385,0.33538053740772
111.640912283063,36.084907660892,4.68554004630816,-2.40529398135287,0.0429168803562079,0.0398938576895744
112.168554149588,36.1147033535345,4.26991708970328,-2.59069685897097,0.0918056076719281,0.0117266482766149
112.995449523479,35.809862222509,4.36175245133163,-2.29809418475312,0.174972644305874,0.0371170440487078
114.115667247857,36.1435278974133,4.60232898696182,-2.90543461014463,0.133645106848001,0.566053024504395
113.288349005713,36.0265480743312,4.29802005680927,-2.46329157944842,0.115307614152048,0.0430093683997644
111.787331371172,36.6081722033866,3.95368229261263,-2.09970103009798,0.220006941333907,0.0499961576059721
111.7891183519,36.3210408585453,4.53299322536134,-2.19988878704845,0.08690178956315,0.158333888282575
113.765805835319,36.7844539254668,3.94081696142748,-2.6551469658996,0.0280155791204229,0.106741388646943
112.385156102624,37.2882338687286,3.79771741020668,-1.88297724954251,0.0642775991458444,0.02398503389203
112.432022729796,37.1580167342978,3.60678087330576,-2.03394645426045,0.0157719769069164,0.0513593863098101
112.905100973092,37.5664591524738,3.8115832836627,-2.28687620812158,0.142647179420659,0.0380886562295562
112.968008399779,37.0630091048401,3.29205581074383,-2.32405263425143,0.177372330403024,0.255703045113172
114.335624840979,37.539280439971,3.69776527290325,-2.08605155713565,0.116170100086235,0.121509787826931
114.585960509411,37.2167177463646,3.79034548866858,-2.25418742902457,0.143826961541159,0.0467713863536365
115.699469886397,37.4932762188621,4.30899648189716,-2.48950767452848,0.189023798220838,0.430249118893176
113.61447970865,36.9337272116302,3.71354172319428,-2.61336544784486,0.0454942772995742,0.045359175728275
115.653997597559,36.508217933628,4.08951077136884,-1.97666155803622,0.220929056543321,0.278013520350243
115.787200477098,37.0376174248708,4.0634006942493,-2.42550958159123,0.117793040125175,0.311741186352111
116.511511497909,37.3627748535645,3.7776335191441,-2.29800317303567,0.0729669417043724,0.0429697774193128
118.426078413733,37.2265908944295,2.94986962241447,-1.96944781633531,0.440113317185442,0.108460595313174
116.704590943161,36.7801663547306,3.69436709847081,-2.32392984999171,0.264079419656806,0.128019289309151
117.724696945709,37.6675058880858,2.93513848755459,-2.10555560358317,0.0603940810222645,0.00492569119887093
119.808783123214,37.176416598106,2.2060396810676,-1.879301028026,0.0595828894376916,0.0552017755706536
120.844093351449,37.2834474961254,1.86956826347781,-1.8716212009262,0.144046820537774,0.0241112600183876
121.022917548306,37.0478055523239,1.87404502811836,-1.88319915891806,0.155569153036675,0.0935869600602989
117.559476740056,35.4369909427943,3.68972127945048,-1.26896083184681,0.294974936479347,0.354953157444395
120.098935596351,36.8193575973241,2.11868390516876,-2.00375728413534,0.015523242697042,0.0257724459200244
119.737388478688,36.4076597314489,2.22008759336254,-2.07158462048966,0.110490959306835,0.0755628396944578
116.724922091259,36.4616966687546,3.34993673289366,-2.54020340146593,0.0749680066102822,0.106356122373549
119.41309570018,36.2675013933314,2.34455872777024,-2.0831582431723,0.173672083544253,0.081493034860367
118.145647348622,36.8997167720321,3.03051010631607,-2.05106227713002,0.335331248253319,0.07199171366906
116.051894356408,36.2623796887998,3.46901446246301,-2.15659572062374,0.108455694773403,0.277825848316017
118.729393108393,36.6942823357741,2.69551395042862,-2.05865727415228,0.0547630993835804,0.155124389813521
120.040058674307,36.3862046420646,2.16715862289129,-2.0754204395911,0.0311943592447051,0.112115024711236
118.466550681024,35.708358576424,2.98593409989465,-2.12491856193763,0.287920401498414,0.284401107060395
119.208784669525,35.6408088618058,2.58979604278449,-2.30177884529389,0.14332885820204,0.0420078853891901
118.034498041428,35.4371754710949,3.4615431655454,-1.89618131287953,0.355930097609192,0.457215266993921
117.2892554911,35.9528377208852,2.99039633949038,-1.85884064948864,0.234450447777416,0.0443711087132626
118.941611689139,35.6955981766597,2.71031572239237,-2.25249999753381,0.187807676134944,0.041721296055717
118.313065177682,35.2057254793705,3.28970087335914,-2.30968203120686,0.33290160374542,0.263730974039898
116.022815476259,35.7140780197575,2.99492731928246,-2.47197465475914,0.278097553491864,0.159617330224882
117.970791068003,35.8213878484228,3.11057100148577,-1.81379823450775,0.328245069438409,0.426900563563698
118.165428613472,36.0868009527301,2.8832335165718,-1.98832900693234,0.270455450428592,0.376920926289344
115.338721390487,35.2920022987149,3.51162188677864,-2.43686770847067,0.114947851615615,0.138139613294889
116.341719270235,35.931028070736,2.83026990675449,-2.64825563346038,0.423989892222245,0.326846683073327
115.759589579448,36.0175102090017,3.36439409470875,-2.07573838573728,0.155062610506379,0.354979610993031
115.752988619953,35.753552782716,3.17788669535469,-2.27628579970607,0.163630794287669,0.12852635415896
111.499510074448,35.962268602651,4.71689202947139,-2.33700799740513,0.0587462233890641,0.127898742133542
111.856332852863,35.7589422963303,4.43090746836849,-2.69118432690469,0.0275418322140585,0.130065836942303
111.919422622348,36.0493435413966,4.31524900642342,-2.70793250106596,0.147798555416175,0.157968320044305
112.27542506163,35.9729369953401,4.29667658894594,-2.48623068164555,0.0934191875295566,0.0801644993568898
113.574747604425,35.9923362915174,4.30845080039803,-2.70436181684175,0.318791794603896,0.324153908750904
112.099115041252,35.7729095447962,4.37750647530249,-2.55773385132196,0.0401596034266823,0.0145825828927097
112.680221345166,35.3534291944852,4.90577034743366,-2.03930201106831,0.126815294291025,0.149609132152641
113.050477831621,35.1573787613981,4.84880976718369,-2.40455821545153,0.123166344738881,0.0823263072259549
112.978888889426,35.5526054004638,4.62224700016792,-2.28381126886069,0.0823044248851516,0.0637124464406411
113.789934013517,35.3152402409169,4.406045542623,-2.586387881574,0.0402400452744027,0.0621648700741435
114.510204275398,35.3884002975642,3.9780605226237,-2.38005449912995,0.0306336249891255,0.138868508185739
116.454317222756,35.4982511492535,3.30084343738831,-2.09300807558437,0.1459850120815,0.267865214869231
117.188151561491,35.0527062740262,4.40135894191418,-0.662054030420069,0.0961875187101778,0.124695374426282
111.869547819183,35.3850705840229,4.56312856852905,-2.35613468987013,0.0527505932017993,0.0180034674391647
111.459782165214,35.3502986627472,4.39795276530936,-2.36677656024199,0.142602253052983,0.149609006129561
112.723655261512,35.1274119792847,4.9210290039062,-2.038915366903,0.0756770411632195,0.17129756950969
114.195702684813,34.7973688400586,3.76908634174276,-2.53635081696215,0.263823901469136,0.14439300461328
111.031332061038,34.3101871530431,4.78673519601744,-2.02429064109294,0.0129399318806249,0.0725689066865913
112.068624000147,34.4975285502241,4.5853497461028,-1.87770384310934,0.013834618768829,0.0432682932263807
114.998017248601,34.7946926125059,3.60533633586846,-2.33287924524348,0.223924226788168,0.101623741848574
114.540332831194,35.0996160892381,3.74521247215527,-2.39179396080818,0.108178569130868,0.173491398232231
116.41626518961,34.9547273224055,4.51996594086274,-0.992799316827093,0.451144791675886,0.107375680551949
118.825300270216,35.2047362468838,2.8884591879545,-2.47475983312265,0.262319709088756,0.0802980092317371
117.678990588159,35.1667758345642,3.93891974995701,-1.47211980464977,0.399271118428528,0.377946556922568
117.54505917652,34.854930015976,4.21509276919401,-1.52181963239596,0.0668891580049254,0.311822938013055
118.397620200316,34.2114355540099,3.33897855105137,-2.58412220881091,0.1262135483357,0.0492823990782965
119.544886884203,34.3097794144341,2.99511574367304,-2.64538507197196,0.139307659926677,0.13848767988377
118.219975504186,32.8590271811085,3.59930964097457,-2.54722474614788,0.0531485870246921,0.152249140256368
119.585850965899,33.2580130420719,3.69764341983024,-2.39754276073994,0.127366814377707,0.0710985881685442
116.867513753366,34.1463687501498,3.93701718879033,-1.19992698452881,0.0834484286665656,0.199681047305776
117.271790821077,34.2210755557291,3.62920171011066,-1.8388219942099,0.282962717644837,0.438673543702622
117.918673602442,33.815769035738,3.6439787331707,-2.30563361711454,0.0488952460963117,0.0678348990708693
116.650809676996,33.3452554887895,3.67162696319072,-0.942690898031226,0.1529358986428,0.14386235639114
117.446199319294,33.4643878535492,3.86023395751338,-1.92463142062989,0.384795496783378,0.0787436233430986
119.193444300957,33.6757082085196,3.43937675205581,-2.63852115190156,0.0203526889086006,0.0502789995067522
120.551151198676,33.0840003304397,3.79024682210717,-2.27427119251792,0.157944229037484,0.076873645113544
119.036632086418,32.7807585714171,3.85194123889766,-2.30768611323451,0.0576728839506493,0.15012406312878
120.011478672672,32.2875815487296,4.15924598032706,-2.196848425403,0.0211713257965071,0.0034769683908879
115.304389602885,33.9215486539306,4.59424602360846,-1.38225961018119,0.102225840184401,0.216353692359081
116.500185472149,32.7917861108725,3.16818036503316,-0.698639736728681,0.30405506985285,0.475036005158738
117.991956378369,33.4351788361599,3.66413384457712,-2.46883082779739,0.141999864504738,0.0869803265125925
115.229841123577,33.2448466029895,4.59744234542466,-1.4672600078611,0.239684779169621,0.13743641634037
115.888228462403,33.1939392257997,3.91994723468115,-1.42451518160098,0.0334913901181177,0.45208955613385
114.497900374119,32.1118641411727,4.14228594647422,-1.84145693027841,0.123395226652026,0.130224602900307
114.219156459415,32.9996482521237,5.04038440189251,-1.90226915321723,0.302926226139385,0.0512012386653023
113.81697281755,32.8637940696915,4.99933161207997,-2.02365899145286,0.393813173420076,0.1353174135227
110.733287317444,32.247689288509,4.58201547624878,-2.5034774282341,0.147387839976054,0.0987231541896935
112.099764239757,32.9702771646204,4.19762966043141,-1.92446628298754,0.132841234143843,0.372195876242326
111.790291484162,32.5227869572688,3.96773348012976,-2.34901471197025,0.0707193113205624,0.0806194332571205
110.626474264082,32.6779101919524,4.44671787237686,-2.38370469833691,0.0989897005241777,0.112568925988232
110.976911517304,32.8617087622202,4.39618845872622,-2.35693361046961,0.102622927921782,0.0735394884651341
111.254674101637,34.189960012171,4.62002326988845,-2.01135656757054,0.107366214398006,0.137805569792132
111.157578534371,33.5218655906719,4.80960074280959,-1.95389952631775,0.132531177632921,0.112041441239173
112.398237225154,33.4114283512111,4.21483799672773,-2.10871361328132,0.214917163328252,0.17566968501619
113.679674275201,34.148672661944,4.21071682345693,-2.6874734179463,0.162544938518819,0.0546004099851383
113.331522293575,33.1101756536931,4.55406849662236,-2.53214184449497,0.103073184427921,0.0976079990129613
112.828213329249,34.3931671872522,4.27713434291197,-2.70812410805476,0.101016041067572,0.244657745657302
114.846212564223,34.2907985196479,4.05052641257339,-2.04797231374117,0.357109978658928,0.101383467895402
116.00802794993,33.9795653146093,4.5692904724102,-0.861539448839671,0.256507552479873,0.0580317425133946
111.654557652534,33.8453171520312,4.49656399474839,-1.88550506747505,0.0474659867720825,0.0866292036180038
112.463816734454,33.7147880122334,4.23002092467504,-2.3337495941162,0.203585150139249,0.045133102440081
111.867180266451,34.0774683356277,4.39836321264147,-1.95325874581445,0.0525747930288736,0.0429327183875231
110.080794244999,34.3252941977602,5.01717053211085,-2.32266512044583,0.0767983025784653,0.219922603871254
109.692123748363,33.4680432705495,5.16820375707496,-2.0855751941079,0.0407773773105458,0.0170459247963288
111.132206407063,33.9278016453233,4.64809276029849,-2.02188122085789,0.124502532885638,0.0986251455817211
110.254114671722,33.7898019804246,5.06852308960686,-1.98827197041146,0.0951952826118765,0.0575284301725401
109.905030661995,33.4267177544655,5.12253277901771,-1.88532598526302,0.0466856550351151,0.124615058653362
108.098439723612,34.3594891192699,6.11553989080741,-2.24042929300024,0.275495102473146,0.0643714316585004
107.547955485448,33.076031741109,5.72226102648358,-2.42818042993798,0.325289354634199,0.192884686580291
108.842041323671,34.0095450173071,5.37880225049097,-1.96693827889873,0.096698885678891,0.218963643618692
108.794001320072,34.3019534877875,5.63553829737341,-2.08528983842801,0.0689841562487952,0.112938151100442
109.027623243221,34.2973496781267,5.11135133684058,-2.01013889217638,0.441505873377507,0.163862652987229
109.289271169583,34.3539660279767,4.96678494759751,-2.22445674979797,0.329991934625027,0.155435543469108
107.41838998769,34.2509035032388,5.43953642377242,-2.56984555154643,0.433512414651233,0.261830986121722
108.289144230809,34.3840643234434,6.0154290733489,-2.20474553842397,0.273958870864626,0.102973440580811
108.619232138637,34.2204838922451,6.01951912608439,-2.05590342279058,0.528831204267685,0.192706768377771
106.757985998458,34.2423285884151,5.57120681017645,-1.76554749751289,0.0505098648987987,0.0953019026648728
107.75844329282,34.2634685711278,5.78688931248999,-2.27528915862595,0.154496050402653,0.117349390583112
107.79772915134,34.4104508882055,5.69359694368475,-2.49814887677136,0.346263768013249,0.108359803097606
106.451118590312,33.900715837005,5.60446716008637,-1.80399796906467,0.0816711972118172,0.131071887488958
108.123852654001,33.762259083345,5.36596256480962,-1.92244901784911,0.135491773647291,0.250997196098434
108.169338573156,34.0791165938387,6.03269281953171,-2.06507484850461,0.476090522504513,0.225102612916546
106.905558866657,33.4969909602183,5.49286841361627,-2.35253624570903,0.180750565335681,0.204570707112471
106.848704205329,33.0998465068968,5.5696249069668,-2.41563449364547,0.107614660562192,0.129903331462851
108.248323281395,32.1156683414196,5.13739357351855,-2.28212538089378,0.0722898450108131,0.0987499907331405
107.374638260756,33.5453375174205,5.48795391208503,-2.38945609586288,0.0780758935191153,0.0701588905915961
107.602010754116,33.3013415022288,5.61181304370298,-2.39916785592367,0.216058257855244,0.177670054598834
105.614468508308,33.2834495932995,5.71175844455241,-1.78728803845132,0.410133636636779,0.189948880455979
106.006585985971,33.3740685638012,5.67353007770765,-1.8789444776577,0.26342472364517,0.201802424704347
106.203738802694,32.9041247263262,5.67689782361243,-2.04924417871632,0.0940822024874076,0.0539077474269311
104.852909403974,33.1786141132639,6.44639550016726,-1.55347808193046,0.168928904008659,0.101628162062673
107.136698345439,33.1488660965824,5.64662226047023,-2.4635097041535,0.0814564056196735,0.0983487161991812
106.627020682314,31.7517832172995,5.96495278834306,-2.62047374968964,0.127799416245076,0.0255619697133695
108.743383675082,32.9133643514164,5.24391402980848,-1.87298834381414,0.0837471143744166,0.177824036068296
108.035397898467,32.4300221455774,5.38589649822012,-2.15402999325028,0.0897802021410215,0.0671991773378346
107.837974419345,33.4314362354838,5.40141167808943,-2.20124793471277,0.0126414811713464,0.0817282836640161
108.312943195112,33.4976809410248,5.17484442593767,-1.81652337034422,0.182165905722322,0.222388789607516
109.180781036764,33.3314387890543,5.26499703533597,-2.18942141070749,0.0277865561921142,0.053287525069023
109.667305359404,32.778917717485,4.86592182837415,-2.0637908219551,0.0255639313152341,0.0495826973493916
110.202074179255,33.1217982213786,4.94418386426488,-1.78094264860362,0.0620377520971135,0.214700881165137
109.411768563023,32.7970240221284,5.06512843803313,-2.36623605823826,0.0457822769018993,0.243199059376004
110.339164081129,32.7597064857663,4.58291125454663,-2.15222905917269,0.0499749789209736,0.0291123731737044
111.131044551238,32.4255966622317,4.36753641340795,-2.4096876295664,0.074332034540605,0.0647377922842924
112.157104980071,32.554707037307,3.63901699965256,-2.45639716210816,0.372461982869093,0.0499361326813853
109.843915918696,31.9629849203261,4.85803630985145,-2.13202648131577,0.0906480482440204,0.0934666471414485
110.57117154652,31.9229919686207,4.72084465161257,-2.52011379413238,0.121241552221228,0.118609774307586
111.701524194133,31.856355172163,4.27811106781149,-2.83398024797642,0.156087808786142,0.313850888105677
108.261622042578,31.7469302448949,5.41463548835547,-2.42410787231015,0.160758656423827,0.123970981142347
108.59272967792,32.495916023531,5.05286016400986,-1.91801578831674,0.0170328380276996,0.172909284332174
109.018996143618,32.2608231238299,4.71869180662309,-2.29093909122955,0.228615962051864,0.0994527846015224
109.137231373559,32.7000027465992,5.07191435192543,-2.38813426921481,0.0612798835446725,0.275257213144703
109.391006313959,32.2565689808584,4.83169079298565,-2.23971392285849,0.0376738594914571,0.0522892157074939
106.999472676081,32.404768557586,5.73048175316816,-2.45757064554771,0.10103318287541,0.0761682305983714
104.866379417185,31.9418863928437,6.4568937898095,-2.48653745232521,0.123119742446635,0.160163119727853
105.067426492665,31.751010224162,5.95833818723715,-2.80299559418159,0.290509411600972,0.315358826072861
105.476864374821,32.1063827402148,5.87115707222766,-2.34913987116143,0.179365636056278,0.147829898057524
104.711388671978,31.4759699203737,6.05599220448914,-2.81150118019888,0.244852847393615,0.074909077855645
105.575605185853,31.4207803659279,5.93151318917973,-2.46376266642804,0.0871638950974271,0.143259433827166
106.200568288331,31.6063421646608,6.04987651882432,-2.524254649476,0.189838587498835,0.0946940486438444
107.089056176775,31.8600985465473,5.88654009455489,-2.67168094526457,0.170544676956058,0.127426615952085
106.469613883405,31.0905978815347,6.21778900074261,-2.79116249449511,0.0417643417434942,0.034906057084534
105.258894056054,31.1218021287761,6.08111959042917,-2.59455647470351,0.0506488873181687,0.0137189075066998
105.50383123563,31.2076772686933,6.05278768831114,-2.43072934101327,0.0457598435227535,0.239084858856913
105.923115035779,31.2510012802239,6.09385947228527,-2.58140526951127,0.00474098077994534,0.0784250403778833
106.118161186032,30.7990890612176,6.36124077597678,-2.87110330770236,0.164299280020942,0.0752461102671747
104.481883589643,30.9992358421321,6.01623437376014,-2.66101437474057,0.187246787498026,0.121066828025505
104.583570246955,31.2472400223264,6.04498858014923,-2.76662887241407,0.208210195654638,0.0808946845674402
104.939753650148,31.3767932456529,5.85365611663433,-2.85476084943932,0.292179064766913,0.162211972835682
104.047612283972,30.7611911812633,6.26338121758031,-3.01005361144862,0.0182410965622088,0.163351077805978
104.574634418485,30.8860290331713,6.01453628828256,-2.59633736140798,0.156673861635262,0.0168227099680594
105.133352177579,30.9599496776179,6.19811652288556,-2.67390803463378,0.047546915973112,0.178046476190384
105.178261335287,30.5939926441308,6.28766575240552,-2.65655982890747,0.230744495775116,0.137297808221875
105.393657778043,30.8348005249385,6.28292328172143,-2.60914145737793,0.0931159700897348,0.00391400323599231
106.067141257936,30.4479707840808,6.19567713963128,-2.92016304791591,0.0336239904088303,0.0734887407875072
106.816777474971,31.042028675515,6.29939309310009,-2.66478507925454,0.155820686539565,0.0324636044701466
106.712327763672,30.8635357196095,6.38892432711361,-2.67878779951805,0.202383372310211,0.0212617249518011
106.472785176249,31.419949986529,5.9705355837982,-2.74876215813034,0.114691905686534,0.0739966213711688
107.151052724052,31.2678345031364,6.04162671638347,-2.64483404283659,0.0460283144576503,0.0336326311952741
107.378806947637,31.2852426627639,6.00268837472392,-2.60508083393046,0.0354288703655935,0.0674076483920367
107.404674632589,31.1139249956219,6.0938394914863,-2.55029246581175,0.0486201672791051,0.0299858864354416
107.667507429297,31.058174917621,6.0513157187459,-2.4805438038957,0.0761629646459492,0.0304543208898982
110.935552499263,30.655661775444,5.72574371249792,-2.02379986557315,0.415082083234273,0.40044556968649
107.240716843834,30.6893412909946,6.17900124405409,-2.41828405781435,0.0385923440840397,0.098084597779519
111.369678508956,30.8155055597075,5.54013135183893,-2.17575511799162,0.315173109608722,0.239741648218192
112.28878107495,30.9255338180466,5.24248334175032,-2.24837448243571,0.178439263482945,0.0613954824201044
112.257898703483,30.086461969394,5.21133741393934,-2.1887822194501,0.179161068588319,0.105559364361727
114.298533336045,31.5899317360381,4.63850880180817,-2.10192180587036,0.178420761585281,0.0587747840896277
115.82445578724,29.8377248202431,5.24023854077795,-1.75077556683684,0.0352736775819229,0.0293970461610913
114.817618859842,31.9013494181906,4.26608746734888,-1.69113702139792,0.0439547214576863,0.190883788270031
115.550390101887,31.2828814340954,4.27589054404305,-1.75832063553625,0.0666375980987956,0.0373367402953469
116.007764058979,31.0401945303696,4.50323417092195,-1.83435931142009,0.0240515224791671,0.0966659479744762
116.900443860098,32.4310380218481,3.32992445517269,-1.64277511332468,0.192763098567226,0.111858898941852
113.215234140523,31.0745861279139,4.90943260785524,-2.27731978053026,0.035431780699974,0.0956214923694239
113.943265119565,31.5006857218772,4.60675684183334,-2.15260719608827,0.0297557248316099,0.0121511291512421
114.996685219482,31.3635321205326,4.32484453604529,-1.9999534711144,0.0792665371906596,0.123615472754649
112.359717529943,32.3940495496401,3.80865154416119,-2.5778799849599,0.20317113358035,0.212925693487699
113.470611176278,31.6306376602742,4.49700976978367,-2.20375909644858,0.0367146306604407,0.0723365088300754
114.203297710924,32.4379177007042,4.27554531668414,-2.20155046758666,0.0624817970272566,0.170995564992043
112.858601438298,32.5746237716631,4.14807399007485,-2.37128963961263,0.0546220919105927,0.0362284649366785
113.678517480282,32.0966297334916,4.18677447104203,-2.36578067874126,0.117337927940755,0.191238197704018
114.231939227029,32.1515690346437,4.18628901292784,-2.08413028987774,0.087312405680105,0.0292290878988831
115.559152701304,32.2221849348467,4.05831635644977,-1.62779474021713,0.0524017340804658,0.199298729528467
115.397036976422,32.5659663020752,4.04875730971336,-1.79062528331965,0.0433000846339099,0.366101698034521
114.459860967112,31.3809910710823,4.48803277790083,-2.1308229135167,0.103901199689855,0.0786203597917994
115.208192523089,31.8499134295178,4.19151093618972,-1.64109796815291,0.00551301328345524,0.0342709609778151
116.041265144083,32.2127812975461,4.08120101950713,-1.48806930455045,0.207664805732006,0.143216214435021
115.980702190022,31.6847017287662,4.2038302592374,-1.72527337580131,0.135971354797779,0.0747154604791854
115.87962715122,31.3953466765737,4.26300493783651,-1.72286120973871,0.0494405273542433,0.0414054189269
116.604288955164,31.3428901724656,4.30251185244594,-1.61769384531177,0.0603687393372684,0.219596855305548
116.320079377469,32.1321200308014,4.01440577407495,-1.62901489991041,0.192400227542968,0.226358354194938
116.966567310113,30.7509018575756,4.99452671485468,-1.82427720850264,0.225435543632464,0.0827302409685226
118.509178136279,32.2968215227311,4.00379751723327,-2.24719014090912,0.0108855722474714,0.00331312221005394
116.929071824471,31.9244550979112,3.96875202326439,-1.90212762508624,0.0183196221626769,0.142973669241271
117.084961989604,32.2223570406957,3.64325965790486,-1.95043211717219,0.0818005468615773,0.211729855898229
117.612809915976,31.8941528954441,4.12003587905761,-2.11313172225797,0.0308382541481298,0.14381915115887
117.930203285158,31.7748572119902,4.31911278922372,-2.10632538775727,0.0859452735784626,0.0847070684206967
119.23510507339,32.4042789681261,4.04539583618528,-2.21875275366968,0.0347589583501158,0.0654928897104284
118.708978663207,31.8728857189754,4.31569158423495,-2.16607276264368,0.0150190638118425,0.0725328431858027
121.174088600609,31.9908847824528,4.23708326806041,-2.15724031063734,0.0711327445794054,0.115876958157637
120.15295399356,31.7417666387365,4.47082721805506,-2.09583046604267,0.0665966451990533,0.11206354206094
119.668479065749,31.5055773751865,4.57541767054091,-2.06485974131294,0.0209135396994967,0.0664659719349863
121.048347276628,31.3502161782716,4.42485425154244,-2.14652300292737,0.0831703580488313,0.161491563065171
122.031096463389,31.821904586637,4.09221865856919,-1.90884029500511,0.069025332684578,0.198424927234144
116.431328227875,31.4893101383171,4.29003581496012,-1.7672200099016,0.11280474774155,0.0188374274665104
116.826371145485,30.9480748460973,4.74735319563528,-1.58710539118285,0.0919410018142513,0.249062675276865
117.006362542151,31.4419917387588,4.43731396215339,-1.72185282881728,0.140651667304833,0.159133012341215
117.388618403652,30.8850860087171,4.86540170252046,-1.96486596403155,0.0971045047249819,0.181132143026259
118.243070325488,31.0385534218619,4.71576686221032,-2.00928438931206,0.0942771432773851,0.101212650434988
118.928516610394,31.4188469708446,4.56571246040556,-2.0985551042633,0.0551048140909131,0.110793359829068
116.766207712795,30.4910318980082,5.12789019737459,-1.83817452537362,0.213708675515285,0.156498605398339
117.493033560011,31.2064820896409,4.6628911848321,-1.96502380631657,0.0872302729991543,0.102263444668523
122.381338624048,30.2877618682831,4.68091537850325,-1.36539628005622,0.0607145706806549,0.23297456980072
120.264081378239,30.1905609988966,4.99909245131403,-1.96451464679725,0.0656659604460265,0.156254469821384
120.896409743417,30.1283276636224,5.01081729134061,-1.56393015201054,0.0766057696641126,0.135479274026062
121.094680403859,29.9063534903563,5.07779012041003,-1.35285433111576,0.113316660885559,0.205206827636668
121.142502590865,29.3742798250548,5.17405053027057,-1.11723606693655,0.174538178299014,0.203928949074156
120.579422758551,28.7793709860922,5.22905558761868,-1.061756641776,0.197673323229358,0.20685380284214
116.222617134935,29.4322441999732,5.3288831236938,-1.67630551157441,0.0655085385908028,0.134459896275763
118.471008929723,30.1415080463683,5.02573694244932,-1.70560420667739,0.0630941741476449,0.2913385464153
114.298540874461,30.5394300296103,4.94208571594195,-2.40083689696743,0.0550354092270857,0.276662079758961
107.465557199589,30.2914483415278,5.96717428282708,-2.28264194524667,0.148052594233184,0.100712313501924
109.536818080896,30.4733747435137,5.89590447004081,-2.08763869489793,0.277170703287171,0.04748824314617
110.474285073,30.0214852482356,5.49821511696152,-1.82739914670953,0.166082021434983,0.432034639000354
111.25656786251,29.8672014361257,5.26508578764268,-1.90138258721793,0.310629552216724,0.393525815412622
113.669562820755,29.6592312624804,5.23203140388821,-2.29861270199669,0.0651991342904521,0.0653449442550024
114.463578704309,29.4880494075122,5.2965296202462,-2.04565356159035,0.0291219520568488,0.0296614099136558
115.845851646109,29.5216846240266,5.28745178772146,-1.67295755592874,0.02191744575348,0.137556940256889
111.051860537723,28.56338462501,5.41111118903635,-1.80291445060248,0.144593035213692,0.35129044055498
112.018264293601,28.7034358893776,5.31199815624985,-2.01779783675457,0.256316793471802,0.183116481411054
110.405829321737,27.8918708867637,5.66244871058873,-1.95191269198179,0.0801909146058586,0.0359190621199016
112.39150045111,26.8091667049224,5.81633888982508,-2.22049690594156,0.135069065847718,0.196900342417897
108.614551404496,27.2203607386295,5.57722063862426,-2.05731294225415,0.0878741350790373,0.250859574190589
109.52564279486,27.6995305203405,5.72776730140369,-2.04947265788309,0.175096586278578,0.21897781355279
109.972504204529,28.0420302602321,5.77501529025963,-1.99044648874822,0.297682707012653,0.0687294151574174
109.687544974411,27.2868927494407,5.57755655154994,-1.98281865039999,0.0884603518111706,0.223541273683378
113.429842886937,28.3234291342531,5.54818886468718,-2.05647051482671,0.0154597874634854,0.137425158328651
117.62634685801,27.4568981788902,5.21355658830344,-1.69379798644706,0.0499233515537537,0.0383843075793389
117.732264943909,28.0954286785822,5.10576133852788,-1.7424876135561,0.167221978328048,0.0106941394993348
115.674236431119,28.952740808332,5.2818426183118,-1.63757877614201,0.125270638343213,0.276574354459798
120.874364180518,28.210852168311,4.95570057767836,-1.03251803001201,0.0336557418303953,0.0407005436706007
121.456231520052,28.9699444994877,5.07364817059858,-0.973055434531861,0.103882067931594,0.156472683413837
121.535607225744,28.4205446091263,4.83248883105849,-0.941947256041238,0.0958508550736959,0.14210627576979
119.723971351741,28.3447616452796,5.30776490687365,-1.25110523940344,0.274848236032949,0.130677345077093
120.386634725292,27.838790794239,4.94685198063152,-1.15463829919194,0.0874508493451876,0.0997648354341086
120.948745579585,28.483058609071,5.01533561063866,-0.985861232114441,0.00369236847698926,0.0781297534506771
121.15382091786,28.1046138695747,4.82251535839651,-0.94792463217378,0.117405660259306,0.119564675055118
120.020756559104,27.6580256319268,4.99291000263209,-1.26311744078151,0.0668107253732595,0.165172824260528
120.038851979656,27.4339504033156,5.02673869258071,-1.28193351650397,0.0339407863419883,0.215872910323267
120.399666884765,27.4615737784909,4.91594208784785,-1.12576753786133,0.0973807103473594,0.0518349958738068
120.422498173884,27.2498997099984,5.02439820110016,-1.08085703972986,0.153214006102081,0.0592767735058866
120.599728777591,27.6854053339005,4.84848877218559,-1.08483345637202,0.163943429376105,0.0442431709956893
118.32364145913,27.9602788274455,5.20886058280485,-1.55385435871596,0.0434052227998988,0.0877244078189258
119.246499249667,26.5920087890334,4.76049179111122,-1.20682054684286,0.107312479047895,0.235776204905673
118.971610669786,26.6136327105834,4.83144676492161,-1.32951373744546,0.128914058784256,0.188924133686317
120.00008104987,26.3308341762255,4.15813728698866,-1.2574109712319,0.599649411658215,0.155504112747055
120.029738240932,26.8870097442386,5.1579861340287,-1.16342807406817,0.472173704032316,0.0262818058998312
118.737382048766,26.1433916843101,4.78847617650558,-1.61410828070124,0.14067500342163,0.0786566256565866
119.557245216368,25.9527983631668,4.27049041063026,-1.44312341242561,0.390293829810277,0.157560935801898
119.174226870294,25.5746311037243,4.72422159574184,-1.828196079324,0.108371796531309,0.0123545462085107
119.86398959342,25.3580329531011,4.54932333247526,-1.74658751741926,0.0830653205087828,0.0706595139294293
117.913460611587,24.2439917163787,5.56156833140262,-2.34906417222513,0.19946887354208,0.0118944671508818
115.743779364402,25.1154046491698,5.57195487090833,-2.00082850251731,0.0621468152434618,0.0283050332334698
118.43622112484,25.9284074330166,4.96177921638906,-1.8570119788488,0.0365226633562945,0.0683248436857595
116.088486401788,26.363927981551,5.55656798661294,-2.028217940707,0.0197079261862596,0.107250830470416
117.795320033931,26.4454710485312,5.21711240909374,-1.87722145363321,0.0144503644790723,0.191274046307963
118.181941555088,26.0336921964248,5.1165823151123,-1.91429766322009,0.0783602810428711,0.163233219050276
117.351643875532,25.2068595994605,5.3080240202877,-1.9145943186629,0.101764645677329,0.128079660376222
111.72033835865,25.4237969461224,5.72633969086778,-2.05424781636601,0.0127183909984001,0.192209427816974
110.534103543033,25.2652285129762,5.48807049638256,-1.81791347120033,0.164955151363964,0.14927441256955
112.125194393203,25.5310825311664,5.83702101141503,-2.07906685849508,0.108939142051736,0.178422648533754
112.626728691531,24.5656874270093,5.81016129177439,-1.76132215757129,0.135546313017634,0.20882775973578
106.606898895284,26.2655641776414,5.75250694509734,-2.23447718939819,0.380325592518036,0.0449006859872673
109.038265039799,25.7353529239519,5.44881248226579,-1.49246704735742,0.203406916614465,0.196201346412703
111.611936548258,26.5718740664593,5.69473519207081,-2.06604754875416,0.0309110900920409,0.0804163981589481
110.947362989628,25.9351147271068,5.51456838755613,-1.90578876921533,0.201949568301132,0.0799356112756648
113.885525156657,25.8239255762039,5.99656399749872,-1.93475499492425,0.291126712662307,0.140486629378571
115.423845195324,26.8480265753622,5.62639166822978,-2.16189678481022,0.0779112416710914,0.250790428627242
111.420444028522,27.260563729209,5.62347131488738,-2.00403316288896,0.12706888291928,0.0180084743975529
113.845734957223,27.3187128344629,5.82135016785312,-2.14676163959773,0.262739643220049,0.121128678206542
113.379772732982,27.8760869421808,5.7252456533185,-2.14120388088403,0.175598726568014,0.0473760474712352
114.39422657598,28.0749279285858,5.52013852690959,-1.94899089559906,0.0459434420016936,0.105223844321713
115.4236719765,27.38515459326,5.43496321684871,-2.10174967830755,0.105460324043733,0.179170125065754
107.334875090138,27.1906537611695,5.55209887890872,-2.02497872131848,0.353210710524259,0.0791420977287843
108.277540881859,27.9098389325125,5.68102017125369,-2.11766777881998,0.0907969369646612,0.161701912925291
107.283600343965,27.9808823455657,5.60507814255042,-2.13993700729989,0.319216562940887,0.0431939351233739
104.961589866384,28.3807274245384,6.73844949114685,-2.95896076227802,0.247761840280851,0.257808713057891
105.152601153567,27.7873959730716,6.37775672187497,-2.46499907439034,0.241629975860249,0.371591072808495
104.749356878699,27.0504837326619,6.63017326849144,-2.78374777574844,0.0157072752893388,0.178635554219239
104.305440027999,26.7330696238641,6.58165074731915,-3.15812623665548,0.079826457777558,0.0859843804381009
104.021143246546,26.2075290366849,6.25451209322311,-3.58040418124877,0.190480855801384,0.0707499914920825
105.484618712229,26.9478105385975,5.99509430426286,-2.60554274875555,0.545842532113003,0.102102215688352
104.53404317286,26.6445422141604,6.2686009016298,-3.19683333991036,0.30433863068061,0.183593136376414
104.950852074278,26.4589837539249,6.12226055732171,-2.86787826722015,0.409605598170509,0.0636025403060207
104.400147967606,25.9833969213083,6.37930535990423,-3.03552380359221,0.191931046147874,0.0884197688900029
106.010324223295,26.2762315590305,5.94382788907372,-2.35359208390155,0.364886077453402,0.0529825396266791
103.972273473038,25.7515483236145,6.26406877499335,-3.37354878255131,0.401774859306534,0.0570376665943922
104.374169190731,24.8882236942083,5.43474215781317,-2.50849559777818,0.0817523651596207,0.102861418545614
104.676299735689,25.3056719562635,6.01607604173304,-2.63496729831251,0.171645516307164,0.04756643214135
104.902149317186,25.556073653704,6.2141573866395,-2.63007724231779,0.113258735944066,0.0272607484653557
103.658816450928,24.9248212285325,4.97292147924583,-3.20101807519553,0.16434991790509,0.509396524476264
103.743162282653,25.459974846351,5.58871246522877,-3.450085624958,0.179910303434966,0.259417822538172
103.809891629605,25.995724058927,6.24974769551858,-3.9917722863224,0.347385190300011,0.120938828815617
103.61354354732,25.5022899911199,5.49234455163221,-3.92266697590409,0.125188486937623,0.36412466457011
103.903906023146,25.559218503747,6.01089041980196,-3.22279110197954,0.371986656908549,0.1084636621756
103.205555685418,25.5452714746591,5.2661134336275,-6.99128562240048,0.0546548441573344,0.251834542926131
103.576922029901,26.0057559546258,6.22742716610728,-4.84128255845658,0.366129761115684,0.0974817668060851
103.189168353113,26.003340142487,6.22182805351082,-7.67040212026099,0.0201796441800906,0.0953203127025428
103.40565188497,25.8719251841847,5.97079958066506,-5.7473673313498,0.131456972383488,0.209862359647593
103.088891831767,25.3560773934028,4.82151269265297,-8.08264497484005,0.0799098686110356,0.0370274371949679
102.93204393792,25.475789999591,5.18599393325728,-9.71458167135748,0.0844390100040492,0.256598999373023
103.217642927475,25.6588968476592,5.42859957343431,-6.98147022812128,0.164202911713521,0.32514595174156
103.340974757964,25.5357094111653,5.24844918417445,-5.63062711366603,0.0608795367557603,0.486356606111299
103.468353041311,25.6622029348466,5.56249074808328,-4.96542781236129,0.0641965071386783,0.316835518810001
103.469908638075,25.3920405604613,5.09806420639462,-4.43261497932259,0.038474924144426,0.567448050286195
102.494170832534,25.1734410452354,3.92974101777452,-11.3904371882822,0.0990931234672668,0.216795779214727
102.656315389841,25.5999415000904,5.2627083881475,-11.3262165377334,0.28234427020246,0.496262912900891
102.918614102409,25.781064018036,5.73196467875955,-10.0301656834978,0.341333575239671,0.515062307520502
103.097833656259,25.6797218901696,5.53270038011635,-8.2665956231435,0.143815967886463,0.0622033512191996
103.006871404941,25.9990361822001,6.355321575061,-9.2580014404098,0.0432588629725726,0.343870275602791
102.489007159061,26.0773039554764,6.52484238346193,-11.8557349840814,0.0365116787830649,0.391997174731877
102.663335341249,26.6436928380194,7.21325462322343,-11.6382292480766,0.177241794970248,0.693159870332291
102.940789506715,26.3693539804142,6.72598032209331,-9.57237930701861,0.124489508637676,0.125127463459723
103.383395963726,26.8742664004576,6.62303149116526,-5.53663716846881,0.121406031525534,0.478684272705366
103.193746449792,26.6042013682481,6.31625989873695,-7.08747190926896,0.42692655963921,0.418662855936267
103.324442397554,26.1261449097544,6.34606462320176,-6.44580392580235,0.203694826051324,0.0754372048938331
103.308398204771,26.5477568241912,6.25063829385587,-6.28483606518479,0.227222050461387,0.184992743039368
103.26858809341,26.2238585086896,6.39045101416771,-6.80178776476588,0.0895330801012486,0.126302775187089
103.354790286294,26.3461184458758,6.31083735528849,-6.06710580379402,0.0988283723663252,0.118479893168715
103.576355258765,27.7078550646835,6.3877331713174,-3.65846166528626,0.0239823984507224,0.304581881712994
103.958203419635,27.0259341857347,7.01173537923023,-3.38470275882413,0.401239913073414,0.165128849888609
104.098679288049,28.200064356996,6.554385089438,-2.75446223308366,0.0885167589857212,0.0838426545709542
102.819664213068,26.7466772667447,7.23850505417201,-10.5863089493726,0.0854416285190208,0.347703209295878
102.913281928644,27.7143153843468,6.98873132645566,-6.03274921508321,0.641158868255197,0.134778841952095
103.401285800275,28.2587325725009,6.84920588510345,-2.76298235716335,0.121790873081166,0.225306340994869
103.777349493019,28.2900213862251,6.52400199743765,-2.77918081260572,0.127763810400871,0.135466499215672
103.971559277055,28.3150596050686,6.54433440300225,-2.73329116734698,0.0209653724890685,0.192494644570845
103.916975220077,28.8627589137538,5.75233426836499,-2.18720146409267,0.653086009653714,0.0884632606097293
104.202021334955,28.7690255388294,5.91609010180893,-2.46394628787805,0.577636540304967,0.193873629968118
103.973510468869,29.1290304561595,5.82877524281,-2.17830867421124,0.186613500893928,0.142643912283955
104.051360190231,28.6106900330067,6.10356837931264,-2.4494319403987,0.480434071561474,0.133297804272313
103.820953138982,28.5880910769697,6.28296064635097,-2.4372558530874,0.354812082241832,0.0966302777428996
104.455471077483,28.8021423436367,6.12550399999581,-2.55060983437652,0.321314075572857,0.115597456286168
104.516492807904,28.0935313041898,6.58603971169848,-2.74255875978509,0.101580081498061,0.00554320644123414
104.526419330303,28.6487508634321,6.3201616515362,-2.57621218308182,0.165094204650215,0.012173116205636
104.33365717335,28.3116170488363,6.63175823205176,-2.63378460290333,0.200676602496534,0.0117311089638987
104.523764415306,28.2735243818914,6.66850770370177,-2.68623417102803,0.215918178940906,0.0262003274694826
104.984100303937,28.7975904148043,6.51072830001125,-2.88136576048866,0.00624189726851089,0.0923897036676545
105.288751913871,28.0161917545596,6.42455750426477,-2.56720439160788,0.158029083819661,0.219414658518513
105.805336620133,27.9881742680746,6.17426698369006,-2.62842457016544,0.256188757354687,0.0477431987673125
106.090543804384,28.1941142870505,6.11600401513458,-2.61937260434427,0.22513362272146,0.128892304762919
107.117982694417,29.3878842187408,5.89464735404841,-2.23213860218053,0.224802540958157,0.0772084559089517
105.312035951244,28.3485298792132,6.65180819811331,-2.74974663741179,0.105490129083712,0.0518348130056052
105.276881319494,28.8134014116137,6.51275713646561,-2.96981715776717,0.078370581634725,0.119345752757907
105.904830236174,28.8029125323935,6.39792982538667,-2.81534337421488,0.0640201500498747,0.206291366798678
104.978729016954,28.9966361848091,6.51938173957027,-2.80549555981895,0.0436485377902772,0.0257455304549638
105.28207994681,29.3242646572221,6.67154673821981,-2.89085157665925,0.372590197756146,0.0481818554737511
105.236436202254,29.13129745498,6.69385248019373,-2.89900340351388,0.268180484639977,0.0363196958350264
106.265769388649,30.4204231615664,6.16360694669072,-2.8480533633721,0.03857100821712,0.0604713196286689
107.055514661502,30.4759849176324,6.14858357218152,-2.38858671881149,0.0104088476907105,0.148132503321237
107.120312195709,29.7315295253071,5.96745237460422,-2.23537673468661,0.104028800997408,0.122935034456647
108.237111043693,30.7277352787205,5.92945670298824,-2.32216496178266,0.0587443464018642,0.0612060405084376
106.752297341845,30.4270570844491,6.16289720205664,-2.50573383831779,0.0242413004405123,0.11390392592648
105.171935085856,30.1157785524057,5.6677681268348,-2.66073248221857,0.272165430351397,0.0336711158657831
105.533995731318,30.4074288441416,6.08780028834184,-2.78331619860459,0.03696657029551,0.0365412196850878
105.104273386917,29.5995788408789,6.26149598883081,-2.76236739056296,0.178138606683037,0.00792376200522087
104.531793270279,29.4416514271054,6.16404194951846,-2.57169438249837,0.163760394926096,0.127368429459309
104.578291053138,28.9711051836843,6.19278564564804,-2.53645210101836,0.179382384559634,0.025427419593325
104.159796539979,29.1964857911851,5.96065801646342,-2.29369081293792,0.0596543331264667,0.0141256886216457
104.83367425949,29.2754343475942,6.50630719646942,-2.65755314444074,0.292673282244945,0.0710150679111537
104.776810491866,29.9160648770634,5.73530689015718,-2.57581882736657,0.152645686310116,0.0687979735381882
103.931746082845,29.4215549299281,5.8513669590337,-2.35602003371385,0.0610892664665844,0.0914664749765431
104.26169461001,29.0702215405737,5.95604346645394,-2.42906337899654,0.20598314789023,0.173285795893334
104.814258075045,30.0931343852183,5.62208060445839,-2.48255948840406,0.334889811642565,0.0262024134954145
104.588460555564,30.4366189636077,6.01854636048788,-2.28768587540743,0.0688775011271288,0.0633379547280578
104.663140974977,30.1748685709923,5.74362858473168,-2.3949192383685,0.234934758793351,0.0388705894893508
103.586223756693,29.0854097390329,5.97223229766362,-2.81009887685952,0.0523645729776804,0.262882241101838
103.55346925645,28.8480358269313,5.99890342867056,-2.68007914594958,0.470521512334608,0.234921550967613
103.007141125818,28.3336524073123,7.57127325267457,-3.70179671991385,0.0156588537698467,0.0588507503024781
103.104791133366,28.1289089879093,7.30467192320511,-3.29554890020646,0.00478028200939754,0.41462971382253
103.13893453635,28.5192225287318,7.18947909591817,-3.33067302975975,0.0437510461679931,0.183371287007495
103.260746953296,28.397841570649,7.10061623032422,-2.89678350013414,0.0487660813432159,0.0980388064526718
102.098187323176,28.1296972954499,10.308612745137,-10.9732132601076,0.330354361871174,0.371528206461258
102.578366474483,28.6120889050431,8.56010574649867,-6.61602730654011,0.094605382045761,0.0740754023918784
102.670315187009,28.3888434331289,8.53591311631374,-5.93547789393281,0.0852385717860151,0.103156401742327
103.013430063992,28.2500481339117,7.4845678901691,-3.64562875356884,0.120134122525121,0.0699289009828866
102.58258575238,28.4341252984694,8.75860141426438,-6.62708424260129,0.0986044487608909,0.133024603667706
102.616668245267,28.7270907997493,8.31667098837486,-6.21836687562683,0.126678570184094,0.0135057882252531
103.021533790727,28.890203657156,6.82564277378992,-3.88187283974654,0.0972644532010267,0.0199596608990909
102.174101698035,28.5366541365827,10.2031602215101,-10.1402780806243,0.432125552112789,0.440665571591409
102.494119033088,28.7603534573864,8.76725774523514,-7.10521583203149,0.231505001335837,0.0320267483338956
101.564569773195,28.9479917143594,11.1296978818539,-12.2963841595139,0.302085138186055,0.332010182151315
102.251884136956,28.7483502158826,9.70564846201976,-9.18296514047839,0.400580107966329,0.347391976877425
102.313323136877,28.9398345159369,9.26652327365883,-8.29451613050361,0.344263778091838,0.248714562047872
99.7101600634042,27.3449627832319,5.11025024161129,-13.0847571108797,0.654407973987114,0.154861098622304
101.696845672782,28.4049163881235,11.1277656845049,-12.6731043176211,0.706248570109731,0.435206458067297
101.984819651297,28.3709377710394,10.7965504485054,-11.5858217978477,0.531450253377706,0.488601101356532
102.223961537664,28.1581516355576,10.0117818292271,-9.93703491103992,0.256935619044411,0.284102475002875
102.185763895362,27.9553236593627,9.64704694833972,-10.3074558858812,0.0797198039926869,0.297094597035875
102.201423173282,28.2986225969123,10.1793419158645,-10.1641479541267,0.271119894117073,0.421692895445405
102.415900031879,28.0418888181612,8.887518262178,-7.86409644983988,0.252031016295077,0.275741630326126
99.891135304246,27.8019079390385,7.51226855839079,-13.4325537199516,0.756905500208143,0.399969385164627
102.001825203725,28.0253797680111,10.2620742874571,-11.5233159778825,0.357658997410623,0.269388678273287
101.117198975806,27.8773707350841,9.76496832287587,-13.8491346412536,0.702784736568312,0.0835210432686031
101.076413262477,27.540985419697,8.43901112320922,-13.4568086477202,0.3619264563561,0.196167107472553
101.627231032072,27.5708824588633,9.20353532901679,-12.5658261028404,0.205311127692782,0.10253670409831
102.444178985653,27.7455283810032,8.25040164186198,-8.81175017756726,0.693268434322985,0.477183907301545
102.031027992799,27.7115695883377,9.40351863639837,-11.5125827474442,0.0402232629071064,0.526932222211767
102.347949777444,27.842395732204,8.72741860283684,-9.09105201512193,0.465255360535713,0.230242164943217
102.446880716173,27.8468317266419,8.29053049512568,-8.32941747831323,0.674823227515995,0.201883319425999
102.264960027436,27.7719300987461,8.91031454519024,-10.0429007482165,0.401536361495936,0.543853461094088
102.328738669593,27.9084193283436,8.91227791172116,-9.03551669606875,0.351191905635672,0.0892890338518375
102.600026381891,27.9814862096718,8.18141406569602,-6.90173752010841,0.380503868856955,0.145166803331559
102.528915908121,28.1137969885522,8.75699834616992,-7.00102945411086,0.0983691907084588,0.113360615002857
102.787091360753,27.9861937093871,7.86160226456994,-5.75731779921003,0.144654580796008,0.335582458707277
102.744183450453,28.1675024915805,8.34429964485855,-5.6154621469925,0.15811122033067,0.158546141510166
102.683593023266,27.9331262687254,7.87776511091902,-6.5880823798491,0.430354965205356,0.325729194525362
102.981204529398,28.1233999749964,7.57625843483264,-3.91726126127059,0.00449267679607722,0.089842859928464
103.426118657127,28.1378172946892,6.62329021297676,-3.03345575928945,0.233061473244173,0.203023862570076
102.240981679721,27.4719934553768,8.6259443002804,-10.7917297005805,0.484658601482983,0.763833928218783
103.113733771518,27.7052331086513,6.62487990924286,-5.08793943031832,0.495876907873771,0.28034992575631
102.876091709205,26.9545010594783,7.58815920332813,-9.42763933134864,0.112907222812092,0.105171303038316
102.41046464827,27.2872549496316,8.53246751460817,-10.2205736610012,0.119634321163812,0.365326588926187
101.209312536549,26.538797375511,6.41747626012258,-11.6677390152354,0.386290837215307,0.292765954707997
101.741844212909,26.5860118454911,7.34167512354385,-11.6761505193065,0.132291164844348,0.126072238559359
101.706221195691,26.2047989053547,6.44510681919081,-11.6260796756223,0.361398749448841,0.0973944462946964
101.662585405124,26.0310748083024,5.78411890428047,-11.6507410310931,0.302156591970276,0.0700276027115107
102.030251969073,25.7792369180128,5.17723096039379,-11.6880471658237,0.0969641247115121,0.0921181903065863
101.921031533591,25.2949438745411,3.33820604296439,-10.7794871587801,0.269237459300267,0.61360849964721
101.633184821953,25.7413856363553,4.44587371034687,-11.461585791324,0.0311542308899104,0.0271200107339589
101.481585716463,25.2777375577489,2.8768174964447,-10.6757337420708,0.319490428815818,0.224757973184085
101.452829245266,25.708551460592,4.02339489090979,-11.3063222185265,0.0309762719747771,0.0785335630057556
101.897572516528,26.3170024097966,6.80729832463489,-11.7535953497708,0.156278649339986,0.0572594037730013
101.353283989409,25.8213752151772,4.33006717244371,-11.1967737227641,0.0572360011622125,0.0477948733095154
100.865291887591,25.5333526495308,2.19716863563937,-10.3254694672824,0.235868415278173,0.231356567839786
101.331425868305,25.4424259977959,2.99736386072121,-11.0053256559822,0.163139333333047,0.135660989254148
100.392530748101,24.993069926931,0.54380279597996,-9.68411429655559,0.0909495890515578,0.0214126873730705
100.486351341099,25.4383333795831,1.10517629641754,-10.3146484206066,0.460488807169489,0.0769853083756802
101.175033575193,25.1821185701882,2.00282452828824,-10.4528027006912,0.123021350494242,0.0187276102131778
100.313114072865,25.6803897857125,1.41315746274702,-11.1645018778302,0.201742179387774,0.0674742127180141
100.494473299451,25.3492256033054,0.989156900840672,-10.1167392029851,0.409025556614848,0.13690886110357
100.378949760905,25.4782783511343,1.02484155228031,-10.6081755197743,0.39097406380118,0.0884612830537167
99.9644261815552,25.9432694252757,1.39490429702694,-12.2290377913961,0.201440221649807,0.106404181027601
99.972823153249,25.6941437982138,0.973990060808674,-11.8528752463705,0.198208120868403,0.170921306917982
100.113125766283,25.6486329409381,1.08330335781458,-11.6084748028016,0.0566477516327825,0.260193719863259
100.542274313762,25.7934194016292,2.11986955960896,-10.8766455759654,0.344644088520597,0.144192947029634
100.47080840006,25.8753828439902,2.14848890250756,-11.1802837335841,0.422244783956754,0.088043090878891
100.117405001523,26.2988285874282,2.71297488193287,-12.3067910040684,0.121514698099607,0.102731682110925
100.244732698012,25.8319715093473,1.53008908148041,-11.6891438124772,0.41384237948292,0.236962763865631
100.866006644852,26.2050135181425,4.46002319553865,-11.2371915899065,0.0771997912222612,0.34607159130522
101.027772848045,25.7838873728996,3.44823608632915,-10.7230690580211,0.071616794689897,0.226797725862481
101.294381402881,26.9544010296788,7.29119386302211,-12.2024173834814,0.0654267693320657,0.29452852456911
101.84534387753,27.0801937561774,8.3060906821193,-11.8925388511401,0.209605369622789,0.20013853095677
100.536424194997,26.236609884642,3.57203514315894,-11.7471175954596,0.119061851575896,0.10881465275786
101.054828675145,26.6118394961208,6.10605323566672,-11.7515443725008,0.241420423785713,0.439437164253096
100.676505199979,26.5858412648891,5.05462067693631,-12.0762151578356,0.285227495965762,0.287419589509397
99.66928067261,26.3938738104167,1.73931834002804,-12.3928925297662,0.0530398493298496,0.345235968384074
99.768172734315,26.2986196299339,2.06648818331275,-12.2058672349616,0.224289430343022,0.468688517032227
100.120640996045,26.4561970607481,3.25398169548033,-12.505086927328,0.352288568284819,0.143102718701378
98.7757182530516,26.1801701153531,-0.718304574901423,-8.53901138876892,0.755642329986799,0.514058563026684
99.3807616035756,26.2711161737932,1.09764078153982,-11.9284130739031,0.34178705364252,0.041042545967464
99.6819665028817,26.3197081007322,1.93870147554838,-12.3035888307184,0.357590005074841,0.340441134842158
99.5516613390157,26.3849298576741,1.47802929933328,-12.4233879605606,0.134646322772016,0.0890938090535561
98.8456702470851,26.0009182013189,-1.25831993758175,-8.82277023214937,0.611926141243544,0.474528198685097
99.0022388973196,25.6827908021518,-2.16024740843922,-9.6173697393015,0.606006767005704,0.138892035093846
99.6258682356227,26.0717152897407,1.65596759646024,-12.3879174820672,0.691548901986328,0.20311458255902
99.9885678635827,26.16032607213,1.99492278234611,-12.2491368181378,0.322992256257991,0.0995413209773397
99.7750212591146,26.0523421712411,1.62218124822297,-12.3772397268303,0.225978966936622,0.0865039835055063
100.036561443132,26.0295486763475,1.69136960138994,-12.2139755811801,0.354538543053772,0.0860837749521079
99.3323474094802,25.8995980834384,-0.561795803172984,-11.2484380917702,0.461291312227649,0.0354991333763481
99.8896393309128,25.7020206644864,0.841178740870596,-11.945634129576,0.259578710838113,0.208356838943472
99.8411133219144,25.9356542026743,1.27649521734858,-12.3327894559662,0.0682575861460205,0.169854234284234
99.7015476390915,25.6709473304919,0.26525770661058,-11.7641677419114,0.324524342645633,0.185729763515256
99.5377141364419,25.4788033772974,-0.821268350637032,-10.7965456388644,0.158808198550872,0.164217380598846
98.8027425328789,25.6911649596503,-2.40546743469647,-8.56053416977477,0.552656455360524,0.0876593958005327
94.355213192603,25.8484088281329,6.11568125995062,24.6274703762956,0.0383646341033178,1.47667188021041
94.4220501070613,25.2613815042175,2.34157405221735,23.3408349222725,0.41198184043915,0.326781466543641
94.023056463288,24.7963906018542,1.74738271664481,24.5302437790258,0.359755147422894,0.854005987687637
96.617770536892,25.3981204795029,-0.983445059861139,6.82877336964189,1.03677117004782,0.220643240313047
91.6417395631127,25.306535783546,11.6202333443979,34.2623828879362,0.170309442062484,0.449743115587612
93.0794796514214,24.9262965705224,6.87360792231399,31.6666703596169,0.832813128004471,0.363604302798008
94.1851484519973,25.4327489677144,4.00616635950001,25.2732740564611,0.570925008309827,0.80055767228337
92.5780900295644,25.656711256698,9.82368140170967,32.2763686730225,0.172706993230986,0.686946410472897
96.2587353367052,25.2592751519062,-0.662887416923491,10.1481841202552,1.39634327194906,0.980877115446147
96.5166598255534,26.2159102546855,2.93490044263659,9.37277556111363,0.729492273305973,1.63189000561668
96.2482058915042,28.3496754650915,14.4255117472418,13.5444786595652,0.796971071553873,4.08338021709029
98.9004340892486,26.8290216630718,2.20609530440444,-9.53327220223136,0.764138857794923,0.102611137648227
92.170068929231,26.0074832556696,11.1598401702555,32.7677299176184,0.123985942987488,0.364424061541896
92.0345737772038,26.2593518688568,11.4788741026763,31.6143612947965,0.218377473030156,0.592509798569245
92.009761549906,26.0609774064666,11.3499576373079,32.6387960871721,0.120178369525143,0.454999096666099
92.891584604825,25.9887098750924,10.1366563972121,30.3950133019136,0.32450064614793,0.674563836815877
92.3805060520417,26.2821066313711,11.4632698874824,31.7269678851989,0.142516274817048,1.0742286467704
92.9579666683926,26.3871836065931,11.244066475102,28.9631001029344,0.16394963266255,0.256907096431496
92.0918194523976,27.5055788458709,14.9930122414473,20.4819992219038,1.11161044379346,1.99000305846102
92.6676352454822,26.6789260453787,12.3861206440648,28.674149578729,0.173016648869142,1.03309534883877
93.2839977771409,26.4921888932311,11.4493412903092,27.3586199569018,0.10473062970041,0.136073556397479
99.3507853682518,28.3296737515115,9.92790196595342,-11.3676751230786,0.87965471676398,0.460407683023201
98.9841339767023,26.504453703028,0.5818207288329,-9.9774662605394,0.83414533401426,0.285579321692359
99.3904935244637,26.4783546411566,0.998577275373676,-12.0446455756355,0.508439918407796,0.0257845580703693
99.3834555399845,26.6147933029052,1.23299446938069,-11.9556476777686,0.868517435313237,0.149336785272349
99.733924717862,26.4849782002982,1.79344402404109,-12.5743890828246,0.262511903763529,0.324477783229643
99.2080594270661,27.2252314044742,4.27935280793223,-11.1592518931802,0.805156155371699,0.0862489528575529
100.75127618712,27.6699215650248,8.26449347764827,-14.1106578292361,0.259239956899185,0.138727071410291
100.142377922218,27.3881235595441,5.81567291790165,-14.0352875918602,0.438325836421167,0.351925185620084
99.1176047508487,27.5856577470414,6.21316981229324,-10.8058902890363,1.08931058529667,0.426601690164115
99.6398832627942,29.0678399350423,12.4947256845064,-11.0860490215644,0.379177830642022,0.123725038984044
98.9972143839612,28.3659961107671,10.5367697778099,-9.78187194065262,0.730755644901843,0.566327803832133
100.826900950368,28.0543796786454,9.77724710302038,-14.2835572192607,0.325974323386486,0.364806665381934
97.478718015202,28.7618449120446,14.6299184572421,-0.657639831558523,0.179120063165838,1.92943287188895
99.043991712901,28.6868112898451,11.9087216785441,-9.50582250299934,0.603116219240128,0.398210151237957
99.4305379248671,28.8241779511336,11.8837466387339,-10.9021438324797,0.5844134024929,0.253170804635452
100.014814782678,29.8054781873954,13.8915738147348,-10.2449524087938,0.187981543806854,0.359497705896679
100.034875171394,29.0773228395958,12.1301685368855,-12.3292305714201,0.277677453092535,0.25623674573899
95.8501867153548,28.6444694451861,14.751691921944,12.7145648648545,0.143272018754845,2.16434477108994
95.9127285747424,28.0432424296562,14.3424885242876,16.1466011177636,1.64283245756642,4.51079439583641
96.5828857088396,27.8425451607882,12.051917295109,11.8270520152007,0.989103922879068,4.0782759277933
92.4341694502914,28.5284552850693,15.9081570214429,15.7099157109632,0.853736736598091,1.23452192964947
93.0315065196092,28.9060116534342,16.2271011262269,13.1693461922038,0.989086879945399,1.63248065696887
93.9968499974183,28.8907268798077,15.872671585614,11.4168066236135,0.811477155997516,2.2847840217386
95.7481059848345,29.6786234636774,16.5964232773489,4.83599133821136,0.303382338476007,2.03046116087279
96.8598870206776,29.3838413206995,15.6044030721414,1.98463173923972,1.08906225907148,2.32635130287328
97.0764103203889,29.0247245688031,14.8579389635855,1.38516256977379,1.13802719339458,2.69800683264788
97.497091730635,30.0041392908536,16.527373999038,-3.34806177073657,1.73160512123218,2.95735079893875
97.0467327610252,30.1761618278534,17.6686378285294,-1.0237414759294,0.995546898230414,2.33706778412642
97.095974516186,29.2690258723503,15.2548182642315,0.166693016280772,1.37060097494775,3.27563607046943
97.8283837481461,29.669630610976,15.0952481769588,-5.15389409274893,2.21200873948185,3.38026488186464
94.2869809485302,29.6011608299657,17.313228063244,7.83371444721671,0.79895782598905,2.23950273946836
95.9109115428679,29.9780991231992,17.5723714920462,3.21983456076801,0.204318480610002,2.13104986075249
94.7995149999149,30.0422506618039,18.4550785497834,5.69385012893368,0.58022406268861,1.86921009686982
97.6455055460183,31.3669203315396,20.55158887904,-1.52507578216178,0.590325498566817,0.700524761418392
99.0368818061934,30.2164916875216,15.3758606259476,-7.36901112755021,0.97659488456495,0.733677227253125
99.7119807733509,30.863022960101,16.8383346507365,-6.44530192465295,0.410573118080822,0.119471773423734
98.83164739649,29.7447928474739,14.5796978569786,-7.82768715099923,1.0993799418466,0.904536068827932
101.085264478958,30.5594337155886,14.3745420149927,-9.6692406639444,1.17167318892922,0.62424055508016
101.712585992404,29.9459460107679,10.9155664487533,-9.52127201531603,0.421448231187478,0.430499869971016
101.390430553844,30.1412726149712,12.2596333443524,-10.3153499338518,0.604092633175751,0.556103636481178
101.554980953083,30.6542853795617,12.1391127230845,-7.68970113392488,0.300240516347726,0.135545545480399
100.501782511527,29.6592664917875,13.1219402097878,-11.7922168805225,0.306934883043574,0.101495071012057
101.598023835878,30.1371315441237,11.4542762457698,-9.40594065781953,0.471563748178899,0.273002999016768
101.523827200496,30.4086760202038,12.019227639345,-8.92283387496349,0.376035081167288,0.460762736845189
99.5975300924467,30.2811855888202,14.9876988350487,-8.10862889774084,0.588226609429148,0.196191838092917
100.570894325629,30.3116480255855,14.0975813250062,-9.88556862888769,0.101802910509389,0.122585225901119
100.355761151532,29.9514167787737,13.6836228268944,-10.5735693533464,0.056777023690073,0.317137075209574
100.278102380703,30.4648513967782,14.8434169139259,-8.85872799081933,0.208290812815243,0.211152026663613
98.6300420515124,29.8830297633169,14.8922812774796,-7.33091906553848,1.39714853559358,1.4498218251121
98.7327351670492,29.0457835197759,13.647041596851,-7.79200381313145,0.583011039019389,0.640952630753045
99.0966579620757,29.9071852647958,14.6561686209624,-8.09256794321563,0.851805605368783,0.511989607223808
99.5782313911666,29.3510032609665,13.3826008072022,-10.2192794397929,0.268499336913733,0.102350882089309
101.506820915312,29.5409793675839,11.3913209266291,-11.4161788101617,0.236939752295962,0.375037232886681
101.424396713614,29.253738878872,11.4235064055051,-12.1934178613167,0.211382403613758,0.260503219177319
102.174609686498,29.648726424083,9.46195610634099,-6.8181690984098,0.474488351936204,0.736127479675366
102.942548573077,29.9996546086273,6.6124049900701,-3.43681765668673,0.445019767164154,0.110363195888484
102.137224803213,29.269600244192,9.75199208042269,-8.57190607463038,0.386650789615259,0.197103581036484
102.327061271476,29.1651788460306,9.065591456997,-7.59957413057489,0.296516373448581,0.119946545550183
102.626397588494,29.3458721613981,7.70176228319646,-5.09072642882014,0.172014821848796,0.423172372035929
102.819847875765,29.2259011984218,7.13404672167342,-4.30576382016583,0.198230896208942,0.384978750355936
103.817217683909,29.5083222365299,5.87235043042975,-2.53997889476881,0.128360996285201,0.0544443574297762
103.578057455081,29.1824147558346,5.99592643164087,-2.9107981926435,0.0901584224278896,0.289136687795738
103.643140480591,29.453277795396,5.93840560050067,-2.82699557616618,0.141741677347786,0.273371123120219
104.020729250288,29.7273137939161,5.97925098754853,-2.26116774108463,0.0262059223067553,0.155961238443966
103.780347003575,29.9615558265646,6.38133573358282,-2.15807988997504,0.261223205475706,0.344052934225709
103.42488242389,29.8075316582535,6.56583150244976,-2.65076110119967,0.1788200894963,0.0481101984081014
103.232144677649,29.674866861532,6.55915588195755,-2.88813989719364,0.12210931083663,0.147678915433249
102.873482785737,30.2308866577183,7.02428860605759,-3.74230885031896,0.0210574491638951,0.207573252564931
102.692975395109,30.0202727629555,7.06855548612693,-4.03291315908845,0.512877171548583,0.376354409388738
103.358643250259,30.3521269073035,6.46510085447295,-2.83984379267425,0.16621257997182,0.062345023585582
103.024864170212,30.0941816997978,6.55786792577615,-3.25632284330508,0.274155804033424,0.079042590722799
103.985984856818,29.99267387895,6.23611013689869,-2.0030333309518,0.216442202647878,0.450288841098248
104.111494507455,30.1531342380342,6.13511406163636,-2.0110010915787,0.0703775310587303,0.383281510068429
104.136209218354,30.3927897786749,6.10801293706978,-2.21469515858352,0.0469752166772658,0.265511523763584
103.642714205751,30.404074521242,6.11654266022503,-2.66778008989763,0.132708917023275,0.149516045310135
103.935364447014,30.6304023809217,6.28641457322001,-3.02077929432595,0.0901105439516382,0.222298430695772
104.240462106167,30.6074726579806,6.19231766309041,-2.47990224287973,0.0659379220607496,0.0850736339942243
103.955953852224,30.516710767891,6.17343063182038,-2.63634274873413,0.012331854691348,0.130784710036827
103.77987936075,30.6371748616755,6.1929171901278,-2.99933497437805,0.158417676753068,0.130232545142994
101.907312390541,30.0374128011067,9.94818273482867,-7.97757774144956,0.0510549822123507,0.0810147610563671
102.419918912312,29.869421003748,7.98323970725032,-4.93816512293992,0.365016643149819,0.995826432613949
102.528139694588,29.9843764913041,7.50026531487931,-4.4582431058355,0.549106648515474,0.751720216135389
101.786070445713,30.2447798454508,10.592939460401,-7.86450784316655,0.107798742229271,0.292699116781159
102.018495996092,29.9556146095549,9.51070008230528,-7.36287255353781,0.0565939441936695,0.323992138128743
102.316842135806,30.1144245850259,8.14710757515429,-5.14177273899307,0.551058042453092,0.895289245630906
102.003028936487,29.7370395735346,10.1137900396082,-7.92174015468189,0.64763439712163,0.33649308961114
101.817537419734,30.6236144275196,10.4395581916588,-6.09266303801558,0.552492373119023,0.892716717136541
101.022861329721,31.0413618546871,14.6487149801289,-7.11266240056884,0.423558587832172,0.128290629183799
101.112873592184,30.9595412096118,14.4485041458846,-7.39692085616959,0.495534973761543,0.0757413910648278
101.20813175603,31.0065930333974,13.6525208533918,-6.69896900630081,0.219917462928851,0.501312165266104
102.127880146622,31.8923208965932,9.51676664987681,-2.29707330299784,0.763180696384787,0.49126655446901
102.553738720952,31.3237711637499,8.79967151901481,-3.09405755421005,0.0839310461646974,0.314670048491466
101.616609157384,31.7630700016595,10.4822214752906,-2.35034046492635,1.08377876113459,1.1465716868535
102.132266046556,31.4603397773014,9.29776217201655,-3.05391127269609,0.750563078741823,0.69918801152581
102.762292588726,30.9777435019904,8.13119529642913,-3.54271699267228,0.0436972199560958,0.331722894994669
103.878518728744,31.0578439594032,6.77624734922267,-2.95948475877692,0.0763514711931081,0.11268658989161
103.719935780614,30.9619514484579,6.81874673059411,-2.92352014425288,0.0657280934365309,0.0812564411412283
104.306723776068,30.9645308910421,6.0947647684669,-2.7338374557161,0.153406378090034,0.13157816179827
104.207881187701,30.8066750291003,6.15127012317852,-2.74606835774004,0.0481239052573126,0.0836980962445554
104.486719043686,30.7736252992458,6.04319742843575,-2.50896598285075,0.127652574301536,0.0434394255178443
104.112489593706,31.3088451636494,6.73096834892336,-2.70555824491444,0.0421695582718657,0.0994981244196633
104.594372044893,31.6541830490038,6.51244361473048,-2.60606712509705,0.0595949903249189,0.0221756756656878
104.04880701474,31.8477812029815,7.87385250199816,-2.07315409245425,0.541010147925281,0.376988767590512
103.927325518115,31.2382543625472,6.95772683757824,-2.7702581306899,0.0602211115800385,0.0111561730073735
104.344952242205,32.915163316327,7.21984667990325,-1.81739157020368,0.0380530855490509,0.154085091210313
104.697083715835,33.4654639267838,6.85687869107689,-1.38761062238739,0.112834951879678,0.119145257557957
104.704883039741,32.5105641048774,6.80343121831713,-1.89207431027157,0.133208490827007,0.0811258944855942
105.202103719643,32.585799394587,6.21505487378957,-1.6913378831567,0.175915380510024,0.154833687090229
105.132230871198,32.2295497871508,6.38342806062725,-2.14465593179265,0.0449986702443475,0.0895962181570593
104.723782176183,32.3035700872193,6.86495817390604,-2.01454346270393,0.0584146526875681,0.0542015285208261
105.733108859879,33.8425352571104,5.90921070676083,-2.22344035112742,0.140242650614025,0.604726584163943
105.884326924968,34.1115609826341,5.77626536379805,-2.25057022942341,0.119808168659223,0.457229050710523
104.226263534815,33.2142849735,7.71060719329592,-1.49562522980028,0.49763712601069,0.0353893204964615
105.109214879245,33.9541992819469,6.37879677977487,-1.64892764063699,0.0469352034405005,0.0222232918314841
103.959251078336,34.2201813867374,7.85719082049723,-0.219302360336849,0.0877714374139722,0.0696644646057557
102.205244753258,32.5201773876831,10.5234584507919,-1.1987458816342,0.222097972648968,0.379653690381974
103.854238840609,32.7036159837483,7.77780395432783,-2.09464689286304,0.195023872753493,0.289896818379155
103.831665332851,32.0742411481628,8.09521846792049,-2.20703211246134,0.31316284750093,0.100106330183552
102.588939639167,31.7563325849584,8.84355393575737,-2.86118280349213,0.394659873684697,0.0824292654727981
102.960654175936,32.168395510709,8.73742767075215,-2.68091595949951,0.290269228223069,0.490450581954955
102.047409792932,33.69006687824,10.9718699495657,0.560449853735679,0.140036424346882,0.295745653020202
101.702297902235,33.8863138750117,11.3150656066214,1.08125884368984,0.0838200437202634,0.389312887373846
102.814232006606,33.6831389018491,9.86586753252072,0.109385590950496,0.297393937368037,0.0369997251472697
103.66743280371,33.9802171892822,8.27263243590114,-0.0956554013474729,0.0967463135715262,0.192033782368905
100.411113069299,32.9148050624418,14.5649844699421,0.301416560767837,0.502968003122926,0.146693841033523
100.213553515085,34.38655381058,13.1174968620318,3.21279238322661,0.45210664150055,0.254481928087443
100.558904863827,33.5125724392032,13.7514178464908,1.38825585278966,0.212217607806185,0.134679635690765
98.8062271547331,32.3860414772552,18.2944364598457,-0.21669869435307,0.098621881223795,0.377820310370788
99.4808951807295,33.6998590507365,15.6454904175937,2.40856622218066,0.657252406830533,0.156015865555772
98.930340515939,32.1188222223006,18.2481767264581,-1.21714712577931,0.174296502312335,0.13391770608222
100.703133955423,33.2119715480051,13.8277433120051,0.735058307749905,0.449488738688085,0.10942741458423
101.58363980885,32.6095061781344,11.7443614168759,-0.683370105443227,0.177814349688796,0.479556636566643
100.423148936655,31.9063972667935,14.1687700939139,-2.58849943714978,0.662199688835704,0.649137737498924
101.364658868707,31.6994882232431,11.2630172586841,-2.63114773318809,1.12021384359073,1.31768230539967
100.930349880947,31.0641927495371,15.1178119902436,-7.23767136076097,0.685607547393112,0.497626783593863
100.536491774618,31.2901535900551,15.9273972773026,-5.69998315439152,1.07123733996805,0.0596551922773577
100.936225908624,31.1759513351517,14.6175354897985,-6.34359440318557,0.274482514031546,0.118694800387905
99.2991200477796,32.111287306222,17.3845377229436,-1.57799375936374,0.169772372093988,0.0580720389680307
100.797449220183,32.145140330541,12.8472471595458,-1.56860963026852,0.874532002320703,0.934151015682511
99.9567691969548,31.3605590307958,16.8195036015506,-4.99574871560275,0.817923832561893,0.10520986514547
98.6394261229229,31.486255985166,19.0493976172848,-2.93146265473885,0.501173522787353,0.525357853345979
98.5623804156919,31.7949357996159,19.2197912923915,-1.78992477764127,0.439103980354165,0.204139529225126
99.7177297328713,31.7649872294665,16.6322973577916,-3.15798422220416,0.202949143455231,0.0344737069013818
100.062385882408,32.3180669237399,15.0362242319014,-1.0569245899639,0.357104662965739,0.489760588274026
97.2015478433346,30.707266738382,19.4154250881744,-1.51434641728807,0.266060743838638,1.57220924830971
97.2358776879291,31.2475964001879,20.8573576192616,-0.98806778927746,0.524315911282584,0.877959847615922
93.0990927224595,31.8353796869318,22.008836462968,9.66250763207609,0.134236246824531,0.365660890889379
94.702499126642,31.8185505501779,22.9745177015831,5.4700837588677,0.527980487876217,0.274510068208047
96.4263691636711,32.4760253142962,22.0757337148538,2.49268470763697,0.240184443238828,0.108067259834844
96.596273323571,31.8330661793839,22.1964216597367,1.07368244911973,0.536951254919528,0.478077581743353
97.1465275587158,33.1871367745087,20.0525347528977,3.23537002289158,0.313933472691433,0.606614506692934
97.2316142385326,32.9367017460665,20.2483868559929,2.60213984850833,0.543420379859825,0.538388054853153
98.1375245669863,32.8595880554548,18.9030907607325,1.6842718531376,0.399671236949918,0.688447073971983
97.8116608776016,34.3948146090432,16.7261542444746,4.9440486295701,0.723826281813459,0.469549363888569
94.5866139793663,33.6566427871138,21.5996116700523,6.12092504576141,0.657463630296948,0.432437903952887
95.4143421742371,33.667876979666,21.3064500455249,5.25467141110299,0.654696458887008,0.115643914818316
95.3225156330474,33.2428559432014,22.1400776700849,5.11186913573809,0.593830896634417,0.114949622279915
91.7388230519812,33.017504976168,20.4194761937423,11.5650460643226,0.140407954540588,0.0902800812723602
92.9392930396539,34.576759090151,19.7935886662193,8.16918155975415,2.13091843371243,0.816778967250173
92.5804283714717,34.0486217519805,20.5586279346759,9.05862143641175,1.24787194309227,0.379750988218982
91.9546448536308,32.6192455671948,20.7896809454526,11.4262849434107,0.1498925709926,0.0175809738851636
91.1713189427716,32.2719224558451,19.3096258126728,13.8233367476788,0.151526524773572,0.104749868984214
92.0454826907202,33.0709807405046,20.8741044540672,10.7832568703136,0.177758628252583,0.0799418624794177
91.8166785509236,33.5640674928997,20.1958013831738,10.996477546024,0.552063963578187,0.0758570478172059
92.1603719592208,34.1593684033012,19.8923766461163,9.89261176429799,1.30788752445901,0.245326537663649
83.1354247731235,34.8198782862567,3.62265817558997,16.4569491259551,1.36783446574486,0.626981158416718
82.4194959994972,32.5250201194047,4.12108248015667,18.3611036187092,0.195099685359738,0.262947704081652
83.0963042062389,32.4626863284612,5.14053630376393,18.8134327120296,0.0620003122953037,0.462643315978832
84.0724075607866,33.785961399947,6.68817914680624,18.4445934505506,0.993568608881164,0.750631897076911
87.0293195771755,31.4745188773274,11.9914176849597,20.7716341751818,0.667101539673987,0.322541432577204
86.1083369469618,32.7561068488974,10.1622837844073,20.2775246030118,0.248561245431495,0.982899963244677
83.504540975399,32.6167481629993,5.83746374873252,18.976486896666,0.0743198701124123,0.538957648874884
83.3921685413955,31.8314940946556,5.36830144967124,19.5375649610937,0.198499763285946,0.261507232260643
84.3614451735878,32.323498306689,7.04315434861604,19.7373780988488,0.0663734334892983,0.304675359393394
82.4387063552871,32.1842822028225,4.01674761201353,18.6641580782543,0.324175730118362,0.255943577924156
85.1511323299672,31.5026586125937,8.2863480015536,21.233715647902,0.00449477803561138,0.439700584212719
88.9073065843169,31.6823404218703,15.1165685633462,18.5208190765316,0.268073016988353,0.0855388785881755
90.0627090894559,31.709792118657,16.7970374482406,17.107206516647,0.352263403674936,0.443442809037091
88.7599067389183,31.3473568519793,14.699267854629,19.0960429280539,0.352381566642653,0.0819573731842734
90.7638451735339,32.1394571210538,18.4550941453631,15.0202327079404,0.186494872360823,0.237501706620056
91.9480002963185,31.9833207425669,20.5437806301133,12.1952923117478,0.304911069419049,0.147425346185724
92.7299219628414,31.6906736100002,21.5680898977652,10.6755393947886,0.112629992882293,0.36520715257818
93.8813218284725,31.8380705704785,22.6355152966589,7.69441416381217,0.327200138276679,0.258594030025237
92.1909869503533,31.4761750721127,20.6750192796979,12.3035779832265,0.173390665413501,0.312171242545136
91.9490599224988,31.3266822013736,20.1124185616101,13.2109714086006,0.245289854414603,0.357106654182342
90.2306875942495,30.3831096036841,16.1952812292816,18.9246730532173,0.0953213998929867,0.0225922197974325
91.5984242985666,30.5617077313606,18.7049783005905,15.5808833471409,0.152335472614602,0.515876261629763
92.7429768565559,30.5727196276937,20.4714189132531,11.7060652646775,0.559192733071626,0.072037667590948
90.9366042109904,29.8151046906027,17.210904787148,18.4182757830562,0.559063236866099,0.275285964476143
90.8272134306957,30.4067636507543,17.295705049064,17.622881005807,0.0866399437094992,0.0687655157055068
91.2931053630339,29.6064146362017,17.3465191504181,17.872899194158,0.651225587688961,0.0466619041473472
93.3046338742327,29.9948844679483,19.2196266943242,10.2371995303785,1.13140520393026,0.761509621089622
90.090778652305,29.2117935912304,14.6365041588577,22.3575499837744,0.0350780711763859,0.047939157694778
88.5391331909164,30.7455125934988,13.8746840942869,20.1824741182869,0.43573806576348,0.191740056417206
83.9921197085245,29.9975307589497,5.63660847149359,23.2627780122914,0.948279171791,0.499011772010749
85.6382454914355,29.8805175739084,8.41334691687405,23.8057678993601,0.0969444042063814,0.427190617786421
86.6801920847045,30.0804707213939,10.5075049153268,22.8585665460293,0.454928428624686,0.263582453116227
80.8036989439158,29.656559108441,3.21450632028365,30.1228959478181,0.430014416935253,1.25774842798551
81.3752223602617,30.8305580359858,2.3021398248452,21.5405318097134,0.319778485624265,1.78045575562904
81.7092391131294,30.0241049835153,3.1497257553479,24.3715465658101,0.184569815245815,1.3609284511112
81.4277869242554,29.5517055087535,4.0834052115632,28.0124328199841,0.408667962119695,0.0142879933264197
83.1374383557801,29.9462365112925,4.76617415181289,23.3899713223607,0.959019402567277,1.29749132081795
83.7179227420958,29.8271695861632,5.42336074741472,23.6993330673732,1.00469604673482,0.735543493887606
81.2454297172055,30.3170456346459,1.59783609295321,24.1109391617193,0.897176670027059,1.25794779914723
81.9469883635287,30.7867497985693,2.76771599180078,20.744636287905,0.371551336150006,1.42246354079026
83.5291978675155,30.5703752304629,5.04168334948581,21.7177247057365,0.799364564006132,0.718671047030464
83.8219206332663,30.8447232373216,5.66464932955359,21.2256407194664,0.453850191394827,0.551429712847795
87.0201444100211,30.3115273740394,11.3171653692189,22.2145541338064,0.694014257225688,0.169513140824531
83.1399239597525,30.5215157577933,4.43966920904657,21.8306449009894,0.905847380429003,0.836001166266223
85.055848473194,30.5519053507928,7.86323216920676,22.426083097909,0.262465092606066,0.143999356254358
85.0143277185377,30.8696692651829,7.96735683463579,21.9323535992835,0.312423231670707,0.16846553175466
87.3880638002708,31.2905445435891,12.5869531875317,20.6271069375707,0.752282335807321,0.16870950370596
81.4321697472234,30.5314833443204,2.14442794252968,22.2419593665273,0.37444563230164,1.92134967116782
80.5196110804044,31.619515038079,0.543325032114396,20.4745135504746,1.23748013372972,1.81473961872991
79.9401678744087,31.5493158112898,-0.780406433583826,21.7185526559283,1.67363930821823,1.45558556824969
80.1995700336187,31.7017356732294,-0.143333940557061,20.4819145312788,1.32246366234862,1.68351094098416
78.8288999979132,31.0671574399605,-1.16350961280096,26.263666123286,2.18947415050196,0.406580090274673
78.5272541369744,30.8122036803132,1.53265636664559,27.8719751708173,0.274707666339417,0.176920039679069
79.6904959463555,30.8194338380522,-0.205092490795479,26.616081504035,1.86550942085824,0.697997561901648
80.190086590697,29.9568051856595,2.57657724431984,30.124562288607,0.422586449876623,0.551310279736588
80.5582043222562,29.9597408383185,1.69943444914688,29.5125351998868,0.712144311569709,0.622333055967763
80.2644663594082,29.6734646755125,3.88375160665711,31.0443827344029,0.874970043863121,0.276656408773625
79.2110241702398,29.656175509585,5.45707085435663,32.3555082981578,0.209202187607183,0.303599571892985
79.6744186793835,29.6547272583944,4.77934831701499,32.5903034721012,0.239010651171947,0.593348024116578
79.7107537317935,29.1783242869005,5.91140776866138,33.3185647779382,0.539449772490656,0.901124397501674
78.5988605554672,29.7879631273259,5.2563875027832,31.4974661955926,0.124443258947097,0.3936059041271
77.8390022868777,30.2056698996686,5.30674666395411,31.1484605512778,0.604559362264302,0.841827155926171
77.9560639975272,30.4380690717486,4.77829505588118,30.4240194240762,0.979011174260619,0.86183926030069
79.3294510584786,30.4601601434501,1.50071404431471,28.9184330964869,0.946700878704716,0.269914211711789
78.1058219088865,30.2946667658581,4.8696565925788,31.183362696343,0.29959894883817,0.95309554165964
78.0817146480288,30.497925561058,4.67273215921346,30.0933793160567,1.1873462586049,0.658262183101036
78.3291238164036,30.2516957632076,4.48098803451522,31.1346873405819,0.06200640590209,0.923737783327488
78.3714554612464,30.3829522511498,4.35704677655271,30.4248307383683,0.293242136084097,0.564767449636244
77.969612558406,30.2974371837883,5.05309896925219,31.0791398647331,0.509370866327484,0.905081311922255
77.8873113605318,30.0637098162698,5.4778434364195,31.5500556270794,0.477606404919716,0.909565460584639
78.1866317402404,30.2096182421841,4.82011145367877,31.403322889803,0.124247775469421,1.02773197144384
77.6843089859582,30.2873980805409,5.15485135073787,30.5130929908413,0.921706973040932,0.772934073138548
78.1533916921459,30.7735462499452,2.66045081025977,28.4087736545514,0.798594321752651,0.301468044178004
78.3604224156291,30.9049928663553,0.70025197653095,27.4283077811894,0.748650479698789,0.179993418182823
71.8614283251349,32.6567248707079,1.43184906203561,28.9495439388109,0.142646942479862,0.178950088120592
75.6447193350956,31.5924749286078,1.47144067934691,28.9940227897124,1.23760846381987,1.12746528924301
74.2917839801768,33.2425747618286,1.37556683225229,30.6276995295797,0.927332665619568,0.263308255941472
74.9407596194295,32.3410351231025,0.878411815052392,29.4893119252227,0.711216103618288,0.484341618483428
75.2979257744409,34.3062526323243,-1.16120875170444,27.7117719639834,0.0910514808945931,0.316902029126143
77.2952952783163,32.5613966788686,-1.33632534099868,23.0779052327532,0.721436227907464,0.826953859069869
76.5637578032635,31.6925894353771,0.296635471811984,26.5946435667088,0.462219551928367,0.227804920393726
76.4039282194034,32.149248530849,-0.0443121354350794,26.6267593637798,0.324411987334256,0.561595992648886
76.7067478958168,32.6373010115706,-0.862576806441954,24.8027387469958,0.360816657945351,0.191447248512915
76.2896257540125,31.8293362248288,0.477221413862692,27.2822514585071,0.687310549691969,0.687578896498963
76.9782935917572,32.2527696801769,-0.900224264353589,24.5763884763615,0.402422917670225,0.415298193344166
79.0806494714439,31.9704742019637,-1.3876228453771,21.7187998329378,1.00133894169194,0.495306282508735
79.0428536124149,32.798701273286,-1.03751884408049,19.0013756197994,0.93649988963472,0.447649541108322
80.1138309098437,32.5855232782275,0.463012283075159,17.9543637150683,0.235911380595721,0.44124871537238
79.8907918499574,32.476835562171,0.0583274029460238,18.4842525911978,0.308968682812156,0.426586600488553
81.2829009015276,32.6515575380192,2.30806632779639,17.8112950533247,0.280956982244962,0.473812784127453
78.2206550360144,32.4085526851091,-1.70554602160885,21.4313826443551,1.11941622281979,0.976168164752893
78.912379312307,33.2278314334692,-0.88998919192944,18.2106323474306,0.651071586315861,0.469863635241008
79.6754752876639,33.343410212792,0.101007785662547,17.2076215400068,0.139398548009512,0.111004052296676
80.6880035484244,33.1051774955612,1.45065722592518,17.053884443206,0.0129625832415248,0.213592559447872
80.0136154091606,33.7379424065227,0.347315512896841,16.5738878290778,0.231750195379235,0.471624481897823
80.1533013003134,33.5693896029062,0.66795370436213,16.665708299771,0.19589942769644,0.436242657055681
77.5535945404102,34.3150844124191,-2.43654816349612,19.868672217014,0.378281058436532,0.569484795276108
77.9200786285293,33.983175203987,-2.00980502346666,19.0236216047342,0.328155235004168,0.600221537320958
78.2417250212463,33.9293394709913,-1.80796036005489,18.1765001997788,0.25257067282614,0.569867763112329
74.6211905041369,34.0490056223161,-0.387653383837354,29.3813294664559,0.644880111945532,0.103294662480215
75.088960749681,34.4312864606027,-1.66740004187826,27.7792338552774,0.190308197712787,0.0865013972828432
74.9457696001716,34.1392251346634,-0.60292361986796,28.7484409327763,0.412551290691213,0.113380796337954
75.5775723792607,34.3746093765901,-1.31626528124471,26.8040376849862,0.146867860066803,0.343971396549739
73.3788206681712,34.049238539643,-2.53847311031633,28.7664277758909,0.821129752406548,0.482055577260428
73.3465255760836,34.3753693708598,-4.61872439923197,27.5993201052782,2.19070191838229,1.02186480657822
73.8701782608015,33.9237276425651,-0.669622909687291,30.2859010755158,0.488894996113685,0.340319224501979
73.8978110484875,34.116515309816,-2.10074154021009,29.1804967952856,0.289552721177242,0.537630419141664
73.7253745606392,34.1476649619137,-3.04065473808764,28.8188514449182,1.08635377778218,0.724367424110708
73.1204265761092,34.3126276014887,-3.85027399764982,27.8580610894577,1.50535096782529,0.564294137095415
73.5441906950138,33.9893899063787,-1.75856079002545,29.4486427859575,0.283316122923824,0.120082672350545
72.0085732732275,34.0957638007341,-0.508421351250921,27.6780129675444,0.396413821793358,0.922754881422144
72.8815891042492,32.83555883549,1.313602482798,30.7784229992125,0.0951541512002259,0.129715745117874
72.6065571937755,33.0331680612331,1.34963483866847,29.961505629417,0.157807671538504,0.104568258025862
73.3282354500847,33.1553297285645,1.62695841794268,31.4071446836322,0.715757981027473,0.970222803608034
72.4196817720268,32.6639509182299,1.15165443590288,29.9069475119902,0.44545908932563,0.609463340215136
71.1536163761357,32.5411925861294,1.91189722236781,27.0525164544429,0.0755575750119071,0.0847727227274085
72.338809485347,32.9127488834689,1.29975285910411,29.7677752680884,0.0112943565002537,0.0543735720563617
59.0789927606081,32.7501423853401,-0.0193506688439157,6.85800360259443,0.109025261592407,0.809377708660591
59.2984517336914,31.2086049770395,1.41261756274775,6.51891599147531,0.434807672509528,0.116825392645937
60.5365519279069,31.6722458324415,0.966702398810147,3.54697612932206,0.218531991821292,0.247950240130845
59.8842703770212,33.4545614994035,0.217003590476169,3.48071672494305,0.0406233017852253,0.512395364128887
60.0780011018214,32.600554474553,0.795072259115769,4.32241852238118,0.380332666028112,0.367746005169091
59.1417620189102,33.6222568189601,-0.661697872075329,5.25888019424674,0.468711891131894,0.0585583298203121
60.2820379810646,33.3192502908061,0.68841397838956,2.94508042251833,0.382107987192211,0.359592612698522
54.853003325597,33.3294705277589,-0.399449285933493,11.6153021182309,0.30221614281544,0.240826605862137
57.0767162534365,33.4314850303021,-0.681395095583005,9.57639993219899,0.0971517392587569,0.120123754300343
48.6785303151552,34.2328826043587,-3.6825194192526,14.1394165266536,0.101083348222937,0.142459117853508
51.1420069995938,33.9511093153924,-2.4573848894122,13.0978465836737,0.477633260548278,0.178694826421927
50.7880750203597,33.3487034161486,-2.62401377510669,13.8542356792137,0.421925532036402,0.152665838841965
48.8183313492319,33.8115587599008,-4.11153555520286,14.5759058526028,0.333878312868259,0.230945361185444
38.9080266577089,33.5428966685582,-2.55373423809288,14.8810004521547,0.267913923686745,0.367192518950716
46.6899011024371,34.1232809979759,-3.89122521974226,16.322826842323,0.132243884235018,0.260805215878931
47.9797412043381,33.6473913278946,-4.50261054673373,15.3670869075509,0.15036424279886,0.219920097565851
48.0505978132402,33.0872143211544,-4.59523820330343,15.8953595349959,0.149507477401868,0.484212301999514
39.3441423672875,31.9404087376858,-1.34323536239463,14.7527175277823,0.0556039085449607,0.391645741651415
47.4404693277447,32.8640380578222,-4.25156305629026,16.6140771539078,0.291329560875463,0.295709449184766
48.6554456502262,32.337156587445,-3.38745850944202,17.563031844148,0.103005953081436,0.27288536312864
49.3591853462481,32.1576724248184,-2.92992883960068,17.8218991665543,0.0160486256989881,0.0663264047067646
50.8346252738888,32.2750089803212,-2.0992324521271,14.7411558454544,0.19434020696755,0.517952356521853
58.1470766724033,32.3872866992769,0.233939947523142,8.26504578089098,0.296373608064551,0.0419654343753931
58.4965852551885,32.8834319869854,-0.447503609445935,7.6433554104971,0.264206321363565,0.419429400914053
50.9275711585191,30.609159660379,-2.79628345324636,17.1796072260655,0.354486929787982,0.0455689362238153
56.5137625898477,31.6831516926479,0.0964030038642371,11.0356861862112,0.583708089178964,0.12587229008472
57.6561331889051,32.5123880430132,0.0336341311274099,8.86448916417397,0.349282260913242,0.171348145013987
52.6257764019739,31.5454240538877,-1.72811525277851,13.388529484037,0.305000686998823,0.0832563253656014
55.9917289140611,31.5405390133425,-0.368553293785014,11.852360480755,0.236126297919045,0.29053141648354
51.1025218690922,31.2186230908461,-2.57715521623549,15.6328993625517,0.228385487959829,0.370803622181265
52.9547903462287,30.9601785689581,-1.69140086464626,13.5278027031942,0.304373867415644,0.166071864333003
55.6072584072812,30.2535629383534,-0.934697236792499,13.2277308136346,0.35327440184395,0.206064303033923
48.7896824590689,30.188857959915,-1.0772710799576,19.798727727006,0.0395215398911358,0.574717689724237
50.2037906592317,30.7378310491762,-3.05098337814734,18.4422184033704,0.501142653061621,0.140532129337749
51.2296979394393,30.8816331324007,-2.60979038381352,15.9270741890315,0.276891225535584,0.293716209373146
49.5247160611663,31.1180410375026,-2.80891591915019,18.9615542897087,0.385845707058588,0.307738584035628
49.4444154549083,31.6499252388108,-2.69340182546269,18.5842602311226,0.00555160957360345,0.058747553471449
50.2623362684218,31.1093716242841,-3.09819645115626,17.8259115961215,0.516265850792258,0.00927989319330354
50.5552626312644,31.693064193699,-2.61429744062853,16.2786461213875,0.17936924228011,0.237284492792624
52.0984856636403,30.9754093790068,-1.91272056636588,14.0919413533568,0.100322937260439,0.593901373087327
40.8230731660078,31.1679663062747,-0.204520239419822,16.2602759593334,0.347553758567985,0.0447218846111507
48.101107719802,30.5806646259631,-0.63260990757032,20.2556227185106,0.449956878571869,0.304907429862396
43.5253422073646,29.4097909881938,0.88624007552304,17.7641741417347,0.0723228161597146,0.074452515252604
39.2737931915739,30.4176000112104,0.0409777496854062,14.5878628623218,0.27199437951298,0.670358658975168
41.2721388014196,29.3331164850584,0.69725208893595,16.8441878784591,0.285349516128917,0.255923200840429
47.7968713904369,30.2449972472824,-0.178448117067697,20.181565555998,0.23640650549761,0.30532834354156
50.8498616516984,28.8626114015087,-0.581224172821175,19.4900092718201,0.0456037790725833,0.465166285061586
52.0410263944094,29.9082778533569,-1.54653638195422,15.6613704168331,0.0289544744941054,0.257708979567496
48.9383564467921,30.7442956195756,-1.67078716753186,19.5442195873268,0.166922430795401,0.65704082518987
49.6125076297746,30.1454303598844,-1.81395134393692,19.3128247634044,0.0971095239772816,0.27037284534116
50.3881301682386,30.1704022366133,-2.47823245270984,18.7738582280657,0.252728322582279,0.258534966932619
51.7290887460943,29.743827185783,-1.73778659065744,16.8376694848835,0.25984161024315,0.268115427964747
51.060486414497,30.2942510012881,-2.59565004328438,17.397962661433,0.339702200661206,0.114452947004319
51.6993405970043,30.7777082850364,-2.18422678160236,15.0199060973523,0.134868068860353,0.502332369108085
53.482203899908,30.1584114381851,-1.29979565792715,13.6827252183664,0.0507416285325208,0.206953400041285
52.3409358972243,29.7891561029619,-1.20730834451582,14.9312864142227,0.218453792213773,0.679125068825204
52.9454275886117,29.7882423281955,-0.936519247765629,13.8669663032914,0.367393408837927,0.918136933368908
54.1349819987022,30.1904420244805,-1.34991826830639,13.8471769677727,0.247724866583044,0.448751115025015
58.0481676882778,29.7490085796287,2.04176318367004,10.9033326025074,0.29245335537514,0.439528575599861
58.2642913383966,29.2143718561117,2.45694026894362,10.0757140531346,0.482329676528979,0.992879395481697
57.5048492483567,30.5280683492369,1.10433153127736,10.8059466912073,0.247535526557846,0.974039236443508
57.4763653207153,30.0506966616263,1.09611962570994,13.1321892202047,0.144395610317225,0.987675565187601
56.9432011790333,29.90358296175,0.304675176520685,14.0923693479873,0.634694518513465,0.766965670765764
57.8691345892427,30.6058179057473,1.82745863399335,9.72984942752166,0.906933327588942,1.26178649457831
56.8779940255712,31.3594385495055,0.406036617928871,10.7400030946146,0.603752224202282,0.413865137671412
56.6672084702055,30.9702147392866,-0.0429386218385056,11.7448127939445,0.0215847869185037,0.151619976119092
60.1482439611071,31.4035302289617,1.12150529901326,4.47822305642028,0.253483404890391,0.319463418350151
61.6919658115252,31.2842869669362,0.582967313864435,1.67367518969931,0.151707600768141,0.13608997467243
61.234031783598,30.873284595071,0.779430765481662,2.17514098309386,0.195360040043144,0.191328189964998
66.2402079719734,30.7691113379988,-0.106599064244414,8.0050102450603,0.99365123358617,1.36224013707797
67.3017301575338,30.6650475737904,3.00872757076584,15.5192708214215,0.545988872384348,1.13493044717574
68.322418974023,30.6676220932743,5.88731582099357,18.5521635630035,2.53709867954184,1.62952360751684
72.6548970952398,31.6744704850083,1.78883985828768,31.251203793531,0.596523898416167,0.601936892390349
66.8734108150041,30.4969393636477,1.89871023299,14.0049103967516,0.101624707008106,1.32933631092865
66.6552052281761,30.7699030878856,0.884934404293647,10.8653850798291,0.594551036908022,0.171410651973486
68.1478236061948,30.3084646294381,5.56292590101213,19.2910373440758,2.05082355774803,1.06818415366039
67.6938739290176,30.2670761909416,4.31184700639415,18.3493388703391,1.15042457222123,0.255727385877637
67.0104820698794,29.19148963659,2.38017141914561,18.9998643062799,0.0539965300734512,0.644823418126245
66.0895459363061,28.7564827829852,1.51916915502165,14.860339058872,0.239067793233911,0.595828953843967
67.7478346303818,26.1043339641287,5.32896471329733,28.920852840879,0.439421543285156,0.119447375203771
57.7309737706276,27.8782095353053,1.90797147166778,13.3950905298005,0.783668701372066,1.59971967283773
58.2552035456002,27.9226067945044,1.53093833517536,10.0932110407722,0.727276647328682,2.06429070440569
57.4217882954612,27.532422911377,1.42320441474425,16.2230177715744,0.969031498158045,1.08555132121325
56.9949483702721,27.3227440634878,1.36274832655771,21.0889947914293,0.547698646187487,1.178097441516
56.7074010172931,28.5112551163293,2.46649527316724,17.1732112160451,0.18915537355424,0.969789832354519
57.3854940776756,28.1711065471759,2.69652675244704,15.6510120371781,0.204909862253696,0.860408779508758
57.8765670583782,29.3794793535383,2.10473746666474,12.110705241916,0.0755001328344127,0.316016333801396
58.3641678826236,29.0021874658728,2.57578769648136,9.58481361447047,0.605339266681137,1.21794474663468
57.6272146951789,29.4036382930075,1.93890785126582,13.3816563718657,0.00549477023602482,0.183447517508955
58.6894509177812,28.9453532804546,2.46486317467332,8.06702878753538,0.660680798423913,1.42931108697351
57.4470356527688,29.2344819480645,2.1254963247312,14.1849367675421,0.138903892613657,0.0991769139246745
57.9508717408908,29.1812295045765,2.41702695372662,11.6984244472543,0.334838876046995,0.717780163795446
52.9158604542846,28.2780186362985,0.120352454683388,17.0380550084735,0.420683908851462,0.103156601423643
53.8274545309569,29.2033574378863,-0.49914451402315,14.1423536251465,0.0297113641960135,0.750199961840396
53.2856833572325,29.3357820558023,-0.525063786485235,14.1987730702906,0.299991380868169,0.801954944696693
53.5715487352745,28.6174921799748,-0.0866602384991981,15.1847044006931,0.379723761240037,0.896203628359927
55.1649041747261,29.1597085053112,-0.336571461888497,14.1592948078791,0.410023149708142,1.29509530083223
54.9141965474185,29.4031944097815,-0.732058072251577,13.9556540093601,0.38229319260667,0.679032121297683
51.2630037589605,28.2488118946329,0.194948421324203,19.6665936073345,0.044128065714823,0.518241201804817
52.773760551847,29.5128013638031,-0.780351929331649,14.3480681585051,0.357811509871395,0.974614121440489
48.0122422962632,29.5220506068171,0.383052828336733,20.2494021869938,0.151128111287581,0.0806346503399122
48.5419160177422,27.9113908210708,2.00041283092064,20.4676240612233,0.637338179662919,0.126919135756442
48.487840996647,28.7251255522744,0.998186962132403,20.2322198053367,0.488050738459023,0.024076082600482
50.8370555318866,29.1949331398075,-1.1071626186935,19.1508838473735,0.0920046017368299,0.361986069795504
39.9609058402557,29.7708974373529,0.435934637127539,15.3676461647638,0.0974953061071021,0.420686287071207
44.0342785668155,29.6838836769541,0.804037369833564,17.9122501909692,0.227562482339081,0.0605472934107384
45.1720807027506,27.1698514057201,2.93523318767569,18.8402828564849,0.486598013262864,0.105957739139074
47.6523891691862,29.2667902042334,0.887908807895009,20.0065239060709,0.261102763854213,0.0141954556842216
49.0095522980203,27.2275845248516,2.57954379483282,20.9100659004644,0.468163124666854,0.195753814609749
38.459662338462,28.0171924670594,1.10473040526897,14.1858734682921,0.213390149835396,0.595852915831364
41.5313305291399,27.7523638719899,1.29688493264023,16.6304604435294,0.33640382436788,0.110852804230494
45.2266073164014,28.4777744115036,1.4756891245931,18.7197070641679,0.421457917836845,0.0809379410408129
40.9232378814991,27.1240270461591,1.85264591613362,16.0586229531674,0.175227126176338,0.10475083192758
41.6301500033756,27.3875671238868,1.42925128557088,16.4596418457848,0.414641178810344,0.137654537482183
42.2967843644648,27.6093815642758,1.42647599070501,17.0215058489579,0.280172319533742,0.0839200820825895
42.9491041124687,28.0650235266346,1.38944198726819,17.7260059669251,0.187409962127647,0.275968200049918
46.0358538247993,28.2631546353253,1.62572065212077,18.9547500888479,0.493283057491711,0.282103655081033
51.8677145392318,27.9381590522944,0.599872850857578,19.4209552917163,0.102733158386043,0.648761531287696
54.2796032034638,26.9155024284918,3.39779485020525,20.4623675751771,0.626433908568766,0.492950463873438
53.5938858542413,27.8821196794393,1.09103796990911,16.9067849158861,0.375161886871874,0.897785536411268
52.5201508777527,27.3581584756807,1.79669051521246,19.7932732292989,0.217012031443389,0.679687005601209
53.7972135383218,27.7314713067655,1.60269475556978,17.168213655479,0.188823694235605,1.04870575303531
53.2745859862887,27.2473591368195,2.2598463412859,19.3818693713527,0.211018112246883,0.248926808637259
54.7659746662539,28.7160774044988,-0.126154552880872,14.861463071306,0.814397912064618,1.23533871311049
54.5787212938491,28.2079405544183,0.740036000527915,16.0598101568496,0.776910426434977,1.19066889344342
54.3104167930065,27.759831108866,1.82956426538803,17.3477203048,0.231095096015173,0.843627759923469
55.1676208862035,27.8434592268433,2.05953140029991,18.0695557222666,0.330222162547138,0.991191939429718
54.8156439927445,27.3417781568555,3.11236871409998,19.5915152406312,0.455280394104021,0.0888480788312397
53.6536140965585,27.214254248468,2.59557289013459,19.2626950603445,0.325131352997346,0.0255525658666485
53.8397370068285,26.899321417871,3.11838696831835,20.3040464681952,0.484989074301133,0.440476024227565
49.0116189643489,25.765536130745,3.28304774996558,21.1602118247092,0.15567425981883,0.0267887341886782
49.9238958972326,26.2596038759574,3.09412182070483,21.6512455047866,0.0886001558860263,0.132980336601575
50.0883069614713,26.8694421836039,2.63565714885939,21.4714087355681,0.244540625916021,0.317381065073685
47.9351925722841,27.2781777719119,2.79161329190815,20.307816499127,0.5295242069254,0.113132341782269
43.0481681708702,27.3003515219861,2.16679395664147,18.0012576197149,0.251686969147299,0.497139101403765
44.0724699997331,26.1656853896306,2.79969947234258,18.0389912640786,0.0954603993905033,0.114733722837241
45.0263304009882,27.6218762134553,2.44193905449557,18.7137196987982,0.179771062658199,0.0524929191976769
44.8145558738171,26.0984920517105,2.90889996515908,18.6354196315935,0.0698698263992178,0.174401500803855
47.5812842681743,26.4217841908365,3.16285458116502,20.1269449537794,0.0753177357927684,0.0165366829015044
46.994459659483,25.5901078394759,3.44910555121714,19.6772557301118,0.128586598312708,0.211399208645691
42.2866591417123,26.1596053965932,3.10483363171634,16.9724128333535,0.313864679244716,0.10313865811956
44.0454899585082,25.7601689441844,2.99853051396727,17.8553318230906,0.136687244170375,0.249668272825785
44.8244727356003,25.7432486135271,3.06596659611578,18.5110279689723,0.126221642167447,0.0150150936009681
45.5627701750923,25.6797025664945,3.20467243195516,18.9141500979165,0.0820041119494595,0.0773493535010386
45.1482106412182,25.090555016962,3.60634239695524,18.6224386890627,0.0142131397359567,0.0662649599811306
45.841571870659,25.4422382269301,3.39749636591878,19.1097035413487,0.0301633711712985,0.044364020721789
47.7475697296655,25.0301074476384,3.75748024017524,20.0237854726648,0.106609531523546,0.186561764795954
48.3626366257914,25.2539331485067,3.47869743948489,20.6557764144832,0.319015585876231,0.0579948948182991
49.417959514357,25.2562650474371,3.38582565443056,21.3602638205934,0.36423569716762,0.16619474037434
49.313075086717,26.0166122105036,3.24086299627297,21.3530165587545,0.024259816892036,0.0410030739064419
49.7954185628561,26.5735112728071,2.91511156578008,21.5827402826088,0.136996463149568,0.272980018831053
57.2455577659569,25.4631427042434,0.277975485586116,18.9500319799303,1.56301823418059,0.631635509805328
57.8278933828476,26.2523094078855,-0.122659354520492,14.716002962501,0.517402852422296,1.23309002511782
57.3561276625646,26.9046795618182,-1.0944236437429,17.7859979363401,1.07002212470539,0.380953755736695
57.3143437506209,26.819978046741,-1.00540757475184,18.4362644161083,0.866451177338177,0.148670172078776
57.2176237024544,26.8494525274253,-1.11434419628718,19.6483809789106,1.1028877003063,0.838674712938804
57.0257566682829,27.0334741263227,-0.168114977423968,21.5641835118233,0.859914541171357,1.83261125737631
56.2284449954971,27.2280231494977,3.37808192067064,22.5792876614539,1.02101888339285,1.19798518802779
57.1082016152311,27.427909484623,1.4912367266419,19.7407788369049,0.774611861223621,0.452076548453679
57.0516857644304,27.2119051036155,0.699812870123319,21.0489808107564,0.674216735501853,1.33748912646391
57.2898515525351,27.0933266140933,-0.562293271927265,18.3416858502194,1.2810272541764,0.360057927724156
57.1231289598332,26.8162100512376,-0.653214851524703,20.4444899220276,0.784292651591297,1.38934228775297
57.2581345189247,27.0209933239501,-1.08125342376786,18.9876019676618,1.49471450957121,0.124447811032762
57.6271223574779,26.975113418434,-0.45685006545221,14.8556856464539,0.739302944933244,1.51755920316735
59.7964929915086,27.5050390651241,1.25049136940056,5.67541823826291,0.118125876122723,1.38205769861801
62.339282456487,27.6743417580585,1.48509984734264,3.67779065387151,0.104930927274873,0.816662296002096
64.241719440476,27.286486936333,2.0117154581666,8.53048906019764,0.296419914335005,2.7288412984262
65.9432356371581,26.5159683297237,4.1837144206203,21.1241360129464,0.59391969215522,0.749730974988034
69.0926954628455,27.7323975702485,3.97661848361218,29.4755622345633,0.254222724168461,0.252050536411077
69.4141953007704,25.7324912729051,4.9425370734049,30.5589775634412,0.148804535355183,0.123205322296963
68.9337432140596,25.4580965026674,5.11365189423049,30.229672014201,0.0411859825017728,0.29339275444424
69.1157132402133,26.4338481180535,4.56796782456982,30.6581724172396,0.39803354401637,0.128630270893047
60.3258764479992,26.6914666103185,1.63192220470325,6.2962951999429,0.0500633925336091,0.894955092273921
60.2801389269299,25.5072393908848,2.77306326075367,9.36311976540409,0.0234576409278514,0.224065211906549
65.7683586647197,26.0960871954622,4.80187567139884,21.4186082280994,0.707629450728884,1.06114111982108
64.4881115436522,25.6924508808094,4.70648352539568,14.7277403995117,0.101509658831142,0.529902524103481
67.0739207409946,24.9731077193097,5.60933161604907,28.7143510404468,0.0454918016103627,0.497371419109533
68.4452893729603,25.5668876795918,5.35034266880988,29.9421236008138,0.165989176054625,0.337043707779507
78.4271393384451,25.4597145005849,9.36419151463594,33.2684811876179,0.444388299496368,1.24576675415883
85.3661095335132,27.6785271373355,8.53029042540015,34.7715207793678,0.0198865147412974,0.872138758949771
86.2309353069053,26.5969760444088,9.98402255649229,35.249769707013,0.398087845018142,0.553138030630449
84.4207353521629,27.641072996731,8.06923575781131,33.3323116355236,0.201415976908826,0.434977372266628
84.9750246599744,26.911574101648,9.75770353709176,36.6921853050444,0.692856273835108,0.837794524889447
85.1769404461485,27.6304689549689,8.61359307129715,35.0943611447667,0.148800609534783,0.858904054031401
85.0509233319124,27.4406581716634,9.00009599401499,35.6049662732314,0.323878041357887,0.774891683266958
85.3956542854762,27.4222211502355,9.05152024305605,35.7247945206165,0.302482560547222,1.02234666846025
86.0860587909938,28.0919539179607,8.79073244797728,28.8785701098494,0.094978120184759,1.10225870227648
85.7524328184499,27.7489798104796,8.62963478009343,32.9006359363044,0.161141774960955,0.41146495936658
85.4671988452382,27.5881353054229,8.7798402903697,34.896562189698,0.129640871551389,0.873007348368706
83.9519770675327,28.2281994966497,7.64420460478444,31.1567725371738,0.0567100842198227,0.355962176403661
83.5639179600304,28.1620872681233,7.5672039981937,32.1921536258454,0.225272625017867,0.90390792689269
82.9256964726573,27.886655161139,7.57608156193133,33.9011112028076,0.392183348347752,1.20317100624949
84.0148469798159,27.6880390302646,7.69402072753118,33.8480775117728,0.365048510238057,0.750625273370101
82.9085341843189,27.4145380388916,7.91475809221697,35.5188866549188,0.0960119021612263,1.72149604244768
83.5261601788977,27.7358867393513,7.64758727237561,34.4319323509349,0.0283146338708809,1.55993998358173
83.5468315663378,27.4942526682529,7.89439623041945,35.2859149287752,0.056557053914324,1.69509191390199
79.4070466702574,29.4419584165023,5.7469006806686,33.0662159489011,0.250917365503141,0.592351284400122
81.1960688070733,27.0004772340666,8.4273753117969,35.2930756590982,0.505418530532081,0.911257428176254
77.4205015063056,28.1458543608911,7.63961845925879,32.1860388462928,0.927630262278291,0.726711295718681
79.535472047501,28.7196519421991,6.83306616372157,33.5674267377495,0.897606626043556,0.690262220567925
81.4738810847064,28.5973503286986,6.13198789190805,32.5262415529729,0.445779970026685,1.34428866107962
81.4240510223389,28.110177726567,7.20692796572641,34.4468718519176,0.819002056889241,2.06044416045404
81.345938423184,28.801995805335,5.61100392939136,31.7670744083132,0.296452884308296,1.10727611516314
77.8158536799647,28.534723144405,7.40818530273689,32.2747588800423,0.89011869553061,0.563039796430254
79.1899937104913,29.3189948557435,6.18900307263599,32.9798958881494,0.311643207985951,0.333814092370946
80.5410063166574,28.9626218608077,5.7681158137311,32.7563126775533,0.986431757788426,1.6155353744554
82.138666340934,29.0626105292681,5.61901605699053,28.5403395905182,0.166535808734989,0.936509929429773
79.9565104897176,28.8573991815622,6.33205064768011,33.4573426483543,0.89167429188719,1.1586562920468
79.9866019622889,29.126617675971,5.85442024306049,33.1564575544967,0.800827517051984,1.0984590579735
80.5858521819505,29.2158565627206,5.25640492080445,32.1259421096892,1.1277621939321,1.51460070907651
81.7861297853906,28.6210612092713,6.33659912961649,32.0373795189935,0.558557819530993,1.00313437132271
82.7769622375176,29.0663925948076,6.05723053874727,27.1856710701366,0.0770175258693258,1.55678802776547
84.1992372882593,29.1736180217465,6.64681612856643,25.5053504054387,0.361789227135572,1.03761367896476
84.4222250731589,29.5674971739254,6.45899410208602,24.3883484065239,0.568189207940112,0.695794425253553
85.495813944743,29.2563713589177,8.08322776579286,25.6663169314918,0.419172198150065,0.974825640865597
85.3859936602629,29.5495087528476,7.85877175562886,24.7032174254979,0.375522701572957,0.710136780462564
85.0481987966345,29.5962798834037,7.30506536007486,24.4971871400447,0.389078592632427,0.644211836000571
83.6439641972915,28.7625197358457,7.08329407414196,27.7874667771884,0.166009716800399,0.896861762099958
83.7630379474033,28.4601774551747,7.58427643735364,29.7739158373689,0.310458392378114,0.120116283178145
85.2504882545389,28.9732474834553,7.81228683013504,26.7308477983142,0.456717213811036,1.29911250395208
84.3522671139814,27.9620065574739,7.48453290860843,31.5979288569754,0.608179551486017,0.861945236961621
85.2177705700003,27.9104381382632,8.05831932201071,33.3354960161073,0.140811221108783,0.360300604156683
85.6027601094896,28.6027631818809,8.21301521195908,28.365532642155,0.420865810415161,0.938060797065464
82.3921313864253,28.1347593534911,7.15846254583661,32.9904678566147,0.450634450679723,0.727540935226055
81.8591733740185,28.4053749749307,6.82723769352801,32.9923317310837,0.735905260193733,1.33088352158883
81.9189747506009,28.0431111138884,7.15239382471509,34.1253507771163,0.439548645337649,1.50857267679099
82.4734211856154,27.8735845506314,7.36524433846964,34.0590386899317,0.265691556644145,1.19227300550016
83.5730942310603,28.3623996181734,7.52508671199651,30.7151949699265,0.319738394151229,0.235919419646272
84.3643283308047,28.3302740947504,7.58777070691151,29.632621866494,0.265585320409974,1.07731543641776
85.2353211174925,28.1123499488554,7.77322832137844,31.7118726732292,0.447888644280942,0.342676691280715
85.7379895069586,27.4526867959489,9.04592044205568,34.272371664471,0.238157372911542,0.771804191988739
86.9194221898706,28.0678406354041,9.5032861656681,26.7819311848978,0.105871544370567,1.05361805004272
86.8024189039247,27.7835735620432,9.62342625513879,28.0543691629838,0.157199400454601,1.2873571236482
86.6761551024302,27.7341120378204,9.53043483408528,28.4816799597895,0.179039280256334,1.27839862064349
86.2158949911866,27.7439011928524,9.17390462981862,30.1495683996539,0.121065465421322,0.829325801017807
86.6899990499718,28.1418626096977,9.429547276878,26.6492103605913,0.156915311446192,1.27567420565646
86.8152174947079,27.8970896312821,9.57212562557348,27.3279985714298,0.138595884817864,1.3602038656756
85.9932127012182,28.344366288854,8.729331905813,28.3511236022103,0.10611463947046,0.935270651258875
86.8504070532886,29.5138739253691,10.1661463414745,23.6947294108527,0.0746239034552959,0.450065151245942
86.6932108314748,28.6778993229894,9.0344058624383,25.2465641335018,0.435385778890484,0.810140479663067
87.7349812646303,28.4839373045553,10.2456104803456,26.4909166428734,0.14266321332997,0.397761027050077
88.1382621689014,29.3432046282678,11.6470521400435,23.4577294318514,0.30193296937225,0.412375641434983
89.6875555129759,28.6371854649842,13.0128449759707,24.8966628127011,0.635658303489193,0.227880594725461
91.9000663890959,29.0508385429754,16.738576004938,16.8702872106287,0.822609597978494,0.31934465211434
89.1751697987678,29.6777489353893,13.6558313397663,22.2941204219923,0.0678197260454288,0.135212134528612
89.3633595969319,28.9016881716758,13.002201918674,24.6459181803948,0.242243748334601,0.0742301371196054
88.6766331816651,29.169254576184,12.3398483721626,23.9499378620327,0.213858161795757,0.428108402188284
90.0644641928393,29.4252672989111,15.0665124093676,21.8589963721452,0.228258454406038,0.185100805078446
91.0380004659514,29.1693407058424,16.100984937063,19.6821755790343,0.349823030261216,0.120137586635689
90.7949918968659,28.6935363588099,14.7045922626245,22.1055269196199,0.322308555257775,0.130893792111804
89.7381803811727,27.9097901816843,13.3334220372183,27.4782760296105,0.430409424116013,0.539297144902325
89.0550804546245,27.5175104820498,11.5233369708302,30.9027421361548,0.132036184180957,0.589312353666463
89.6658228037982,27.6544118683394,12.6814066740145,29.2837418130156,0.0492601619618712,0.129218383101859
89.588976176149,27.7723791406911,12.8949265418499,28.7157404801127,0.268320547248371,0.133781824585241
89.712575971522,28.0647205962196,13.1147582329278,26.7772941863688,0.0625987072910006,0.629340915075263
90.49555780284,28.4808018341757,13.9767172777595,23.8039178668335,0.578267100336339,0.113763981620389
89.3469125402835,27.7428953658761,12.1825298823094,29.3722961262952,0.22864014685849,0.207372407305558
89.6176550051218,27.4159806834235,12.0221128945989,30.8024500608649,0.273465269387793,0.481947664019035
90.7623996343795,27.4528043129674,12.6478186403274,27.9916656029889,0.678067824851189,1.55897657314794
90.5593300348682,27.4798189393615,12.6915023922686,28.4039562748319,0.532966990710913,1.20618473689668
91.9276330667387,27.8737523355023,15.5043316260987,19.440112340658,0.951912039194052,0.984768558895171
91.6023067590844,27.2398627184941,12.8470990814678,25.2635230702934,0.358791997480297,0.983950875548042
90.713019342652,26.4836266627087,10.9822850336842,31.4286911970569,0.14340995901651,0.272167727222064
90.6047898245303,27.0736750140093,11.5385727888512,29.8630396929444,0.478285730367552,1.19092155155713
92.439053624229,27.1911996232152,14.0178231096975,23.8216515692621,0.593311638877646,0.533592032948448
91.403162921407,26.8499245659609,11.1283651940551,28.9687690558221,1.1169918845179,2.00810268063841
89.5379487403266,26.8928486617774,11.3339215986687,32.9666091351125,0.446879442931494,0.594774602489636
89.5332903042385,27.2626838767358,11.7626488303921,31.73425532508,0.0401315328030655,0.563463747504334
89.3650077143823,27.4806587938026,11.8720971091878,30.9765971390848,0.145680007697302,0.339384576285785
88.5155501679685,27.3172729056729,10.6936702954827,32.6495620997761,0.163247442424542,0.674666133264939
88.6636393082866,27.0396890161031,10.7624229448689,34.2200308170427,0.17060233215988,0.310048397387647
87.358744506832,27.2694461099577,9.90808748964208,33.3868537940821,0.171952087557049,0.712627605421294
87.3471088648925,26.8106328439697,10.1231952527989,35.9948251150015,0.11175806286002,1.44296713582707
87.8583736778909,27.25462908072,9.97544519359849,33.7722128182736,0.495141968360132,0.302442582894863
88.9087648974425,26.8778676315589,10.9698698261767,34.5508180279466,0.452144601554875,0.681395595119042
88.3208400103334,26.8049492893302,10.0898668956351,36.1169633855027,0.499351587820965,1.50437740892885
88.3855468702527,24.3869908670216,11.5347915641776,37.771323660255,1.01629463627225,0.182361357204055
89.999365132872,24.9050678187421,11.4120017953777,37.1992872650294,0.154900452058032,0.263290526789852
90.7906435681086,26.0695268501826,11.2683693130629,32.6643436660693,0.0296337413694821,0.463330935917538
90.6060718788271,26.2423616952686,10.9963734566112,32.2034960396044,0.0589342100583412,0.457445354747129
90.9950201090373,26.5810352971313,10.9219101122862,30.8851505865275,0.352641616370846,1.03276518619995
91.1804983496968,26.4901350711654,10.7558206992859,31.1776280322285,0.73158022830303,1.27235419405328
91.4350440062281,26.1376010692113,11.2170869875773,32.506877274157,0.423348406174777,0.64393388001575
91.0011355247567,25.6439096911194,12.0910042225705,34.2251070143196,0.398464287288254,0.261198646234953
91.6346115591999,26.1155763291172,11.3128209448944,32.4733200036688,0.342297967931949,0.551825132489191
91.1992318198236,25.9991376439198,11.5166139123495,33.1147002162824,0.0542284485648761,0.358594326360549
91.8389459202488,25.9232092011894,11.258630239128,33.1846365099996,0.269424654193618,0.338744119210976
72.1043327632595,23.2759906983229,7.24700058916928,30.8066634206522,0.383131372501832,0.156375528952203
79.343133953852,21.8474311944135,10.9359084570697,34.3617505032244,0.672011683622528,1.57939872578616
78.4476428647712,17.5246398821099,12.8015392157703,34.9980092967506,0.117822563294109,0.262054239697027
73.097452892471,19.2281455069451,9.65400122938627,29.8606376670416,0.181087590929558,0.945516083995573
73.2310937858788,20.7185548035712,8.59871528077788,30.2444698745605,0.550916252257689,0.94355610218679
70.9039213140518,22.2938643913178,7.2637659101615,30.148327994738,0.148572675045939,0.204471450902644
68.1580661360962,24.6957017961705,5.185568956959,29.6562493267796,0.236017127682557,0.371427297955979
63.3960196607744,25.6910669420474,4.05434074028123,10.0087587832505,0.346392554740846,0.975483048829941
54.322231323016,24.1675402634148,4.22292517898825,23.7307605336472,0.568834299576817,0.252637673185475
51.5743341118528,24.7640681726458,4.24292138154449,22.6682703235652,0.416449267266978,0.243026953378296
58.4906389115526,23.4685538834817,4.33474219164337,20.698987863129,0.0715624358973778,3.70304311523582
46.8804029954227,23.5299448014198,4.82577485440868,19.5304280992823,0.120876746045439,0.0863317249000102
48.7912379418455,23.2823210052081,5.69689915260415,21.1130332377207,0.179865372150435,0.156025981423803
50.6299889853826,22.9482798168817,6.11289751355999,22.0189035536273,0.328999260631141,0.578004987294476
48.7779382945149,23.9120354867434,5.02581271411147,21.0363211128504,0.193611296238016,0.129223071960028
50.6818674202465,23.8020932502262,5.24960593472523,22.246657941868,0.4028781412085,0.143770852431903
51.0184133728449,24.9186427240325,4.02654157981654,22.373204763435,0.250931552501171,0.225153600286068
46.5250738957346,24.9286935829151,3.81885157092335,19.7315267577744,0.0488841326303078,0.204501913090802
46.5949835129294,24.5348783336612,3.99104800642997,19.7443837006518,0.0570517319920277,0.224642082457884
47.9838036292394,24.2997209040982,4.43536566637464,20.1719136725953,0.129485731609294,0.122630836557756
47.3857093444761,24.069467338724,4.49978817309595,19.7122901997721,0.100345458966576,0.212229728130815
45.5808579174278,24.5203660310579,4.06881482764515,18.8597175210563,0.0739015381466806,0.0677757142883188
45.8062798628578,25.1025277051555,3.65902073643931,19.1116663627341,0.0639717403327884,0.00715063652803033
46.1491978114954,24.6613821078625,3.96274046873771,19.4288567861358,0.0468461414629509,0.166704434764897
46.9020701991912,24.7966213086849,3.94437487855807,19.8027276504699,0.0618687843461433,0.0593405953909165
45.9691392298067,24.4276859580728,4.05609739416294,19.1409964443231,0.0612096066653093,0.0355021063151911
46.9443480760205,24.3076606672704,4.17368907451365,19.7374256021891,0.0220914395058482,0.0738440370452192
46.8254928761681,24.6265056460124,3.99190430014733,19.8518430966354,0.0121577800520545,0.198133685527029
47.0787606384875,24.0782001296384,4.35841211102599,19.651628307297,0.0449474904355486,0.0796507254724782
43.5976364590689,24.4222695811519,4.11550207936118,17.6243714055169,0.0495121868534596,0.0144093716990863
44.8031559078687,23.9635955702697,4.34500476492046,18.4066936035549,0.166151448578051,0.0521705786762726
43.6107764296596,25.0698848744599,3.52885805782686,17.478695761363,0.100014041215087,0.264875557897386
45.3614611846355,24.2740638305065,4.18195541322519,18.6802161587243,0.0328826735839427,0.0811116850420137
44.3087148397421,24.3641661436998,4.15326734441706,18.1186488425138,0.0217500537680624,0.0491577776295701
46.161356239583,24.0838979024077,4.27973508807509,19.232132756828,0.132739179129676,0.0328217399435123
42.7742284992988,23.41698365562,4.82342615153132,17.3374428334358,0.213603209556373,0.376696423463551
44.0084137113191,24.5345238081401,4.04631791280377,17.867240073863,0.0529051193698771,0.0458695057503129
43.3463632190421,24.7587232925312,3.85457995342909,17.4165001436664,0.0395081617887116,0.0891957753734294
39.3814017940273,25.584397664446,2.94742427154622,15.1747417665085,0.32011179207514,0.111557808909715
39.6656597231976,24.579104244788,3.82301790905896,15.5392705001436,0.514141543095805,0.115707027580716
40.867364080125,21.473865169183,6.21904755744367,15.9144776633709,0.172180633985883,0.160289710986909
40.52499680315,23.6971032614706,4.62792894555242,15.9038648165844,0.168533394847854,0.0862330584373829
43.6666286211718,23.6836313515159,4.5658755690773,17.8222929074447,0.218018927037545,0.174141519139466
42.9210397832891,24.1088749552026,4.29741259393174,17.4157437270447,0.0663542359093893,0.325336675374714
39.0398358153216,23.0015058902041,4.17193985187924,15.2674575752107,0.135218259445601,0.117419547041345
39.8013246441134,23.0853433090705,4.71363015543751,15.6378604510444,0.118631649011631,0.0503270798003042
38.9158433901285,21.4720013433566,5.09756811570042,14.663330895852,0.0949963994957927,0.187495912685868
39.026574125104,21.9720920710249,4.8831882620879,15.0815060778434,0.201848909917687,0.0792147686563596
39.157961594981,22.4315219777207,4.56687011478373,15.3917681018768,0.0230792321945893,0.11252353798251
39.4663249122391,22.6004855047829,4.68077600798647,15.6407772805602,0.102966105941518,0.113418493228643
39.5839141737492,22.1627122346843,5.02972763645611,15.666071134483,0.115663088499565,0.059664403860292
39.2395561580452,22.1837226951716,4.8694151174895,15.386504517359,0.108804444582694,0.0459636272944533
39.5938705986409,21.0270776815067,5.9852121667124,15.3020941438211,0.130650695866807,0.282074289992914
39.1347902069834,21.7189966449179,5.13209892074422,15.0746835628824,0.150780046242064,0.0588454869433643
39.4194688734467,21.7092277447582,5.3125490321585,15.3556875850328,0.0639138952767449,0.0684006047092341
39.9365363849149,21.0863293347948,6.17061494219345,15.5655150757458,0.118540307189658,0.088518414767818
39.5494525824964,21.4834978408421,5.56702059512152,15.3862979883265,0.044011490818698,0.0360195056720406
40.6113918398041,21.2568476850375,6.30719986715554,15.8205636028551,0.0824241336418808,0.158276767317907
40.7192145757189,20.721188280133,6.73363540444865,15.8158846863189,0.231396058307962,0.0493095683998483
41.455515562522,21.0645015583806,6.81699024766354,16.1658298144623,0.124052023889617,0.255539494143237
40.3889352112083,21.7102552298187,5.72887596237474,15.7657137124775,0.331809959835526,0.177878508099933
41.1010353783747,22.1988547520214,5.94131139848744,15.9055024171913,0.0320745229996078,0.208969125259836
41.6161641737798,23.254382329279,5.14105826329149,16.3895300132136,0.0700500031758029,0.224301050217414
41.9689486351127,22.0106297333094,6.4008343045218,16.2511768003573,0.173993454173877,0.39090001553275
46.5627214043445,23.266006407359,5.03177692225314,19.366862695882,0.190989326860598,0.0605348684959362
42.761765329266,20.5568570213465,7.5053576407181,17.3911613283738,0.129856643439946,0.0518414972959559
43.2589457293169,19.5446837710821,7.55721457065958,17.8186560932167,0.460902589500143,0.0168746682158356
45.3119597933009,19.0276606541242,7.61389780534146,18.5476718128723,0.751366361762381,0.411218775661108
41.8351488144026,19.2775918170948,7.60936135425717,17.0795757054814,0.125798616599876,0.107602377543172
41.2097762835549,20.2964420634139,6.96925318257348,16.1775491186135,0.133663538285033,0.0454680737600701
42.3140934273363,19.5714781026664,7.50090904205945,17.3880639209803,0.351888144460924,0.03924155331578
42.0663734099463,19.0352695073554,7.85902231022899,17.2168200945995,0.0738054465459026,0.099212589597413
42.5061007521282,19.8473175877172,7.47012654487167,17.4664490808246,0.291448180071197,0.0264623674370335
41.6278929302108,20.1611484794937,7.16034762611101,16.6036651217566,0.0476832210114581,0.0466614038821878
41.4364888454074,18.7039586863966,7.94904908652803,16.5290879163047,0.603378011199744,0.583181317201653
41.0868733574454,19.020120134297,7.45847908674196,15.9829915444172,0.359222028957735,0.583999442058392
39.3437896469232,15.6943891239871,0.66313901046474,5.4429409472029,0.800001965684766,0.692071973436802
38.7826387577708,15.8797699438935,-0.529159363764199,5.34672462103471,1.13993595422302,0.284476208671037
38.1251697786453,15.8036931052489,-1.50157132904232,5.40861878363398,1.09580984264159,0.210435610208708
38.7967986670406,15.3222235253926,-0.35072009194604,4.88502741350309,0.698371315565929,0.358454491852399
39.4224859741238,15.1408111787162,1.4263361626379,5.09545382694347,0.276325939627662,0.872262521232817
38.9436047154733,15.6171631129973,-0.230104984235937,5.09958494027937,0.904867059600859,0.407585873961546
39.9504863215174,15.5975138642003,2.43744702114491,6.48787126496227,0.215981174893584,1.05147829917034
42.471000625027,17.6889543285823,8.13350852648056,16.9317549014682,0.906269523645241,0.249263333894303
42.1578053483798,18.3057739315802,8.04175332683366,16.8608166523678,0.652992284340082,0.22176221731312
42.6357764325502,18.4902306451595,8.11440573679968,17.3793265694275,0.351338213431163,0.137997551530821
42.5514172171902,16.991031936173,8.21680544795147,16.837839601814,1.21926865741923,0.374981045435109
44.0490065656746,17.7559799834792,8.66868506563501,17.9264801253393,0.266081133841102,0.313652062079895
46.3375070058002,17.613904400849,8.97866221264784,19.6627608996885,0.309208142042592,0.0880238412752706
45.1623371446864,13.0435920520727,11.9221416536255,17.8752601730531,0.322483375654533,0.295696556341986
49.0024373103903,15.9672573306005,11.135046184462,21.4809563967371,0.340239188279188,0.392291020316528
51.471060081028,19.135724192382,8.53161876420196,23.1159554456569,0.588259974449281,0.601822241001909
47.1624577607774,17.0597150276365,9.71740147607499,20.209062735337,0.279922913987516,0.0586444108523154
47.4406616778389,17.4628101435991,9.19097944734708,20.1847427489431,0.428916902884357,0.229975990285385
54.5667501532207,16.9935471884595,9.33661671487527,23.8294604382514,0.303531333320382,0.516733629848815
53.9668296620555,12.2737966105431,4.25338613715331,10.9724089032891,1.9403562050357,6.58705464133448
48.9849039051053,14.0130211662633,11.4865781729413,20.9466108411469,0.0698767284592947,0.765748816037282
42.7601794863841,14.4747653759231,10.7836202139568,17.5068402598826,1.33393465481664,1.45120440567809
42.064137317243,13.8877131620399,10.5585946843339,15.3106456736685,1.47806502947948,1.54895239585128
42.6054995867006,13.0921126193884,12.6052260048039,16.7222270528949,2.00389695902662,2.03104180204371
40.3306999382242,14.804092098324,4.56968098481787,7.10498127256978,0.535575879895345,1.21967065858477
40.9959292533194,14.4347435134119,6.85660044467913,10.0829335901208,0.688975769402283,0.381185372787989
41.3132447600723,14.1692010905946,8.0386455677479,11.6917649154669,0.776273844249338,0.268258731714473
39.5610309559288,15.4853202523997,1.43891515714946,5.45681916677704,0.441879691843123,0.990692475810848
42.1109020244731,13.0482979829098,11.7916233764452,15.2710371340219,1.87553642302458,2.07495354387748
41.7361012134994,12.1348494704765,11.2464181234494,12.7971512232482,1.71719080316493,1.52985388551315
40.6090321239017,10.3283214561911,1.8699102267017,8.58972164902526,1.29578391772189,0.2084658966421
41.7182924354931,11.7721059255833,10.0953114897512,12.086036127661,0.932248966351852,1.041835671341
42.2480368374892,11.3529279754538,7.43450657980999,9.09416880091697,1.28084449107804,1.91987475701685
42.4241011668711,11.2687370599722,6.94366627404707,8.9599414787855,1.62167640354283,1.91936076452122
42.5140195745247,11.6306011626261,11.041895847132,10.5653560481871,0.969581952509478,0.391685618481963
42.6856779293366,11.5261339227105,9.70578207512215,11.5261466324785,0.289559565396867,0.679092603482386
42.5207110627169,11.5274416422837,10.2203064034712,10.0964364597209,0.902803839407417,0.622391732847824
42.4626718279101,11.6679229222362,11.2159390157666,10.0960077554372,0.818575864925478,1.27511826062497
42.6288092179472,11.6916181111905,10.9858069360501,12.4052557854441,0.798101104003584,1.39498757654716
42.5872012245588,11.6233997146478,10.934915109126,11.5141770026858,1.1150079830197,0.868112388542436
42.4830180033688,11.5812102957118,10.761497373818,9.77238694025962,1.07190686025193,1.19664143154538
42.8081837919012,11.8979152249177,11.1741716868256,14.01635634964,0.69581856646244,1.39384524449184
43.1759222970163,12.213839601962,11.4376949216713,15.3999611020669,0.677751125114988,0.775990336980404
42.9665786055015,11.5476024352355,8.9725253713552,12.1875503180969,0.704112663598013,0.355733730031552
42.6689449918069,11.3989121927117,8.46300980443593,10.4022176029725,0.700666849351382,0.726591324088504
42.0609883421373,9.63602110540691,2.74212867664174,7.58210644979044,0.936768350945945,2.4830022872166
38.8050537373433,8.97076347801371,-0.381860700339844,6.17805363087484,0.126857080480744,0.298940752053571
39.1691701008096,8.55702830285011,0.392298727446641,6.25153488589592,0.819252547978581,0.330629844871761
44.0678252443978,5.9997775591483,3.75407125717839,7.74146710958134,1.19545945858131,2.41711324325441
78.4082204349851,12.5652269197383,14.7539042182953,35.0106983453335,0.275351078429672,0.489389276802172
77.9649080091801,11.6139260524589,14.7843479658505,34.5033055126076,0.539742864854888,0.589262402743773
77.3464979763894,8.29705054901005,16.0806647356792,35.0739743114035,0.516309208063861,1.51436396852857
92.819179579734,11.9819509342832,6.26269919492585,27.0441744370256,1.25443598749358,3.85306523749108
94.7535623420617,17.3368148196525,5.06132916978439,22.5633677363399,1.19355098134871,0.508478189660952
97.4500032986664,15.8383642676766,2.76902645572309,-0.681778118984962,2.42237312587369,2.70084957823838
97.4513298616071,17.0134881915415,2.83516228731166,-2.49323534572885,0.267171268361622,0.360441481136653
97.8381067097829,17.1889583424768,3.01531981857383,-2.99011095192161,0.505199458242538,0.493916244593099
100.120915069216,17.6056664988201,3.21591397062644,-0.247016907339558,0.181027700093844,0.685503850857287
96.7188651137244,18.0531601698493,3.59230437326981,4.52673389416741,0.0520893282656739,1.7204965702553
99.3986832609799,18.7997403449672,3.11889858018957,-0.493667660909181,0.809331332649668,1.82943428211775
95.6055015225085,18.1035492828913,3.48828409756457,18.3721420405447,0.212040545088571,1.0786605048834
94.6092303805404,16.4013908825534,4.2458262691725,23.6167033157074,0.693321446187606,0.6618886190693
96.418947146251,17.4570512106973,2.37494090965027,8.12945829765461,0.292527662553662,0.899621537499318
95.0118691357585,18.1689466501013,5.12842527990275,19.8940736571919,1.3909838357619,0.778471076110339
94.3682260473944,17.9016543995476,5.73899950461294,24.1102440495005,1.94055120731059,0.391168215040265
93.8315243078256,19.4669921757208,5.57847247491693,29.3484011208882,0.460621889828676,1.34434840127684
94.7231586120112,18.8203997250938,6.21982296136423,21.1449917600865,1.9461017503301,0.389793611186579
95.1926913020641,19.7943452009339,2.68614550750849,19.1002559811424,0.212545169864529,0.173577066458081
93.6725113934749,19.0623912510422,7.71103519276545,30.1855594813099,2.21586255598205,1.39091353047369
94.3397207974064,19.5695441006253,4.60580821833489,27.3035710272067,0.170930306934394,1.70993110631505
85.5263151084093,20.2130499384722,13.3454807344706,37.6619539434777,0.282464488773631,3.23154469154421
94.7712901446394,20.0265933212106,3.22480142416234,22.6119126584232,0.129679112128501,0.098066628725575
95.0301321878113,19.9524691516947,3.01866747275809,20.6380523300838,0.157871875006996,0.241825512740102
95.0919800866035,20.3348147711577,1.5376315191215,20.0405871315233,0.171137966318093,0.373722545646377
95.1906952136579,20.1586010719636,1.95435405399455,19.5135842387636,0.198859905036452,0.200025666672842
95.5948378118023,20.9338638301156,-0.514409594921727,16.6576780806074,0.430944176594742,0.154166402677851
95.8243044812522,19.8832931227148,0.0874353275759741,13.7222409371713,1.20537832330717,0.248632018669223
94.9686100573821,20.8132829877551,0.735577350101085,20.1736739402759,0.664714583851783,0.484678682034629
95.5835613345727,20.4683701686976,-1.26252688956208,17.7002618254582,0.6411644944477,0.726891762736691
95.8445862119186,20.889429704428,-0.458734535192253,13.6247949426798,0.417670827602986,0.416898777468824
95.9039430683634,20.3446900340464,-1.61652961170671,13.6318621287817,0.657796282920417,0.701843012016649
94.2551496182935,20.5528168609639,1.97057094849061,23.897068293056,0.127721901504712,0.590785390079325
93.4584873773809,20.9835678819966,2.52407007781415,26.6909197111133,0.634150700185297,0.446866231903718
95.3430344310631,21.1640314858501,-0.0933569785662398,18.0240516093702,1.04362040081156,0.174452401589894
95.0081141169499,21.0510336900611,0.319435898586163,19.6655765997342,0.914811516053711,0.439896293687623
95.6489679404007,22.0532088024721,-1.81133240609573,15.6206325685837,0.283828023888497,2.12953143798303
95.6431280306745,21.6443642748904,-0.984728443375948,15.4078268448723,0.471572184694729,1.09291760751988
95.9791716635354,22.0168506013038,-1.70733673277732,10.8659521798757,0.583596895980214,0.135967552089876
96.3952718224881,21.8424369449691,-0.980057404542242,4.47492297183065,0.38985734806701,2.69821503974795
96.3969976758629,22.3300875305731,-1.43842443807274,4.9568948916816,0.20338437584002,2.51772129633241
96.4844316881362,22.0246209249519,-1.23874230456141,3.52704065367276,0.453683886056543,2.99675069922019
95.1742373815495,21.9253192287263,-1.12438698643629,18.839097666671,0.639393587842704,1.42611206749802
95.876477854403,22.1467977799079,-1.84580222512302,12.675174461286,0.537704053201314,1.19113944390439
95.9173074061697,22.6636970447138,-1.44172403312443,12.0005297330361,0.602610971985856,1.19729131018762
96.0173728114283,21.6978634635063,-1.00105434087718,9.99433023533278,0.116451263470405,0.781258983120752
96.1422167394927,21.9988809586279,-1.5179181725032,8.13896883935051,0.572600751002643,1.27504606632322
92.1215889870512,22.407318807713,6.52296952196142,34.8355635754844,1.36145572302144,1.19262714356784
93.6610370471398,22.5033180434666,-0.404766214998168,26.0010891915592,0.7103710602311,0.118556790591676
95.1458085632166,22.4124363703143,-1.82901827618754,18.6795323409806,0.147465495345081,1.92432075607964
86.7709615538039,23.4564396866763,12.6954356302426,37.3567268734416,0.681242593154233,2.23169036400936
88.6656238315162,22.8097087010858,13.1090370990508,38.0046837235769,0.486533945399795,0.886352843171926
89.4969938946172,22.7729603795151,12.8246135304871,38.0206442265166,0.175987815680655,0.399082789233527
91.0209743782319,23.1737362576981,10.4979014114897,37.4250704009676,0.768162476805751,0.563771077842129
91.7086414969095,22.4689193771733,8.29670902232913,36.1841626652478,1.49966122606093,1.35323193888072
91.5862858614411,22.7865267715754,9.01266441382317,36.6500135450355,1.34080983141315,1.0836341902167
92.0879649002851,24.5216440731292,8.22413098518568,34.5360762171272,0.205433259427213,0.309827974589203
90.5091906962858,23.6177700400408,11.1760827208888,37.9681498536428,0.306966249338163,0.506860662700239
91.4284437750645,23.9732304719179,9.58151451029857,36.3760725687224,1.02222826197334,0.0815083924278968
90.1372196170174,25.2623269112908,11.5039387879729,36.3183317784923,0.00989855277113959,0.07654912613259
91.6009234430741,24.3439490080136,8.54872372675279,35.7555589504516,0.242239773353596,0.0352442541211247
91.9445681693989,25.1947609247146,11.2111877073063,34.1908676185301,0.446119234261592,0.454483146851122
91.347449246238,24.2112481261968,9.4066244472819,36.3852621415418,0.384238840913876,0.051916243355978
91.7858214225947,24.2257039125589,8.24417617839372,35.6709455307128,0.168416554367252,0.151105938499888
92.5892789116826,24.2503708655752,6.09182548595755,33.8027622859063,0.096473591935586,0.0477634727003516
92.8040041990501,23.6930126725649,5.2171450333466,33.2915877176066,0.34629790397726,0.125350578892238
93.5805322874868,24.3142051665135,2.12969055580299,27.3472281472055,0.929292749696746,0.846464271008379
92.8061834459308,24.7225655243516,7.12451135133243,32.7192603865273,0.804984960589004,0.0417138760500637
94.3827711298865,24.5758943881597,0.284930099294172,22.650298285562,0.224213103435933,0.168090940270644
96.9336452256739,25.2015827510812,-2.38799469525754,3.43924390578173,0.659445650451853,1.21047219416534
96.1777631966894,24.2432313589106,-2.37863875737833,9.07629350560869,1.27308048543734,0.783607851408422
93.0486765133308,23.7081626413308,4.31818535112579,32.180956858786,0.119157283734114,0.281734890498537
95.8481972983477,24.0117507417586,-1.98552596100471,12.167526260066,1.10418549143275,0.374527778931478
92.6211528327065,23.8493082000594,5.70200789411209,33.8863744104404,0.204914012279956,0.0639001596091189
92.4231257855466,22.6124775370838,5.56139347918326,34.0867294771778,1.17918366305551,0.958377669600052
93.4469169338081,23.5099230304523,3.49415043493743,29.8054013020523,0.771220230451191,0.879349735865536
92.758938129127,23.2899153925623,5.65128218689261,33.8857137655881,1.14700451216756,0.666947544964355
92.1971538611536,23.1291447834447,7.42806636519484,35.5570908567618,1.30664924000571,0.831364776335755
93.1585316913043,23.1664813514682,3.76412487629408,31.8890743405948,0.88377519798401,1.26856277564724
96.2588142209147,22.6539042604773,-1.24219123187768,7.5440395611871,0.754214806525384,1.00846898688015
99.7873178789051,24.001429760193,-1.52254357784248,-7.46892998650008,0.140637016066537,0.0257627762903159
99.4368016456622,24.1475698981238,-1.94032186320532,-6.66057780189985,0.185424826741533,0.393982670962943
99.1941038895471,23.696924955866,-2.64615175296786,-5.37661677136594,0.0167768482570328,0.490802435583756
98.8544422177756,23.3396076128987,-2.7609069428518,-4.36455895051924,0.0416385056399389,0.496849269535624
98.987041030512,23.7665277456771,-2.8716530482494,-4.93972340508959,0.0144119452676694,0.555948805562839
99.7406900793376,24.7346567025814,-0.582304605847067,-8.81037489404672,0.514179172320439,0.0185656558076777
98.345816658656,24.6713754225015,-4.7517429638211,-4.88105099169801,0.361135943615346,0.28437993907189
98.8112719436996,24.3162529755893,-3.5033403725532,-5.9257691553917,0.0129135675180095,0.0427433295241307
98.3155970242862,24.3744054035242,-4.66851754989492,-4.31687636595959,0.502994182928951,0.22104415433883
98.4336466503579,24.5723124107249,-4.58718368463669,-5.16974055251731,0.323764609593194,0.124097052561532
98.7618638131618,24.8048510606331,-3.56121097133519,-7.14317630524322,0.234187109644376,0.238015545032307
98.4734888049579,25.0516808300207,-4.31074198919796,-6.27112811080234,0.222432643825122,0.0226651863335096
97.8065339291341,24.7694901506782,-4.96491235363495,-2.38476334387863,0.487449591901819,0.0686000976774044
98.0423587520268,24.7671500272608,-5.05597789886551,-3.5127334109487,0.550426647756148,0.336935172455887
98.0052217733982,25.1077261230665,-4.52925378551072,-3.59574342784481,0.494949586852713,0.121009968529691
98.7667561359682,25.0662428821078,-3.48139088608854,-7.78134817704244,0.11098111445766,0.29046693407381
99.0709953707139,25.0193233812776,-2.51383698164835,-8.71637316429164,0.401909157014053,0.29378147990446
99.8679327425764,24.6286814131744,-0.39488752134464,-8.70753258025423,0.471598298836821,0.00960990144610468
99.5667418375765,24.3474753106516,-1.40678861124648,-7.43069330969424,0.3367786999188,0.26614538759769
100.514885881798,24.8755110405253,0.54250399198072,-9.56311380858351,0.0854007163435201,0.0627069136236916
100.879763995992,24.4983123473838,0.332925562946857,-9.5100499420475,0.0857237045924113,0.212612674475125
101.004559841823,24.5803210620041,0.471561327304427,-9.65414402789316,0.188639942584219,0.209843203992825
101.218781100787,24.8310770070368,1.15673190178174,-9.99078866181436,0.0397181284322426,0.173464531903618
101.03098135644,25.0561473434363,1.43654144082658,-10.1061216261271,0.0099504789160985,0.11388331105384
101.036729588523,24.6981982015164,0.664447092293542,-9.74210240344452,0.190548672283372,0.207860662605232
101.503653737609,24.9605426029734,1.89490718872943,-10.3368809756179,0.0932014720120227,0.179470703549872
101.343118773927,24.8462377482276,1.33812803201874,-10.1389688857595,0.0268581818227839,0.123377227170092
101.515169045712,25.06204026107,2.24985062900078,-10.3957644454564,0.179610939849729,0.2476237918936
102.06230900643,25.0974451624796,2.89818024332066,-10.940877927269,0.274808760269206,0.43080001182188
101.723214449359,24.9425493368321,1.97247938264433,-10.4574008220424,0.181772700609092,0.373932216835168
101.39499655282,24.7601727827959,1.12893738787071,-10.1395448613055,0.172161242968399,0.135707174645229
101.606953232882,24.7228931594145,1.27640336143176,-10.2918190999084,0.221791982914235,0.250116146907336
102.338250008016,24.805964591168,2.6264687313452,-10.9555490684032,0.36162105524864,0.102906768076928
101.420070564519,24.0597933911208,0.766985056261457,-9.87031598273636,0.418696644710247,0.096111417438261
101.809221919527,24.0646204487224,1.29143495228939,-9.91660894793356,0.264005720646011,0.077036245428365
101.672737737664,24.3618230588811,1.07576555791426,-10.1801978656057,0.0730617991598279,0.192971095101528
102.209862729645,24.6152041920898,2.07529627128039,-10.5010353652498,0.400181720893615,0.208735308832565
100.143379947324,24.4227129422298,-0.304736223155398,-8.80553322022697,0.251340958127294,0.106229204253056
100.715908632999,24.2554921355063,0.0398653123528664,-9.27884604200344,0.161032492261452,0.0939507288676796
100.889351410048,24.3563279137984,0.259342675879033,-9.46744040063462,0.0650205805518305,0.195689391285394
99.5877918038191,23.6524124096123,-2.25105391188386,-6.53768900817677,0.0451991102399595,0.0840384135970562
100.054342103171,23.7177674582207,-1.58111583229421,-7.86197759855883,0.0389550244466231,0.260878561851134
100.361542986299,23.4689282697802,-1.59447806736178,-8.21723261908664,0.223453621831455,0.31867362589351
100.624922586019,23.5981374285346,-1.06468885465706,-8.71049138724227,0.0971076564190288,0.201812556563212
101.916914588589,23.5785584704802,1.46044926330983,-9.16461305232964,0.165688790214749,0.32324794726422
101.975815488362,23.701804164461,1.45985227795492,-9.18777320395808,0.0299763592147466,0.114994236548338
101.733944095349,23.425541923046,1.04809800480751,-9.18985735861793,0.156820428465535,0.391671967890334
101.384011426867,23.3825442096184,-0.164924930262123,-9.1095809218158,0.324932398706865,0.0699139559809206
101.560963519753,22.8874245883662,1.33731132251274,-7.27331640519959,0.248859088296309,0.0795902466549933
101.800348300101,23.3429384921,1.32013569053504,-8.82082446921403,0.0763029792335739,0.43558505264195
103.559621997545,23.0463978936472,4.96227128925639,-3.16893284019066,0.0136732684446974,0.15336565461637
101.048138816667,22.451828916707,1.08611385702731,-6.17778287410967,0.0507702019847056,0.188108539732021
101.060760458662,22.7251699967334,0.0794535850309198,-7.15188686242976,0.411197809075478,0.10250515458067
101.088368406142,23.1085008036641,-0.870169241550188,-8.45607244583266,0.697652203926592,0.0869422201733984
101.151058887478,23.2287189504749,-0.761678011534056,-8.73430595414859,0.562726001150408,0.0595932350286775
101.334044066401,23.2642281293847,-0.300021003921637,-8.81283482727853,0.471836487033452,0.076797448044133
100.087994959921,23.5199008683443,-1.83492158838024,-7.76337229217219,0.16719444275003,0.322476242396419
99.8513868142646,23.3030009300144,-2.16393055379423,-7.0134652797784,0.126517261115735,0.252230858780238
99.4173805422716,23.4227730591792,-2.50803003631541,-5.88010362215695,0.091157000049098,0.175528220816794
100.837838772697,23.3350043311808,-1.21044343076604,-8.71043353748792,0.404029451522959,0.200440493210347
99.3201686652218,22.9982049431156,-2.24621905245397,-5.335917111517,0.163340233395622,0.375564208984286
100.002182268392,22.5159992913149,-0.956239303211349,-6.23670253218691,0.528978857267975,0.0518758514461989
100.847165020732,22.900829127468,-1.05203505717388,-7.90772893799834,0.67492884500337,0.230091813022314
100.48007639941,22.7130079030287,-0.907443272616066,-7.31252527377487,0.105603406268279,0.407961868558215
97.7439743067786,21.0509342390122,0.309201362044029,-1.66439113405098,0.245813183176347,0.564811021920115
97.3251924233351,20.9059693838381,0.409058497805077,-0.90319793896885,0.333189984195282,0.183670213051395
96.2198141426572,20.6652405282163,-0.52615626398799,7.40184971178287,0.334380215631692,0.811273855624103
100.526076638402,21.9655963217406,0.921152838666198,-4.85704024358051,0.0491202539951431,0.359597397064637
99.4261814468379,22.3077368759621,-1.16332547001158,-4.8438312000482,0.465576725182188,0.712085048353645
100.126334470563,22.0659485268291,-0.0984190996522195,-5.34693481772073,0.0220121414934904,0.123102751251642
100.507053331396,21.5925972268243,1.49632838195233,-3.72867447934927,0.159652401400104,0.737427687872293
101.770694794596,21.7004270753253,4.20460024823437,-3.94281896014166,0.404982449416324,0.185714764220554
101.358727194204,22.0887183188783,2.77115979693048,-4.96310894191496,0.147842071792998,0.0647529336485982
100.182094961547,21.6384016822503,0.771282211889712,-4.0006882684275,0.23776099366358,0.661765989920555
101.226994475016,21.6141346720367,3.03009734981545,-3.85442963164834,0.118222410415979,0.147574694331139
101.11989145934,21.8696530543814,2.49591284180505,-4.44813879466844,0.10378878990001,0.168818939660027
102.271253664225,19.9135205386082,4.68993021228763,-1.89380123963549,0.61097026558011,0.425385301269656
103.072820517047,21.9557173767397,5.64680701534293,-3.9296603065341,0.326226597435867,0.499135674162743
103.742073043025,21.2800029148159,5.66044405799992,-3.77303623143915,0.177343611817661,0.256112428994595
105.364914191323,21.3837456511113,5.38335102259575,-3.20229425139836,0.122903128247702,0.142723771851874
104.00062214881,21.0901978088636,5.45851563785391,-3.66933391448064,0.321093818021447,0.0674976321514733
106.665706477363,20.5624427256671,5.45583071192577,-2.48176997227931,0.217349586292006,0.278105555518406
108.803213884171,18.9040090215612,4.6009856399065,-1.7199222720499,0.0383277426110226,0.0802795225453109
105.721685942615,20.9824233392683,5.34048989918367,-3.22182398802978,0.143309246121244,0.447972428758608
104.99555909042,20.3770445337993,5.76967849694922,-3.45223934997341,0.553413843462808,0.472021943538507
105.380370599651,20.8523387427089,5.5598965899124,-3.4292017744022,0.113593224238209,0.461069413593343
105.807083107642,21.2377814924341,5.19335869670896,-3.07770921012528,0.286184897115767,0.318970255154868
104.906661628576,21.4575447423608,5.65272825979669,-3.37011278364704,0.0921726983370827,0.0985621193318946
105.628204189548,21.836270574915,5.32063763567704,-2.72532217786583,0.0650772489521064,0.115081449840054
105.168616336843,21.1984710330441,5.4818833017898,-3.393294729982,0.0694257696194398,0.220347592570784
105.6167864353,21.4172055047813,5.24474809425515,-3.09564182560262,0.208579559920766,0.196824229733886
105.269708158379,21.5751665378201,5.48482218019252,-3.09416861833851,0.0612936080630076,0.0237560432429846
106.448133652112,21.9012825641715,4.98843550001464,-2.43667456992863,0.380027802996532,0.035517241443989
107.212260122575,22.5816961539594,5.32074114833892,-2.13518279726542,0.042510729376431,0.105831227915911
105.367508953329,21.7594251547476,5.48301147640013,-2.88439550633421,0.131552627856161,0.0930008322432211
103.512676416584,21.5620976240194,5.91653923866614,-3.7475433278749,0.24993612203746,0.332499416782223
103.998392076175,21.3027335379561,5.69894483312735,-3.75476270133974,0.116518524899687,0.0768300455996925
104.124413910393,21.4914741187462,5.97479697297695,-3.70697122239874,0.259844350471623,0.193493949767159
102.991943983218,21.4581613404215,5.61524759158172,-3.64913337142564,0.324436201798677,0.35010157171831
101.92957651961,21.5003045808557,4.52986099003079,-3.53572944099079,0.448973415814625,0.0967321028842563
103.287481539038,22.1940002365137,5.55391547765343,-3.90683229801927,0.168044066587315,0.508735844822642
102.259474980872,23.2787800846775,3.01043164643111,-6.82306363400279,0.191778551704929,0.136357347624851
102.283965829085,23.1016106397808,3.38786626518895,-6.17816767324823,0.21719109339145,0.133122917870256
102.033084234398,22.9179314077975,2.97981765579506,-6.42339927352486,0.126794093721744,0.229172633353862
102.408640232806,23.4241199944914,3.14637877745181,-6.61601200433875,0.126477635219436,0.0263463676632312
102.96846648373,23.6014404172724,4.14368567123823,-4.54365580384925,0.131553790611312,0.344773731892095
102.544804263659,23.0908323313585,4.0052840381788,-5.22987188947007,0.240118266476983,0.0476382818079295
102.748728996243,23.2724331470384,4.18441590664159,-4.80560828885984,0.273638915966062,0.264642373119561
102.769162075789,24.0439157619087,3.36059488868385,-6.78645416481323,0.185802374451338,0.0298944418938533
103.997417885765,24.1754990374179,5.02836364854172,-2.65495854828524,0.250211963102476,0.30592690146183
102.183190813953,23.8788326929623,1.68716805550637,-8.84944665775521,0.385315732776994,0.243295739079436
102.59195859656,24.3838814077539,3.0351159972797,-9.11843661898344,0.165482542290181,0.230915227462758
102.43725779507,23.6472298474861,2.68866730552174,-7.25642968792325,0.240113057890421,0.0514613571872475
102.804156691669,24.1716204094101,3.48427276226026,-7.01517791385389,0.145307481469581,0.0211204716594162
102.183313452436,24.1080231285171,1.76078893198408,-9.29692206670875,0.274508809966075,0.405160214421986
102.441246315838,24.2020233949599,2.41344945983575,-9.0549378396269,0.325477265266222,0.0466081710223794
102.565360521184,24.162292018033,2.74969494853951,-8.51129080603653,0.303375178837497,0.26372292898586
102.628572737633,23.9857939794058,2.88434005812834,-7.53025811524434,0.366562288342896,0.246186888581411
102.616705020316,24.703102440573,3.3032394155152,-10.3537244830406,0.155861869569518,0.593911134299147
102.680889638454,25.0533412448589,3.71888457212839,-11.2206604644382,0.318480888868892,0.810065767060837
102.819923493696,24.9271020927564,3.89816847958177,-10.1807318506495,0.207333504915351,0.859278373794093
102.90171692589,24.6407804163632,4.18100607939523,-8.05785550074972,0.251874354305511,0.2340440621101
102.826762437085,24.5301184497756,3.92185934906632,-8.24224952459525,0.171954858251875,0.223377004545302
103.29536622047,24.8491469931623,4.68253090460097,-4.93891133681316,0.14750383037283,0.544880613148982
102.718736642292,24.3339011396762,3.3685262012543,-8.2399242840571,0.111473366881126,0.190033423601693
102.949574814337,24.2492955501467,4.01079149133482,-6.1875870777212,0.141450070948699,0.219733244329698
103.052397711609,24.1967058386386,4.22892712920919,-5.33940963668827,0.227940385907122,0.335698742062227
103.311469730459,24.1658184782005,4.65497785577633,-4.06295894652147,0.376331877077003,0.277622250706308
103.516283165319,24.2439524736754,4.88576293191001,-3.48640783086214,0.426812552395487,0.258504908945533
106.917389968454,25.246664492224,5.80230642337483,-2.23333906614179,0.0629073809289205,0.180600587995079
104.885543320038,24.9864807144923,5.69895768222705,-2.53142677876672,0.0711033737989837,0.0323710605574994
106.580973865225,24.5298892213989,5.88467047546825,-2.23831708913431,0.189318378557121,0.132511245288671
107.01881559567,24.1443178113705,5.96065838302561,-2.08773181953432,0.354731753282868,0.127463429781577
107.501932574086,24.3994305559166,5.93497530504432,-1.94673709287166,0.284966406732208,0.071645157995034
107.952094515495,22.5403989290811,5.34975911702388,-1.91174343709215,0.0597724680567074,0.0374459829229196
103.448581563668,23.6567820443725,4.73504924729602,-3.31798127321729,0.290649202262682,0.34842153456553
105.410594206452,23.3627663287665,5.19567346279273,-2.2033997830028,0.225096574245909,0.209504239473458
103.125953253035,23.1546836782328,4.75666716780809,-3.72215185637148,0.25175629559207,0.285699260949833
103.452588437204,23.22848809461,4.93202569514017,-3.24485913539451,0.24820956137163,0.244703723933169
103.822667690677,22.4187028390328,5.27788620187513,-3.24774839694951,0.240175497980983,0.0402247070643677
104.112275236266,22.5047744943706,5.17059158503573,-2.9014908295544,0.33865769268497,0.201254447519614
108.504728699695,23.2489602620882,5.55837618945887,-1.68410287609983,0.109678862362677,0.095992779423671
107.887355813269,23.5477867914681,5.78864562263188,-1.84013210844088,0.289801786750218,0.0320092844955703
108.73338192729,22.6546631907847,5.36221041782565,-1.66604489846254,0.0348834664964512,0.0909430440581031
110.334871679584,22.7523404075884,5.33822353919324,-1.71315022920623,0.211362581141675,0.0429816087508139
112.952989371741,22.8183657904819,5.50385745240381,-1.98732359368348,0.0506169645341652,0.0725956477985997
111.961186383625,22.2577712326526,5.47339606633585,-1.90110019282919,0.0426510584781045,0.0365351938295726
113.204899468258,23.0667687398343,5.51354296450553,-1.99831215835856,0.0144621826731708,0.102172992216708
113.109377919934,22.6633602944775,5.53103516320365,-1.98060217624391,0.0451096918123041,0.110011798861411
112.798856933625,23.3287610077739,5.53297144439574,-1.99372927608322,0.0258201049526854,0.080998964798955
112.078350354611,24.5178561834243,5.79434873836253,-1.77245497420965,0.152571663850055,0.14646494730383
111.160748915977,23.5069338822243,5.53519621155387,-1.74097560889381,0.0107708131674253,0.0583808180181557
111.107374079302,22.837262297451,5.39077311330071,-1.78667264889464,0.141419577456938,0.0543542585629347
109.588091544737,24.9641795630723,5.51834120768153,-1.5326976973433,0.0832740926613419,0.0827928675139363
108.345466458944,24.3058793948518,5.70610380610849,-1.59366303401856,0.0431505022132057,0.166242570006978
109.653152465963,24.0918941776232,5.50328884077842,-1.57240773612798,0.0920384550586292,0.0802780774540543
110.308106673094,23.7208580266279,5.51950304745684,-1.62247728560607,0.0288654560396116,0.0840082842689384
110.159866433404,24.4809967565092,5.51762445651744,-1.67793981263681,0.0775690439601645,0.048450418754223
112.657032125321,23.8974746073163,5.56580340574938,-1.90674055653081,0.061460951397734,0.0190720214598125
113.426252165189,24.8282432908788,5.823144838096,-1.84943292400172,0.105119775455474,0.137037790153876
111.877310325369,23.3372290960591,5.50932124423059,-1.87910897485019,0.0326468371439006,0.0276134347589163
113.347294958223,23.7749986370525,5.48133374700724,-1.90236533310628,0.0975245285601188,0.0379328744872795
113.800155446223,23.5725405453504,5.43223523029192,-1.73192060770845,0.120067051797884,0.243438333918536
117.683774105489,24.4478701397482,5.5160386653385,-2.10425647004813,0.0658397303313864,0.16044455633783
117.632380713145,23.6382197915118,5.34365441745163,-2.42962982103577,0.0524424029906661,0.030973463528632
116.359641063385,24.7459388126028,5.50397357117779,-1.95163887212203,0.0589111204674058,0.037938632366825
116.147854361686,25.3308159997496,5.49575058048515,-1.97015710981559,0.0983847856230564,0.0387202917180138
118.088972337366,25.4233266964325,5.16790359796468,-2.02361853901403,0.034745727951254,0.0151849446450994
118.386680285408,24.8559182584663,5.07275594391635,-2.29142382590702,0.236843685538237,0.0729260056861521
119.125850102644,25.1762546193626,4.81227447160199,-2.03853874502471,0.0181020243052722,0.0529585745731269
118.869947703644,25.1992687756181,4.91446593116317,-2.15505626844594,0.0111184971824922,0.118647526518721
118.244424642371,24.3173983056152,5.40613752080463,-2.47818197970471,0.109113901212292,0.141638284472805
117.688339500107,23.9601518346244,5.55991909505377,-2.28731214314098,0.194115864906408,0.0806676118847317
118.494249969525,24.6503765072246,5.17949420386453,-2.39899575562227,0.102926347993808,0.142853688137236
117.370082015908,23.9821034399788,5.63778795737376,-1.99179333552049,0.211527449644666,0.311894219021489
115.882436550811,24.0002112578483,5.5589848274125,-2.04432029284049,0.0719868672020803,0.158193111233336
115.763802109286,23.6476273191514,5.57978449219085,-2.04920432693462,0.015364850129772,0.19658540701989
115.479922934097,23.0338693521542,5.52795040280172,-2.02082489557321,0.0732089643768284,0.132529987001744
116.092036185238,23.2368165343667,5.54193326959691,-1.96378086805827,0.109244583217644,0.0445183927679109
117.231811887152,23.469898620559,5.34370510070883,-2.17138477226817,0.0243829629886574,0.193313208516819
114.338330747771,22.6304623163995,5.53877478118369,-1.79429698817791,0.0358318581012364,0.0236252676402252
114.030325895571,22.3030120567828,5.55185020949636,-1.84730515311695,0.0581836157506162,0.0724082740837517
116.454645219593,23.2767591159969,5.46658644689102,-1.92390287747784,0.0742784766715378,0.181802185706066
113.556239144426,22.1632143584512,5.60781138941091,-1.84521377491487,0.0941168444350472,0.060963113822136
114.245176888954,22.3933291140395,5.52759149191303,-1.86074739393177,0.048061626047358,0.0765195933336348
111.79213286477,21.8919409546477,5.52686559531307,-1.88289006447419,0.0593637499935523,0.0499311693990757
111.217300864667,22.4825880138576,5.41329966539892,-1.86427258686633,0.0976425996249877,0.0234259901885792
112.455835767823,21.7042626797425,5.58728717183844,-1.74069553403711,0.180273895515593,0.116473891512632
107.742593701789,21.7347343841552,5.14797221524091,-1.99169915480871,0.179102811207893,0.0846940570777906
109.015653761099,22.4951877070657,5.28430935752917,-1.62168585643793,0.16924295601978,0.110674275777419
110.145461817277,21.2723757651414,5.61539068956357,-1.99304873523441,0.279702136936802,0.218488774862291
110.818025070149,22.0740983549829,5.47180947535638,-1.86966375588622,0.010224939346238,0.0443100928720668
109.109432946283,21.2500462521481,5.37045946149516,-1.65206114671863,0.0452236303715624,0.0953829773444361
108.636042782678,21.5277733881351,5.30504143361551,-1.65511731794886,0.0703266445609617,0.103330933975704
109.454026223693,21.8050517639179,5.45628844128217,-1.70167490708038,0.0471993436237006,0.0403480915784438
109.086942609945,21.5330239021997,5.39395621206924,-1.64671816460767,0.0166262504334686,0.0867819217528071
110.238991927736,20.2561167614879,5.07196796488399,-1.84474590205156,0.0325985907804196,0.0765286539233599
110.20549389298,20.771276872916,5.41217477008602,-2.00556000695076,0.16315877353541,0.229366896170638
110.047829449369,19.920834789917,4.88225663376323,-1.75612611493274,0.0204510122040012,0.0210599188185122
110.952886422003,19.5161054939696,4.52835286019463,-1.55883412177015,0.0765706912010905,0.115492534790392
109.613175172264,18.0637926233498,4.23748797695652,-1.41736840841907,0.156748427825152,0.0550740222170205
108.518930579509,15.6738348270644,4.29819575732288,-1.04495077460209,0.492852417399412,0.142718602815114
99.8243487724169,15.5369900769477,4.91702820048834,-0.418551842533473,0.329151358000127,0.0732832699546099
100.739909546425,13.2402291269046,5.19514849326842,0.00747100564510289,0.25098124862402,0.101469189657752
100.77474831424,13.9668768029928,4.89950764225898,-0.243107304453243,0.321518722797266,0.0474077749415296
106.072919707885,14.3248946660071,4.65134462691884,-0.857620511641394,0.341632401512435,0.282429897079235
98.6076334414885,7.90477586793595,8.22693440765864,4.14084687270454,0.529953887106706,0.240278044819525
98.0639960210459,7.94345493626668,8.0291109164204,4.74904972229708,0.401031232251067,0.18763055726876
102.361507844914,6.17367680910055,6.93809930647413,2.15960290465877,0.1979493294431,0.175287039856773
99.8554847652635,6.08629361282523,7.5582718489103,3.70061135838287,0.276145832277201,0.134615156836405
100.493723199107,6.01412520422413,7.40721921675306,3.20534917990659,0.143604811935402,0.0610912626688705
103.367955185346,5.2697267802066,6.34890107074338,2.26379859927545,0.273968256905761,0.101164738075482
107.075583406276,10.2266185804964,5.87047659597005,1.54968207744488,0.705055038370786,0.837909634149329
114.612858335666,10.9689185602452,3.73343299998561,-1.27302801296102,0.670375746110212,0.73318174794423